Customer Name,Parent Account Name,Account Number,Primary Contact First Name,Primary Contact Last Name,Primary Contact Phone 1,Primary Contact Email 1,Primary Contact Job Title,Primary Service Location Name,Primary Service Location Address 1,Primary Service Location Address 2,Primary Service Location City,Primary Service Location State/Province,Primary Service Location Zip/Postal Code,Secondary Contact First Name,Secondary Contact Last Name,Secondary Contact Phone 1,Secondary Contact Email 1,Secondary Contact Job Title,Secondary Contact Department,Tags,Assigned Contract,Is Taxable,Business Number,Source,PlatCustomerID,,,,,,,,,,,,,,,,,,,,,,,,,,
 Amanda Hooks,,5641,,,8034103916,,,,231 Verniel rd,,Elloree,SC,291047,,,,,,,,,No,,,,,,,,,,,,,,,,,,,,,,,,,,,,,
 Bradon Swatts,,5782,,,8037079021,,,,177 dan keowen dr ,,,SC,,,,,,,,,,No,,,,,,,,,,,,,,,,,,,,,,,,,,,,,
 Deborah W. Bochette,,3957,,,8035360069,,,,,,,,,,,,,,,,,No,,,,,,,,,,,,,,,,,,,,,,,,,,,,,
 Edward Jones,,2178,,,8035345247,,,,1170 Blvd. N.E Suite B,,Orangeburg,SC,,,,,,,,,,No,,,,,,,,,,,,,,,,,,,,,,,,,,,,,
 Harry H Haas,,4313,,,8038543554,,,,111 Santee Cooper Annex,,Santee,SC,29142,,,,,,,,,No,,,,,,,,,,,,,,,,,,,,,,,,,,,,,
 Heather & William Hunter,,1906,,Heather & William Hunter,(803) 854-3322,,,,118 Saluda Dr,,Santee,SC,29142,,,,,,,"#fiberCustomer, #residential",,No,,,,,,,,,,,,,,,,,,,,,,,,,,,,,
 Jett & Tanner Ness,,147,,,,,,,2878 Main Hwy,,,SC,,,,,,,,,,No,,,,,,,,,,,,,,,,,,,,,,,,,,,,,
 Joanna Pindell,,5755,,,8037072955,,,,138 heatleys end rd,,Santee,SC,29115,,,,,,,,,No,,,,,,,,,,,,,,,,,,,,,,,,,,,,,
 Rivers Country Store,,1630,,Rivers Country Store,8038542965,,,,8851 Old Number Six Hwy.,,Santee,SC,29142,,,,,,,,,No,,,,,,,,,,,,,,,,,,,,,,,,,,,,,
 Thomasina Kyler,,8190,Thomasina ,Kyler,(561) 676-7052,Thomasina.k@yahoo.com,,,120 William Clark Boulevard,,Santee,SC,29142,,,,,,,,,Yes,,,,,,,,,,,,,,,,,,,,,,,,,,,,,
 Virginia Willaims,,5445,,,8034964606,,,,919 Vance Road,,Vance,SC,,,,,,,,,,No,,,,,,,,,,,,,,,,,,,,,,,,,,,,,
1058 Grill,,2,,,,,,,1058 russell St,,Orangeburg,SC,29115,,,,,,,,,No,,,,,,,,,,,,,,,,,,,,,,,,,,,,,
161 Elliott Street LLC,,7933,Bill,Bennett,(803) 200-5908,wjames.bennett@gmail.com,,,161 Elliott Street Southeast,,Orangeburg,SC,29115,,,,,,,,,Yes,,,,,,,,,,,,,,,,,,,,,,,,,,,,,
1st Class Auto Transport,,1322,,,8038540088,,,,170 Business Park Dr,,Santee,SC,29142,,,,,,,,,No,,,,,,,,,,,,,,,,,,,,,,,,,,,,,
3G Automation,,8056,Greg,Fanning,(803) 662-4978,,,,7033 Savannah Highway,,Neeses,SC,29107,,,,,,,,,Yes,,,,,,,,,,,,,,,,,,,,,,,,,,,,,
811 Locates,,5945,Heather,Keeter,(704) 221-8934,,,,,,,,,Raysor,Wise,(803) 308-7792,,,,,,Yes,,,,,,,,,,,,,,,,,,,,,,,,,,,,,
A K Jackson,,3135,,,8035350872,,,,1255 Woodbine Dr,,Orangeburg,SC,29115,,,,,,,,,No,,,,,,,,,,,,,,,,,,,,,,,,,,,,,
A L Felder Farms,,5775,,,8038292908,,,,7420 Charleston Hwy,,Orangeburg,SC,,,,,,,,,,No,,,,,,,,,,,,,,,,,,,,,,,,,,,,,
A L Felder Trucking,,1484,Archie,Felder,8038292154,,,,152 Urban Drive,,Bowman,SC,29018,,,,,,,,,No,,,,,,,,,,,,,,,,,,,,,,,,,,,,,
A Nelson Perkins,,1150,,,8038543582,,,,122 Saluda Dr,,Santee,SC,29147,,,,,,,"#fiberCustomer, #residential",,No,,,,,,,,,,,,,,,,,,,,,,,,,,,,,
A Village Home Care,,8100,Loretta ,Green,(803) 928-0198,Avillagehomecarellc@gmail.com,Owner,,1408 Russell Street,,Orangeburg,SC,29115,,,,,,,"#business, #potentialVoIP",,Yes,,VoIP webform,,,,,,,,,,,,,,,,,,,,,,,,,,,
A&A Seafood,,8245,Quantrel,Pringle,(858) 988-9685,aaseafoodshack@gmail.com,,,505 Bass Drive,,Santee,SC,29142,,,,,,,,,Yes,,,,,,,,,,,,,,,,,,,,,,,,,,,,,
A.L. Felder Farms ,,5776,,,,,,, 7420 Charleston Hwy,PO Box 584,Bowman,SC,,,,,,,,,,No,,,,,,,,,,,,,,,,,,,,,,,,,,,,,
AAA Well Drlling Inc.,,6076,Mike,Swearingen,(803) 755-1203,,,,3071 South Carolina 6,,Lexington,SC,29073,,,,,,,,,Yes,,,,,,,,,,,,,,,,,,,,,,,,,,,,,
Aaron & Pamela Chambers,,4728,,,7048701663,,,,111 Santee Cooper Annex,,Santee,SC,29142,,,,,,,,,No,,,,,,,,,,,,,,,,,,,,,,,,,,,,,
Aaron Bryan,,2865,,,8033782733,,,,147 Sweet Maple Dr,,Orangeburg,SC,,,,,,,,,,No,,,,,,,,,,,,,,,,,,,,,,,,,,,,,
Aaron Chavous,,3966,,,8642076023,,,,251 State Park Rd,,Santee,SC,29142,,,,,,,,,No,,,,,,,,,,,,,,,,,,,,,,,,,,,,,
Aaron Giddens,,4380,,,8037207540,,,,7825 C Old Number Six Highway,,Santee,SC,29142,,,,,,,,,No,,,,,,,,,,,,,,,,,,,,,,,,,,,,,
Aaron Kennerly,,3179,,,8035697112,,,,2027 Tee Vee Rd,,Elloree SC,SC,29047,,,,,,,,,No,,,,,,,,,,,,,,,,,,,,,,,,,,,,,
Aaron Peagler,,1834,,,8435631537,,,,640 Cross Creek Rd,,Reevesville,SC,,,,,,,,,,No,,,,,,,,,,,,,,,,,,,,,,,,,,,,,
Aaron Pelzer,,2784,,,8033788770,,,,107 Heavens Rd,,Orangeburg,SC,29115,,,,,,,,,No,,,,,,,,,,,,,,,,,,,,,,,,,,,,,
Aaron Scott,,5916,Aaron,Scott,(843) 701-2306,,,,1035 Park Dr,,Santee,South Carolina,29142-9435,,,,,,,"#fiberCustomer, #residential",,Yes,,,,,,,,,,,,,,,,,,,,,,,,,,,,,
ABC Trucking,,4,Michelle,Tyler,8035344707,,,,326 Tecza Drive,,Orangeburg,SC,29115,,,,,,,,,No,,,,,,,,,,,,,,,,,,,,,,,,,,,,,
Abhilash Deva Rajan,,6317,Abhilash,Rajan,(352) 440-2531,,,,105 Foxberry Court,,Orangeburg,SC,29118,,,,,,,,,Yes,,,,,,,,,,,,,,,,,,,,,,,,,,,,,
Abigail Kernan,,4861,,,8434464552,,,,101-151 Boyscout Camp Road,,Santee,SC,29142,,,,,,,,,No,,,,,,,,,,,,,,,,,,,,,,,,,,,,,
AC Tant,,8138,AC,Tant,(919) 880-3703,,,,16 Andre Michaux Road,,Santee,SC,29142,,,,,,,,,Yes,,,,,,,,,,,,,,,,,,,,,,,,,,,,,
Ace Hardware,,2609,Ace,Hardware,8035349111,,,,1700 Boulevard,,Orangeburg,SC,29115,Linda,Weaver,(803) 837-2477,,,,,,No,,,,,,,,,,,,,,,,,,,,,,,,,,,,,
Aco Distribution & Warehouse,,1193,Randy,Arnold,(843) 250-5193,acowhse@bellsouth.net,,Woodbine, Woodbine Drive,,Orangeburg,SC,29115,Ricky,,(803) 318-0515,,,Woodbine Drive Location,,,No,,,,,,,,,,,,,,,,,,,,,,,,,,,,,
Ad Systems Inc,,3630,,,8035969185,,,,125 Dazzy Circle,,Santee,SC,29142,,,,,,,,,No,,,,,,,,,,,,,,,,,,,,,,,,,,,,,
Ada Pooser,,5,,,,,,,P O Box1648,,Orangeburg,SC,29116,,,,,,,,,No,,,,,,,,,,,,,,,,,,,,,,,,,,,,,
Adadra Williams,,671,,,8038972538,,,,334 Barkley Street,,Elloree,SC,29047,,,,,,,,,No,,,,,,,,,,,,,,,,,,,,,,,,,,,,,
Adam Fogle,,2866,,,8035364805,,,,3419 Shillings Bridge Road,,Cope,SC,29038,,,,,,,,,No,,,,,,,,,,,,,,,,,,,,,,,,,,,,,
Adam Robinson,,3521,,,8037078856,,,,300 Great View Rd,,Neeses,SC,29017,,,,,,,,,No,,,,,,,,,,,,,,,,,,,,,,,,,,,,,
Adam Smith,,886,,,8036646239,,,,121 Prevo Dr,,Santee,SC,29142,,,,,,,,,No,,,,,,,,,,,,,,,,,,,,,,,,,,,,,
Adam Trudeau,,5672,Adam,Trudeau,(843) 460-4802,,,,402 Santee Dr,,Santee,SC,29142,,,,,,,"#fiberCustomer, #residential",,No,,,,,,,,,,,,,,,,,,,,,,,,,,,,,
Adam Williamson ,,4158,Adam,Williamson ,8036713762,,,,451 November Rd ,,Barnwell,SC,,,,,,,,,,No,,,,,,,,,,,,,,,,,,,,,,,,,,,,,
Adam Zorn,,3104,,,8036642401,,,,1380 Main Hwy,,Bamberg,SC,,,,,,,,,,No,,,,,,,,,,,,,,,,,,,,,,,,,,,,,
Adam's Computers,,1303,,,8036646239,,,,210 Business Park Dr,,Santee,SC,29142,,,,,,,,,No,,,,,,,,,,,,,,,,,,,,,,,,,,,,,
Adele Bailey,,4356,,,8035346747,,,,310 Brewton N E,,Orangeburg,SC,29115,,,,,,,,,No,,,,,,,,,,,,,,,,,,,,,,,,,,,,,
Adell Polite ,,4485,Adell,Polite ,(803) 596-7585,,,,412 project rd,,Bowman,SC,2918,,,,,,,,,No,,,,,,,,,,,,,,,,,,,,,,,,,,,,,
Adraine Attipoe,,5685,,,8033088373,,,,191 compton court,,Vance ,SC,,,,,,,,,,No,,,,,,,,,,,,,,,,,,,,,,,,,,,,,
Adrian Almond,,6268,Adrian,Almond,(803) 387-6045,,,,669 Azalea Drive,,Orangeburg,SC,29115,,,,,,,,,Yes,,,,,,,,,,,,,,,,,,,,,,,,,,,,,
Adrian Brown,,425,,,8038543609,,,,292 Rexford ct,,Santee,SC,29142,,,,,,,,,No,,,,,,,,,,,,,,,,,,,,,,,,,,,,,
Adrian Gethers,,6168,Adrian,Gethers,(803) 456-1473,,,,404 Hampton Street,,Elloree,SC,29047,,,,,,,,,Yes,,,,,,,,,,,,,,,,,,,,,,,,,,,,,
Adrian Johnson,,5745,,,8034966104,,,,3251 Tee Vee Road,,Santee,SC,29142,,,,,,,,,No,,,,,,,,,,,,,,,,,,,,,,,,,,,,,
Adrian Lambright,,2341,,,8038543814,,,,821 Antioch Rd,,Santee,SC,29142,,,,,,,,,No,,,,,,,,,,,,,,,,,,,,,,,,,,,,,
Adrianne Walker,,7822,Adrianne,Walker,(803) 682-1750,,,,685 Boulevard Street,,Orangeburg,SC,29115,,,,,,,,,Yes,,,,,,,,,,,,,,,,,,,,,,,,,,,,,
Adriel Rush,,8580,Adriel,Rush,(854) 832-0680,adrielrush60@gmail.com,,,729 Striped Bass Ct,,Santee,SC,29142,,,,,,,,,Yes,,,,,,,,,,,,,,,,,,,,,,,,,,,,,
Adronna Britton,,2758,,,8036827689,,,,150 Mccord Drive,,Santee,SC,29142,,,,,,,,,No,,,,,,,,,,,,,,,,,,,,,,,,,,,,,
Adryenne Richardson,,3377,,,8433710472,,,,302 bim st ,,Holly hill,SC,29059,,,,,,,,,No,,,,,,,,,,,,,,,,,,,,,,,,,,,,,
Advance America Cash Advance Centers,,2918,,,8038540848,,,,707 Bass Dr,,Santee,SC,29142,,,,,,,,,No,,,,,,,,,,,,,,,,,,,,,,,,,,,,,
Advanced Diagnostics Imaging,,2417,Advanced,Diagnostics Imaging,(803) 536-1106,,,,1728 Villagepark Drive,,Orangeburg,SC,29118,,,,,,,,,No,,,,,,,,,,,,,,,,,,,,,,,,,,,,,
Advanced Project Solutions,,4569,,,6082221111,,,,,,,,,,,,,,,,,No,,,,,,,,,,,,,,,,,,,,,,,,,,,,,
Advertizer Herald,,2207,,,8034963242,,,,8516 Old State Rd,,Holly Hill,SC,29059,,,,,,,,,No,,,,,,,,,,,,,,,,,,,,,,,,,,,,,
Aeolain Funderburg,,2078,,,8039719422,,,,565 Mount Olive Rd,,Santee,SC,29142,,,,,,,,,No,,,,,,,,,,,,,,,,,,,,,,,,,,,,,
Aerial Tower Service,,2103,Junita,Shreves,8038744681,aerialtowers@aol.com,,,15 Hillview Road,,St Matthews,SC,29135,,,,,,,,,No,,,,,,,,,,,,,,,,,,,,,,,,,,,,,
Affordable Hearing LLC,,5317,Affordable,Hearing LLC,(803) 749-6017,,,,8835 Old Number 6 Hwy,,Santee,,,,,,,,,,,No,,,,,,,,,,,,,,,,,,,,,,,,,,,,,
AgentOwned Realty Co    ,,1244,,,8038540104,,,,8779 Old Number Six Hwy    ,,Santee,SC,29142,,,,,,,,,No,,,,,,,,,,,,,,,,,,,,,,,,,,,,,
Agnes Morrison,,690,Agnes,Morrison,8435633546,,,,6779 Johnson Ave,,Reevesville,SC,,,,,,,,,,No,,,,,,,,,,,,,,,,,,,,,,,,,,,,,
Agnes S. Wilson,,1772,,,4074961236,,,,48R Andre Micheaux Rd,,Santee,SC,29142,,,,,,,,,No,,,,,,,,,,,,,,,,,,,,,,,,,,,,,
Aiken Stocker,,4788,,,8033088574,,,,954 Woodbind dr,,Orangeburg ,SC,29115,,,,,,,,,No,,,,,,,,,,,,,,,,,,,,,,,,,,,,,
AJ Canale,,1974,,,8038540331,,,,100 Saluda Dr,,Santee,SC,29142,,,,,,,"#fiberCustomer, #residential",,No,,,,,,,,,,,,,,,,,,,,,,,,,,,,,
Akeisha Gidron,,5381,,,8039740673,,,,60 Chimney Swift Cirlce,,Cameron,SC,29030,,,,,,,,,No,,,,,,,,,,,,,,,,,,,,,,,,,,,,,
Akira Hashimoto,,6152,Akira,Hashimoto,(803) 290-6624,,,,1435 Cleckley Boulevard,,Orangeburg,SC,29118,,,,,,,,,Yes,,,,,,,,,,,,,,,,,,,,,,,,,,,,,
Al Berry,,4825,Al,Berry,(803) 682-2789,,,,178 Albee ln,,Neeses,SC,,,,,,,,,,No,,,,,,,,,,,,,,,,,,,,,,,,,,,,,
Al Bilton Ford Inc,,5123,,,8034963150,,,,7621 Old State rd ,,Holly Hill,SC,,,,,,,,,,No,,,,,,,,,,,,,,,,,,,,,,,,,,,,,
Al Breland,,1745,,,8033786992,,,,131 Island Rd,,Santee,SC,29142,,,,,,,,,No,,,,,,,,,,,,,,,,,,,,,,,,,,,,,
Al Duncan,,3283,,,8037479209,,,,363 Tucker Rd,,Eutawville,SC,29048,,,,,,,,,No,,,,,,,,,,,,,,,,,,,,,,,,,,,,,
Alaco Investments ,,4243,Alaco,Investments ,8033473927,,,,450 Bull Swamp Rd,,St Matthews,SC,29135,,,,,,,,,No,,,,,,,,,,,,,,,,,,,,,,,,,,,,,
Alan Carroll,,5630,,,9363339480,,,,510 Ragtime Trail Space #16,,Santee,SC,29142,,,,,,,,,No,,,,,,,,,,,,,,,,,,,,,,,,,,,,,
Alan Hutchinson,,4619,Alan,Hutchinson,6142579235,,,,147 Saluda Dr,,Santee,SC,29142,,,,,,,"#fiberCustomer, #residential",,No,,,,,,,,,,,,,,,,,,,,,,,,,,,,,
Alan Shurtleff,,495,,,8038544990,,,,5 aNDRE Michaux,,Santee,SC,29142,,,,,,,,,No,,,,,,,,,,,,,,,,,,,,,,,,,,,,,
Alana Westbury,,4975,Alana,Westbury,8036649119,,,,3920 Homestead Rd,,Bowman,SC,,,,,,,,,,No,,,,,,,,,,,,,,,,,,,,,,,,,,,,,
Alanna Shiflett,,8091,Alanna,Shiflett,(205) 586-9822,alannashiflett@yahoo.com,,,422 Santee Drive,,Santee,SC,29142,,,,,,,"#fiberCustomer, #residential",,Yes,,,,,,,,,,,,,,,,,,,,,,,,,,,,,
Alante Snell,,4610,,,8035966573,,,,128 Elaine dr,,Elloree,SC,29047,,,,,,,,,No,,,,,,,,,,,,,,,,,,,,,,,,,,,,,
Alashaye Mosley,,8555,Alashaye,Mosley,(334) 389-4857,mosleyalashaye@gmail.com,,,677 Perch Ln,,Santee,SC,29142,,,,,,,,,Yes,,,,,,,,,,,,,,,,,,,,,,,,,,,,,
Albeani Preston,,2718,,,8038291771,,,,140 Ann St,,Bowman,SC,29018,,,,,,,,,No,,,,,,,,,,,,,,,,,,,,,,,,,,,,,
Albert Brown,,2230,,,8038973731,,,,727 Browning Rd,,Elloree,SC,29047,,,,,,,,,No,,,,,,,,,,,,,,,,,,,,,,,,,,,,,
Albert Dangerfield,,5970,Albert,Dangerfield,(803) 496-4302,,,,11340 Old Number Six Highway,,Eutawville,SC,29048,,,,,,,,,Yes,,,,,,,,,,,,,,,,,,,,,,,,,,,,,
Albert E Appleby,,2594,,,8035363243,,,,563 Cacade Dr,,Bowman,SC,29018,,,,,,,,,No,,,,,,,,,,,,,,,,,,,,,,,,,,,,,
Albert Groves,,2998,Albert,Groves,4402585606,darlene325@hotmail.com,,,10 Thunder Circle,,Santee,SC,29142,,,,,,,"#fiberCustomer, #residential",,No,,,,,,,,,,,,,,,,,,,,,,,,,,,,,
Albert Martin,,1816,,,8036821351,,,,1670 Bonner Ave,,Santee,SC,29142,,,,,,,,,No,,,,,,,,,,,,,,,,,,,,,,,,,,,,,
Albert Wolf,,5148,,,8035360955,,,,1540 Russel St,, ,SC,,,,,,,,,,No,,,,,,,,,,,,,,,,,,,,,,,,,,,,,
Alberta Simmions ,,4414,,,8037070759,,,,1393 shannon st,,Orangeburge ,SC,29115,,,,,,,,,No,,,,,,,,,,,,,,,,,,,,,,,,,,,,,
Albertha Shuler,,4343,,,8434693117,,,,113 Palms St,,Reevesvill ,SC,29471,,,,,,,,,No,,,,,,,,,,,,,,,,,,,,,,,,,,,,,
Alberto Gonzalez,,3493,,,8035340042,,,,2323 St. Matthews Rd,,Orangeburg,SC,29118,,,,,,,,,No,,,,,,,,,,,,,,,,,,,,,,,,,,,,,
Aldersgate at the Oaks,,2174,Vernell,Boyd,8035312332,,,,921 Methodist Oaks Drive,,Orangeburg,SC,29115,,,,,,,,,No,,,,,,,,,,,,,,,,,,,,,,,,,,,,,
Aldo Bassi,,7872,Aldo,Bassi,(843) 499-0068,,,,1136 bridgeview Ln,,Summerton,SC,29148,,,,,,,,,Yes,,,,,,,,,,,,,,,,,,,,,,,,,,,,,
Ale Wine,,3038,,,8039710716,,,,313 Noel Dr,,Vance,SC,29163,,,,,,,,,No,,,,,,,,,,,,,,,,,,,,,,,,,,,,,
Alejandra Valdivia,,8266,Alejandra,Alejandra Valdivia,(803) 876-5975,,,,317 4th Street,,Santee,SC,29142,,,,,,,,,Yes,,,,,,,,,,,,,,,,,,,,,,,,,,,,,
Alesha dash,,5980,Alesha,Dash,(803) 747-2994,,,,152 Project Road,,Bowman,SC,29142,,,,,,,,,Yes,,,,,,,,,,,,,,,,,,,,,,,,,,,,,
Alex Berry,,5604,,,,,,,120 Barnhart road ,,, SC,,,,,,,,,,No,,,,,,,,,,,,,,,,,,,,,,,,,,,,,
Alex Reeves,,985,,,8432003213,,,,392 Harley Rd,,Reevesville,SC,29471,,,,,,,,,No,,,,,,,,,,,,,,,,,,,,,,,,,,,,,
Alexander Davis Jr,,1485,,,8037599170,,,,228 Beatty Blvd,,Santee,SC,29142,,,,,,,,,No,,,,,,,,,,,,,,,,,,,,,,,,,,,,,
Alexander Mcfadde  ,,4453,,,8032903684,,,,295 Langley rd,,Orangeburge ,SC,29115,,,,,,,,,No,,,,,,,,,,,,,,,,,,,,,,,,,,,,,
Alexandra Hofler,,2728,,,9048619079,,,,502 Avens court,,Bowman,,,,,,,,,,,No,,,,,,,,,,,,,,,,,,,,,,,,,,,,,
Alexia Walters,,5430,,,8038571777,,,,107 Sonoma Rd,,Bowman,SC,29018,,,,,,,,,No,,,,,,,,,,,,,,,,,,,,,,,,,,,,,
Alexis Jakeman,,5671,Alexis,Jakeman,8437141003,,,,2739  Cleveland Street,,Elloree,SC,29047,,,,,,,,,No,,,,,,,,,,,,,,,,,,,,,,,,,,,,,
Alexis Jakeman,,4767,,,8434120797,,,,210 Sorin Cir,,Elloree,SC,29115,,,,,,,,,No,,,,,,,,,,,,,,,,,,,,,,,,,,,,,
Alfred Broadhead,,5594,,,,,,,214 Broad River Dr,,Santee,SC,21942,,,,,,,"#fiberCustomer, #residential",,No,,,,,,,,,,,,,,,,,,,,,,,,,,,,,
Alfred Brown,,8676,Alfred ,,(214) 457-7101,cutbrown@bellsouth.net,,,32L Andre Michaux Rd,,Santee,South Carolina,29142-8303,,,,,,,,,Yes,,,,,,,,,,,,,,,,,,,,,,,,,,,,,
Alfred Shaw,,7935,Alfred,Shaw,(803) 760-6908,,,,118 Larramore Court,,Santee,SC,29142,,,,,,,,,Yes,,,,,,,,,,,,,,,,,,,,,,,,,,,,,
Alfreda James,,862,,,8038540153,,,,112 Monteque St.,,Santee,SC,29142,,,,,,,,,No,,,,,,,,,,,,,,,,,,,,,,,,,,,,,
Alfredo Miramontes,,2005,Alfredo,Miramontes,8038975033,,,,173 Gwendolyn Dr.,,Elloree,SC,29047,,,,,,,,,No,,,,,,,,,,,,,,,,,,,,,,,,,,,,,
Algie Rutland,,4783,,,8033088231,,,,1064 Todd Creed rd,,Nesses,SC,29017,,,,,,,,,No,,,,,,,,,,,,,,,,,,,,,,,,,,,,,
alice flansburg,,7836,alice,flansburg,(803) 534-8742,,,,1579 Marshall Street,,Orangeburg,SC,29118,,,,,,,,,Yes,,,,,,,,,,,,,,,,,,,,,,,,,,,,,
Alice Flansburg,,7837,Alice,Flansburg,(803) 534-8742,,,,1579 Marshall Street,,Orangeburg,SC,29118,,,,,,,,,Yes,,,,,,,,,,,,,,,,,,,,,,,,,,,,,
Alice Huff,,1285,,,8033080968,,,,353 Bonepart Rd,,Cameron ,SC,29030,,,,,,,,,No,,,,,,,,,,,,,,,,,,,,,,,,,,,,,
Alice Johnson,,1747,,,8038292472,,,,180 Magnolia St.,,Bowman,SC,,,,,,,,,,No,,,,,,,,,,,,,,,,,,,,,,,,,,,,,
Alice Lawson,,727,,,8037590124,,,,114 Elephant Rd,,Santee,SC,29142,,,,,,,,,No,,,,,,,,,,,,,,,,,,,,,,,,,,,,,
Alice Lawson,,4678,,,8039379357,,,,114 Elephant rd,,Santee,SC,29142,,,,,,,,,No,,,,,,,,,,,,,,,,,,,,,,,,,,,,,
Alice Odom,,5109,Alice,Odom,(919) 820-2782,aliceodome@gmail.com,,,491 Chapel Creek Drive,,Santee,SC,29142,,,,,,,,,No,,,,,,,,,,,,,,,,,,,,,,,,,,,,,
Alice Snell,,4924,,,8036827690,,,,230 Nimbus rd,,Vance,SC,,,,,,,,,,No,,,,,,,,,,,,,,,,,,,,,,,,,,,,,
Aliceia Mitchum,,350,,,8034923945,,,,111 Golden Ave.,,Eutawville,SC,29048,,,,,,,,,No,,,,,,,,,,,,,,,,,,,,,,,,,,,,,
Alicia Brown,,5494,,,8034966857,,,,3099 Tee Vee rd,,Santee,SC,,,,,,,,,,No,,,,,,,,,,,,,,,,,,,,,,,,,,,,,
Alicia Dixon,,283,,,8434065451,,,,671 Four Wind Rd,,Holly Hill,SC,29059,,,,,,,,,No,,,,,,,,,,,,,,,,,,,,,,,,,,,,,
Alisan  Maginnis,,4344,Alisan,Maginnis,(803) 664-4455,,,,213 Cooper Dr,,Santee,SC,29142,,,,,,,"#fiberCustomer, #residential",,No,,,,,,,,,,,,,,,,,,,,,,,,,,,,,
Alisha Stuart,,8160,Alisha,Stuart,(803) 857-6149,alishacurtis8@yahoo.com,,,1001 Myrtle Drive,,Santee,SC,29142,,,,,,,,,Yes,,,,,,,,,,,,,,,,,,,,,,,,,,,,,
Alison Champagne,,8525,Allison,Champagne,(843) 864-7710,achampagne1311@gmail.com,,,744 Striped Bass Ct,,Santee,SC,29142,,,,,,,,,Yes,,,,,,,,,,,,,,,,,,,,,,,,,,,,,
Alison Daniels,,5942,Allison ,Daniels,(860) 485-8974,,,,98 Saluda Drive,,Santee,SC,29142,,,,,,,"#fiberCustomer, #residential",,Yes,,,,,,,,,,,,,,,,,,,,,,,,,,,,,
Aljuan Johnson,,1754,,,8038543908,,,,285 Rexford Court,,Santee,SC,29142,,,,,,,,,No,,,,,,,,,,,,,,,,,,,,,,,,,,,,,
All My Children,,1622,,,6788952779,,,,1417 Tolly Ganly Circle,1994 St Matthews Rd,Orangeburg,SC,29118,,,,,,,,,No,,,,,,,,,,,,,,,,,,,,,,,,,,,,,
All Star Deli,,2703,,,8035340005,,,,1208 Saint Matthews Rd,,Orangeburg,SC,29115,,,,,,,,,No,,,,,,,,,,,,,,,,,,,,,,,,,,,,,
All State -Wayne Lorick,,4623,,,8035363190,,,,1388 Broughton Street,,Orangeburg,SC,,,,,,,,,,No,,,,,,,,,,,,,,,,,,,,,,,,,,,,,
Allen Adcox,,5187,Allen,Adcox,(803) 854-4986,,,,124 Wateree dr ,,Santee,SC,,,,,,,,"#fiberCustomer, #residential",,No,,,,,,,,,,,,,,,,,,,,,,,,,,,,,
Allen Blankenship,,5609,,,6153063430,,,,149 Saluda Dr,,Santee ,SC,29142,,,,,,,"#fiberCustomer, #residential",,No,,,,,,,,,,,,,,,,,,,,,,,,,,,,,
Allen Buza,,2108,,,8033472509,,,,106 Wateree Dr,,Santee,SC,29142,,,,,,,"#fiberCustomer, #residential",,No,,,,,,,,,,,,,,,,,,,,,,,,,,,,,
Allen Carn,,647,Allen,Carn,8435602085,,,,418 Harley Rd,,Reevesville,SC,29471,,,,,,,,,No,,,,,,,,,,,,,,,,,,,,,,,,,,,,,
Allen Chavis,,4993,,,8032472702,,,,104 Aljohn Road,,North,SC,29112,,,,,,,,,No,,,,,,,,,,,,,,,,,,,,,,,,,,,,,
Allen Fairey,,3030,Allen,Fairey,(803) 682-0530,,,,1086 Four Holes Rd,,Cameron,SC,29030,,,,,,,,,No,,,,,,,,,,,,,,,,,,,,,,,,,,,,,
Allen Fanning,,3822,,,8037079736,,,,363 Greatview Rd,,Neeses,SC,29107,,,,,,,,,No,,,,,,,,,,,,,,,,,,,,,,,,,,,,,
Allen Kovach,,2422,,,8035399387,,,,4229 Belleville Rd,,Orangeburg,SC,29118,,,,,,,,,No,,,,,,,,,,,,,,,,,,,,,,,,,,,,,
Allen Mack,,905,,,8435399009,,,,7168 Dorange Rd ,,Reevesville,SC,29471,,,,,,,,,No,,,,,,,,,,,,,,,,,,,,,,,,,,,,,
Allendale County Hospital,,6,,,,,,,P O Box 218,,Fairfax ,SC,29827,,,,,,,,,No,,,,,,,,,,,,,,,,,,,,,,,,,,,,,
Allied Telesis,,4134,Mark,West,9016345548,Mark_West@alliedtelesis.com,,,,,,,,,,,,,,,,No,,,,,,,,,,,,,,,,,,,,,,,,,,,,,
Allison Beasley,,6114,Allison,Beasley,(843) 412-1951,,,,280 Broughton Street,,Hilda,SC,29813,,,,,,,,,Yes,,,,,,,,,,,,,,,,,,,,,,,,,,,,,
Allison Berry,,530,,,8038293258,,,,156 Dibble St,,Bowman,SC,29018,,,,,,,,,No,,,,,,,,,,,,,,,,,,,,,,,,,,,,,
Allison Ferguson ,,4605,,,8034646423,,,,4462 cleveland St,,Elloree,SC,29047,,,,,,,,,No,,,,,,,,,,,,,,,,,,,,,,,,,,,,,
Allison Hopkins,,2689,,,8037076612,,,,229 Country Rd,,Bowman ,SC,29018,,,,,,,,,No,,,,,,,,,,,,,,,,,,,,,,,,,,,,,
Allison Kinard,,5678,,,8437303829,,,,444 Harley Road,,Reevesville,SC,29471,,,,,,,,,No,,,,,,,,,,,,,,,,,,,,,,,,,,,,,
Allstar Deli,,3956,,,,,,,1208 St Matthews Rd,,Orangeburg,SC,29118,,,,,,,,,No,,,,,,,,,,,,,,,,,,,,,,,,,,,,,
Allstate Insurance - Alonzo Middleton,,3308,,,8035366185,,,,1712 Saint Matthews Rd,,Orangeburg,SC,29118,,,,,,,,,No,,,,,,,,,,,,,,,,,,,,,,,,,,,,,
Allstate Insurance - Joseph Tomlinson,,1664,,,8035365451,,,,900 Chestnut st, Billilng address -1239 Fortmotte rd Satmattews SC,Orangeburg,SC,29115,,,,,,,,,No,,,,,,,,,,,,,,,,,,,,,,,,,,,,,
Allstate Wholesale & Wrecker Svc.,,7,,,,,,,1460 Glover St.,,Orangeburg,SC,29115,,,,,,,,,No,,,,,,,,,,,,,,,,,,,,,,,,,,,,,
Allysia Sellers,,4718,,,8034966499,,,,1731 St Matthews Road,,Orangeburg,SC,,,,,,,,,,No,,,,,,,,,,,,,,,,,,,,,,,,,,,,,
Alonzo D Middleton Insurance,,5367,,,,,,,,,,,,,,,,,,,,No,,,,,,,,,,,,,,,,,,,,,,,,,,,,,
Alonzo James,,1563,,,8034963804,,,,864 White Sands Rd,,Holly Hill,SC,29059,,,,,,,,,No,,,,,,,,,,,,,,,,,,,,,,,,,,,,,
Alonzo Pelzer,,4811,,,8039713281,,,,7796 Charleston Highway,,Bowman,SC,29018,,,,,,,,,No,,,,,,,,,,,,,,,,,,,,,,,,,,,,,
Altron Williams,,936,,,8034965067,,,,871 White Sands Rd,,Holly Hill,SC,29059,,,,,,,,,No,,,,,,,,,,,,,,,,,,,,,,,,,,,,,
Altroy Brown,,4599,,,8036620627,,,,650 Dantzler Street,,Orangeburg,SC,29115,,,,,,,,,No,,,,,,,,,,,,,,,,,,,,,,,,,,,,,
Alvah Davidson,,3009,,,8033080195,,,,483 Camden Rd,,Vance ,SC,29163,,,,,,,,,No,,,,,,,,,,,,,,,,,,,,,,,,,,,,,
Alvin Still ,,4142,,,,,,,137-Sage RD ,,Hilda ,SC,,,,,,,,,,No,,,,,,,,,,,,,,,,,,,,,,,,,,,,,
Amanda Coker,,5035,,,8036822278,,,,1006 Midway Rd,,Elloree,SC,29047,,,,,,,,,No,,,,,,,,,,,,,,,,,,,,,,,,,,,,,
Amanda Davis,,1470,,,6099692072,,,,431 fountain lake dr,,Eutawville,SC,29048,,,,,,,,,No,,,,,,,,,,,,,,,,,,,,,,,,,,,,,
Amanda Fralix,,4760,Amanda,Fralix,(843) 323-8906,,,,133 Green Street,,Santee,SC,29142,,,,,,,"#fiberCustomer, #residential",,No,,,,,,,,,,,,,,,,,,,,,,,,,,,,,
Amanda Hammett,,4766,,,8033006049,,,,71 Coreana rd ,,Barnwell,SC,,,,,,,,,,No,,,,,,,,,,,,,,,,,,,,,,,,,,,,,
Amanda Hooks,,4806,,,8034103916,,,,231 Verniel Road,,Elloree,SC,29047,,,,,,,,,No,,,,,,,,,,,,,,,,,,,,,,,,,,,,,
Amanda Jackson,,3942,,,8034109514,,,,307 Broken Arrow Road,,Eutawville,SC,29048,,,,,,,,,No,,,,,,,,,,,,,,,,,,,,,,,,,,,,,
Amanda Jackson,,1985,,,8039719824,,,,307 Broken Arrow,,Eutawville,SC,29048,,,,,,,,,No,,,,,,,,,,,,,,,,,,,,,,,,,,,,,
Amanda Jarratt,,5374,,,8438346537,,,,229 Second st ,,Santee,SC,,,,,,,,,,No,,,,,,,,,,,,,,,,,,,,,,,,,,,,,
Amanda Kestler,,5625,,,8036144007,,,,,,,,,,,,,,,,,No,,,,,,,,,,,,,,,,,,,,,,,,,,,,,
Amanda Lions,,2471,,,8038974690,,,,1204 Old River Rd,,Elloree,SC,29047,,,,,,,,,No,,,,,,,,,,,,,,,,,,,,,,,,,,,,,
Amanda Lyons,,1250,,,8034603910,,,,820 Bass Dr,,Santee,SC,,,,,,,,,,No,,,,,,,,,,,,,,,,,,,,,,,,,,,,,
Amanda Raines,,8216,Amanda ,Raines,(803) 308-3092,raines123@gmail.com,,,435 4th Street,,Santee,SC,29142,,,,,,,,,Yes,,,,,,,,,,,,,,,,,,,,,,,,,,,,,
Amanda Reed,,7842,Amanda,Reed,(803) 664-3485,,,,6076 Old Number Six Highway,11,Elloree,SC,29047,,,,,,,,,Yes,,,,,,,,,,,,,,,,,,,,,,,,,,,,,
Amanda Rippe,,3488,,,8036141000,,,,546 till rd,,Orangeburg ,SC,29115,,,,,,,,,No,,,,,,,,,,,,,,,,,,,,,,,,,,,,,
Amanda Robinson,,3569,,,8037479539,,,,278 Great View rd,,Orangeburg,SC,,,,,,,,,,No,,,,,,,,,,,,,,,,,,,,,,,,,,,,,
Amanda Shuler,,814,Amanda,Shuler,8038371223,,,,5820 old State Road,,Holly Hill,SC,29059,,,,,,,,,No,,,,,,,,,,,,,,,,,,,,,,,,,,,,,
Amanda Turner,,3537,,,8033470028,,,,250 Winter Creek Rd,,Bowman,SC,,,,,,,,,,No,,,,,,,,,,,,,,,,,,,,,,,,,,,,,
Amanda Villeponteaux,,4907,,,8035962315,,,,8395 Old State rd ,,Camron ,SC,29030,,,,,,,,,No,,,,,,,,,,,,,,,,,,,,,,,,,,,,,
Amar Boles ,,1273,,,8035311551,,,,3092 Jackson Dr,,Orangeburg,SC,29118,,,,,,,,,No,,,,,,,,,,,,,,,,,,,,,,,,,,,,,
Amber Barfield,,4946,,,,,,,1061 Eutaw Street,,Orangeburg,SC,29115,,,,,,,,,No,,,,,,,,,,,,,,,,,,,,,,,,,,,,,
Amber Caddell,,2705,,,8033788653,,,,5650 Old State Road,,Holly Hill,SC,29059,,,,,,,,,No,,,,,,,,,,,,,,,,,,,,,,,,,,,,,
Amber Cuttino,,3117,,,8038371639,,,,1332 Nates Store Rd,,Elloree,SC,29047,,,,,,,,,No,,,,,,,,,,,,,,,,,,,,,,,,,,,,,
Amber Cuttino,,4845,,,8033784323,,,,108 Boyce Lawton Drive,,Cameron,SC,29030,,,,,,,,,No,,,,,,,,,,,,,,,,,,,,,,,,,,,,,
Amber Pelzer,,5686,,,8435604597,,,,104 Candle Wood Court,,Bowman,SC,29018,,,,,,,,,No,,,,,,,,,,,,,,,,,,,,,,,,,,,,,
Amber Zonca,,5624,Amber,Zonca,8434786376,,,,320 4th Street,,Santee,SC,29142,Amber,Zonca,(803) 971-0403,,,,"#fiberCustomer, #residential",,No,,,,,,,,,,,,,,,,,,,,,,,,,,,,,
Ambria Medley,,2438,,,8038375660,,,,728 Browning Rd,,Elloree,SC,29047,,,,,,,,,No,,,,,,,,,,,,,,,,,,,,,,,,,,,,,
Amco Construction Inc,,8,,,8035362220,,,,P O Box 466,,Orangeburg,SC,29116,,,,,,,,,No,,,,,,,,,,,,,,,,,,,,,,,,,,,,,
Ameena Khan,,6117,Ameena,Khan,(843) 343-8019,,,,38 King Street,APT C,Charleston,SC,29401,,,,,,,,,Yes,,,,,,,,,,,,,,,,,,,,,,,,,,,,,
Amelia Herndones,,5839,,,8435603172,,,,137 Macintosh Lane,,Reevesville,SC,,,,,,,,,,No,,,,,,,,,,,,,,,,,,,,,,,,,,,,,
Amelia Smith,,8276,Amelia,Smith,(843) 409-6595,,,,117 Ballard Ln,,Santee,South Carolina,29142-8563,,,,,,,,,Yes,,,,,,,,,,,,,,,,,,,,,,,,,,,,,
Amelia Village,,9,,,8035347417,,,,498 Murry Road,PO Box 1184,Orangeburg,SC,29116,,,,,,,,,No,,,,,,,,,,,,,,,,,,,,,,,,,,,,,
Amelia's Wings And Things,,8437,Amelia's Wings,And Things,(803) 765-8192,ameliaplace119@gmail.com,,,9054 Old Number Six Hwy,,Santee,South Carolina,29142-8621,,,,,,,,,Yes,,,,,,,,,,,,,,,,,,,,,,,,,,,,,
American Communications,,1085,,,8665935931,,,,165 Castilian Drive,,Santa Barbara,CA,93117,,,,,,,,,No,,,,,,,,,,,,,,,,,,,,,,,,,,,,,
American Inn of Orangeburg,,8523,,,8035311921,weatherford358@gmail.com,,,610 John C. Calhoun Dr,,Orangeburg,SC,29115,,,,,,,#Hospitality,,No,,,,,,,,,,,,,,,,,,,,,,,,,,,,,
American Logistics Network,,2868,,,8032689600,,,,3771 Cameron Road,,Orangeburg,SC,29116,,,,,,,,,No,,,,,,,,,,,,,,,,,,,,,,,,,,,,,
AmeriGas District 9695,,131,Ashley,.,8037076488,,,,2277 Five Chop Rd,P O Box 938,Orangeburg ,SC,29116,,,,,,,,,No,,,,,,,,,,,,,,,,,,,,,,,,,,,,,
Amon Garick ,,4614,,,8035364206,,,,1895 Marly Dr ,, ,SC,,,,,,,,,,No,,,,,,,,,,,,,,,,,,,,,,,,,,,,,
Amtec Control Inc. ,,4312,,,8036823836,,,,306 Woodrow Street,,Neeses ,SC,29107,,,,,,,,,No,,,,,,,,,,,,,,,,,,,,,,,,,,,,,
Amware Pallet Services,,10,,,,,,, 289 Snyder St,,,SC,,,,,,,,,,No,,,,,,,,,,,,,,,,,,,,,,,,,,,,,
Amy Brickle,,2643,,,8037074448,,,,317 Rickenbacker Road,,Orangeburg,SC,,,,,,,,,,No,,,,,,,,,,,,,,,,,,,,,,,,,,,,,
Amy Coffee,,6315,Amy,Coffee,(740) 602-0787,,,,464 Hartzog Road,,Barnwell,SC,29812,,,,,,,,,Yes,,,,,,,,,,,,,,,,,,,,,,,,,,,,,
Amy Nickel,,1254,Amy,Nickel,8434785727,,,,699 Sleepy Hollow Rd ,,Cameron,SC,,,,,,,,,,No,,,,,,,,,,,,,,,,,,,,,,,,,,,,,
Amy Ott,,8410,Amy,Ott,(803) 682-4323,,,,550 Reevesville Rd,,Bowman,South Carolina,29018-8584,,,,,,,,,Yes,,,,,,,,,,,,,,,,,,,,,,,,,,,,,
Amy Ray,,384,,,8034965615,,,,144 Taylor Street,,Holly Hill,SC,29059,,,,,,,,,No,,,,,,,,,,,,,,,,,,,,,,,,,,,,,
Amy west,,1627,,,8034963525,,,,138 Westbelt Rd,,Holly Hill,SC,29207,,,,,,,,,No,,,,,,,,,,,,,,,,,,,,,,,,,,,,,
Anderia Blanchard,,5843,,,8034927464,,,,109n Marvin Rd,,Eutawville,SC,29048,,,,,,,,,No,,,,,,,,,,,,,,,,,,,,,,,,,,,,,
Anderson Law Office,,7988,Tracy,,(803) 536-4751,,,,870 John C Calhoun Drive,,Orangeburg,SC,29115,,,,,,,,,Yes,,,,,,,,,,,,,,,,,,,,,,,,,,,,,
Andra Brown,,3803,,,8035964200,,,,3099 Tee Vee Road,,Santee,SC,29142,,,,,,,,,No,,,,,,,,,,,,,,,,,,,,,,,,,,,,,
Andrae's Jewelers,,11,Dorris,.,8035346834,,,,1332 Grove Park Shopping Village,,Orangeburg,SC,29118,,,,,,,,,No,,,,,,,,,,,,,,,,,,,,,,,,,,,,,
Andre Coiro,,6078,Andre,Coiro,(516) 456-0353,,,,102 Cooper Drive,,Santee,SC,29142,,,,,,,"#fiberCustomer, #residential",,Yes,,,,,,,,,,,,,,,,,,,,,,,,,,,,,
Andre Johnson,,604,,,8038291710,,,,351 Canal St,,Bowman ,SC,29018,,,,,,,,,No,,,,,,,,,,,,,,,,,,,,,,,,,,,,,
Andrea Bookhart,,406,,,8033081139,,,,110 Cooper Dr,,Santee,SC,29142,,,,,,,"#fiberCustomer, #residential",,No,,,,,,,,,,,,,,,,,,,,,,,,,,,,,
Andrea Jones,,1224,,,8038291111,,,,137 Bowman Ave,,Bowman,SC,29018,,,,,,,,,No,,,,,,,,,,,,,,,,,,,,,,,,,,,,,
Andrea Kuhnert,,3193,Andrea,Kuhnert,8036641564,,,,3017 Slab Landing Rd,,Orangeburg ,SC,29115,,,,,,,,,No,,,,,,,,,,,,,,,,,,,,,,,,,,,,,
Andrea Rast,,4393,,,8036641690,,,,343 garmling rd ,,Camron ,SC,29030,,,,,,,,,No,,,,,,,,,,,,,,,,,,,,,,,,,,,,,
Andrea Tucker,,4087,,,8039682354,,,,6122 Charleston hwy,,Bowman,SC,29018,,,,,,,,,No,,,,,,,,,,,,,,,,,,,,,,,,,,,,,
Andrea Tucker,,2320,,,8039978106,,,,9929 Old Number Six Hwy.,,Santee,SC,29163,,,,,,,,,No,,,,,,,,,,,,,,,,,,,,,,,,,,,,,
Andrea Waymer,,705,,,8034963774,,,,124 Fludd Street,,Santee,SC,29142,,,,,,,,,No,,,,,,,,,,,,,,,,,,,,,,,,,,,,,
Andrea Williams,,2749,,,8035313144,,,,706 Dove Point Drive,,Orangeburg,SC,,,,,,,,,,No,,,,,,,,,,,,,,,,,,,,,,,,,,,,,
Andree Meyer,,1881,,,8033782517,,,,159 Teresa Ct. ,,Eutawville,SC,29048,,,,,,,,,No,,,,,,,,,,,,,,,,,,,,,,,,,,,,,
Andreo Money,,5844,Andreo,Money,7064277375,,,,1025 Adden Street,,Orangeburg,SC,29118,,,,,,,,,No,,,,,,,,,,,,,,,,,,,,,,,,,,,,,
Andrew and Bettey Nelson,,8073,Andrew,Nelson,(843) 532-2837,Andypnelson@sc.rr.com,,,670 Plantation Drive,,Santee,SC,29142,,,,,,,,,Yes,,,,,,,,,,,,,,,,,,,,,,,,,,,,,
Andrew Brown,,4519,,,8435603460,,,,50 Hunters Path,,Santee,SC,29142,,,,,,,,,No,,,,,,,,,,,,,,,,,,,,,,,,,,,,,
Andrew Bull,,6128,Willam,Bull,(803) 837-1981,,,,1837 Antioch Road,,Santee,SC,29142,,,,,,,,,Yes,,,,,,,,,,,,,,,,,,,,,,,,,,,,,
Andrew Friedman,,404,,,8038973042,,,,6522 Old Number Six Hwy,,Elloree,SC,29047,,,,,,,,,No,,,,,,,,,,,,,,,,,,,,,,,,,,,,,
Andrew Glover,,5780,,,9195199112,,,,195 Weathers St,,Bowman,SC,29018,,,,,,,,,No,,,,,,,,,,,,,,,,,,,,,,,,,,,,,
Andrew Hott,,1147,,,8034965720,,,,710 Peake St. ,,Holly Hill ,SC,29059,,,,,,,,,No,,,,,,,,,,,,,,,,,,,,,,,,,,,,,
Andrew Naessig,,8506,Andrew,Naessig,(717) 331-7653,droopdesign@gmail.com,,,756 Striped Bass Ct,,Santee,SC,29142,,,,,,,,,Yes,,,,,,,,,,,,,,,,,,,,,,,,,,,,,
Andrew Nelson,,5723,,,8435322837,,,,670 Plantation Drive,,Santee,SC,29142,,,,,,,,,No,,,,,,,,,,,,,,,,,,,,,,,,,,,,,
Andrew Riley,,3518,Andrew,Riley,,,,,11 Peter Collinson Rd,,Santee,SC,29142,,,,,,,,,No,,,,,,,,,,,,,,,,,,,,,,,,,,,,,
Andrew Shuler,,472,,,8038371223,,,,2336 Bonner ave ,,,SC,,,,,,,,,,No,,,,,,,,,,,,,,,,,,,,,,,,,,,,,
Andriee Covill,,6262,Andriee,Covill,(401) 617-6250,,,,211 Cooper Drive,,Santee,SC,29142,,,,,,,"#fiberCustomer, #residential",,Yes,,,,,,,,,,,,,,,,,,,,,,,,,,,,,
Andromeda Scott,,8681,Andromeda,Scott,(803) 521-0917,andromedascott@gmail.com,,,637 Perch Ln,,Santee,South Carolina,29142-9525,,,,,,,,,Yes,,,,,,,,,,,,,,,,,,,,,,,,,,,,,
Andy Arends,,4455,,,8037073950,,,,176 Dan Keowen Drive,,Orangeburg ,SC,29115,,,,,,,,,No,,,,,,,,,,,,,,,,,,,,,,,,,,,,,
Andy Arends,,4578,,,,,,,176 Dan Keowen Dr,,Orangeburg,SC,29115,,,,,,,,,No,,,,,,,,,,,,,,,,,,,,,,,,,,,,,
Andy Etchebarren,,2590,,,9413507476,,,,439 Santee Dr,,Santee,SC,,,,,,,,"#fiberCustomer, #residential",,No,,,,,,,,,,,,,,,,,,,,,,,,,,,,,
Andy Harper,,8314,Andrew,Harper,(571) 464-9168,,,,320 4th St,,Santee,South Carolina,29142-8823,,,,,,,,,Yes,,,,,,,,,,,,,,,,,,,,,,,,,,,,,
Andy Mcilwain,,5957,Andy,Mcilwain,(843) 442-3342,,,,138 Penn Ln,,Santee,SC,29142,,,,,,,,,Yes,,,,,,,,,,,,,,,,,,,,,,,,,,,,,
Andy Patel,,4200,,,8033879877,,,,9112 Old Number Six Hwy ,,Santee,SC,29142,,,,,,,,,No,,,,,,,,,,,,,,,,,,,,,,,,,,,,,
Andy Patel,,1750,,,,,,,,,,,,,,,,,,,,No,,,,,,,,,,,,,,,,,,,,,,,,,,,,,
Andy Sanders,,4286,,,8035343222,,,,715 Whitman Street          ,,Orangeburg,SC,29115,,,,,,,,,No,,,,,,,,,,,,,,,,,,,,,,,,,,,,,
Andy Still,,1797,Andy,Still,(803) 347-4088,,,,130 Saluda Dr,,Santee,SC,29142,,,,,,,"#fiberCustomer, #residential",,No,,,,,,,,,,,,,,,,,,,,,,,,,,,,,
Andy Williams,,6047,Andy,Williams,(803) 571-0681,,,,5060 State Road S-6-29,,Barnwell,SC,29812,,,,,,,,,Yes,,,,,,,,,,,,,,,,,,,,,,,,,,,,,
Angel Bonnette ,,4557,,,,,,,627 One Oak Ln,,Bowman ,SC,29018,,,,,,,,,No,,,,,,,,,,,,,,,,,,,,,,,,,,,,,
Angel Coleman,,3730,,,8038576622,,,,7653 old number 6 highway,,Santee,SC,SC,,,,,,,,,No,,,,,,,,,,,,,,,,,,,,,,,,,,,,,
Angel Pifer,,950,,,8038972972,,,,670 Lexington St,,Elloree,SC,29142,,,,,,,,,No,,,,,,,,,,,,,,,,,,,,,,,,,,,,,
Angela ball,,5706,Angela,ball,8036820084,angelaball76@yahoo.com,,,111 Saulda Dr ,,Santee ,SC,29115,,,,,,,,,No,,,,,,,,,,,,,,,,,,,,,,,,,,,,,
Angela Bonaparte,,2642,,,8033470026,,,,135 Melvin Road,,Orangeburg,SC,29118,,,,,,,,,No,,,,,,,,,,,,,,,,,,,,,,,,,,,,,
Angela Bridges,,8648,Angela,Bridges,(864) 430-3826,abridges@ciconsultants.biz,,,448 Santee Drive,,Santee,South Carolina,29142,,,,,,,,,Yes,,,9435,,,,,,,,,,,,,,,,,,,,,,,,,,
Angela Burroughs,,7896,Angela,Burroughs,(803) 707-0933,,,,1245 Lee Boulevard Northwest,,Orangeburg,SC,29118,,,,,,,,,Yes,,,,,,,,,,,,,,,,,,,,,,,,,,,,,
Angela Condon,,8037,Angela,Condon,(401) 241-4202,angelacondon1@yahoo.com,,,635 West Hampton Street,,Elloree,SC,29047,,,,,,,,,Yes,,,,,,,,,,,,,,,,,,,,,,,,,,,,,
Angela E Drumheller,,8065,Angela,Drumheller,(843) 607-3248,AngelaDrumheller@gmail.com,,,3727 Homestead Road,,Bowman,SC,29018,,,,,,,,,Yes,,,,,,,,,,,,,,,,,,,,,,,,,,,,,
Angela Felks,,858,,,8038293680,,,,215 Pine St.,,Bowman,SC,29018,,,,,,,,,No,,,,,,,,,,,,,,,,,,,,,,,,,,,,,
Angela Gable,,757,,,8038293210,,,,181 Lillie Beth Ln,,Bowman,SC,29018,,,,,,,,,No,,,,,,,,,,,,,,,,,,,,,,,,,,,,,
Angela Jamison,,4212,,,8037476114,,,,231 Apple St,,Bowman,SC,29018,,,,,,,,,No,,,,,,,,,,,,,,,,,,,,,,,,,,,,,
Angela Lewis,,4021,Angela,Lewis,(803) 290-3018,,,,830 Reevesville Road,,Bowman,SC,29018,,,,,,,,,No,,,,,,,,,,,,,,,,,,,,,,,,,,,,,
Angela R Porter,,3568,,,8035361308,,,,117 Yellow Jasmine Rd Appt 411,,Orangeburg ,SC,29118,,,,,,,,,No,,,,,,,,,,,,,,,,,,,,,,,,,,,,,
Angela Rast,,2060,,,8037071590,,,,3636 Homestead Rd,,Bowman,SC,29018,,,,,,,,,No,,,,,,,,,,,,,,,,,,,,,,,,,,,,,
Angela Shirey,,5660,,,,,,,924 Moultrie Drive,,Santee,SC,29142,,,,,,,"#fiberCustomer, #residential",,No,,,,,,,,,,,,,,,,,,,,,,,,,,,,,
Angela Swiercz,,2423,,,7654140394,,,,559 Pickett Level Rd,,Elloree,SC,29047,,,,,,,,,No,,,,,,,,,,,,,,,,,,,,,,,,,,,,,
Angela Watkins,,300,,,8033783228,,,,8454 Old Number 6 Hwy,,Santee,SC,29142,,,,,,,,,No,,,,,,,,,,,,,,,,,,,,,,,,,,,,,
Angela Wilkes,,5153,,,8032250783,,,,2816 Cleveland st,,Elloree ,SC,,,,,,,,,,No,,,,,,,,,,,,,,,,,,,,,,,,,,,,,
Angela Williams,,4049,Angela,Williams,8033081756,,,,4519 Neeses Highway,,Neeses,SC,29107,,,,,,,,,No,,,,,,,,,,,,,,,,,,,,,,,,,,,,,
Angelia Kinley,,4444,,,8038600471,,,,405 Casa Court ,,Orangeburge ,SC,29115,,,,,,,,,No,,,,,,,,,,,,,,,,,,,,,,,,,,,,,
Angelina Brunson,,901,,,8033787007,,,,180 Cantey Dr ,Apt 240,Santee,SC,29142,,,,,,,,,No,,,,,,,,,,,,,,,,,,,,,,,,,,,,,
Angie Ludlam,,8378,Angie,Ludlam,(803) 322-5210,aflynn@comporium.net,,,217 Pee Dee Dr,,Santee,South Carolina,29142-9408,,,,,,,,,Yes,,,,,,,,,,,,,,,,,,,,,,,,,,,,,
Angie Moorer,,3172,,,8034964070,,,,333 Hilliard Blvd,,Vance,SC,,,,,,,,,,No,,,,,,,,,,,,,,,,,,,,,,,,,,,,,
Angie Stephens,,3329,,,8033471578,,,,435 Dantzler st,,Orangeburg,SC,29115,,,,,,,,,No,,,,,,,,,,,,,,,,,,,,,,,,,,,,,
Anita Amaker,,4699,,,8033788668,,,,2760 slab landing rd ,,Orangeburg,SC,29115,,,,,,,,,No,,,,,,,,,,,,,,,,,,,,,,,,,,,,,
Anita Banks,,1055,Anita,Banks,(803) 496-8267,,,,601 Resort Road,,Santee,SC,29142,cellphone,,(803) 496-8267,,,,,,No,,,,,,,,,,,,,,,,,,,,,,,,,,,,,
Anita Brown,,4712,Anita,Brown,(803) 290-2080,,,,3099 Tee Vee Road,,Santee,SC,29047,,,,,,,,,No,,,,,,,,,,,,,,,,,,,,,,,,,,,,,
Anita Watson ,,4242,,,8036142624,,,,2295 Myers rd ,,Orangeburg,SC,,,,,,,,,,No,,,,,,,,,,,,,,,,,,,,,,,,,,,,,
Anita Watson,,4245,,,,,,,2295 Myers Road,,Orangeburg,SC,29115,,,,,,,,,No,,,,,,,,,,,,,,,,,,,,,,,,,,,,,
Ann Brown,,589,,,8038973183,,,,322 Baronet Lane,,Elloree,SC,29047,,,,,,,,,No,,,,,,,,,,,,,,,,,,,,,,,,,,,,,
Ann Caddell,,6356,Ann,Caddell,(803) 974-9780,saverance5194@yahoo.com,,,101 Saluda Drive,,Santee,SC,29142,,,,,,,"#fiberCustomer, #residential, #VoIP",,Yes,,,,,,,,,,,,,,,,,,,,,,,,,,,,,
Ann Dieringer,,3111,Ann,Dieringer,6783505709,,,,146 Wateree Dr,,Santee,SC,29142,,,,,,,"#fiberCustomer, #residential",,No,,,,,,,,,,,,,,,,,,,,,,,,,,,,,
Ann H Gum,,2982,Ann,H Gum,8038548055,,,,11 Andre michaux,,Santee,SC,29142,,,,,,,,,No,,,,,,,,,,,,,,,,,,,,,,,,,,,,,
Ann Hood,,8549,Ann,Hood,(803) 535-8280,anniehrtr@me.com,,,110 Saluda Dr,,Santee,South Carolina,29142-9320,,,,,,,,,Yes,,,,,,,,,,,,,,,,,,,,,,,,,,,,,
Ann Messenkopf,,1380,,,8038579881,,,,140 Wateree Dr,,Santee,SC,29142,,,,,,,"#fiberCustomer, #residential",,No,,,,,,,,,,,,,,,,,,,,,,,,,,,,,
Ann Messervy,,4007,,,8033835250,,,,550 Middle Willow Road,,Neeses,SC,29107,,,,,,,,,No,,,,,,,,,,,,,,,,,,,,,,,,,,,,,
Ann Reese,,1245,,,8038973722,,,,138 MacKay Trail,,Elloree,SC,29047,,,,,,,,,No,,,,,,,,,,,,,,,,,,,,,,,,,,,,,
Ann Ritucci,,3094,,,8036140400,,,,146 Saluda Dr ,,Santee,SC,29142,,,,,,,"#fiberCustomer, #residential",,No,,,,,,,,,,,,,,,,,,,,,,,,,,,,,
Ann Smith,,481,,,8038542095,,,,115 Cooper Circle      ,,Santee,SC,29142,,,,,,,"#fiberCustomer, #residential",,No,,,,,,,,,,,,,,,,,,,,,,,,,,,,,
Ann T Summers,,3087,,,8038232191,,,,408 Old Orangeburg Rd,,Cameron,SC,29030,,,,,,,,,No,,,,,,,,,,,,,,,,,,,,,,,,,,,,,
Ann Wallace,,520,,,8038540818,,,,555 Resort St         ,,Santee,SC,29142,,,,,,,,,No,,,,,,,,,,,,,,,,,,,,,,,,,,,,,
Ann Young,,2526,,,8035161493,,,,485 Sims St,,Orangeburg,SC,29115,,,,,,,,,No,,,,,,,,,,,,,,,,,,,,,,,,,,,,,
Anna H. Lawn,,1304,Anna,Lawn,(803) 854-2483,,,,18 Andre Michaux,,Santee,SC,29142,,,,,,,,,No,,,,,,,,,,,,,,,,,,,,,,,,,,,,,
Anna Kemmerlin,,3812,,,8033007312,,,,70 Broughton Ave,,Hilda,SC,29813,,,,,,,,,No,,,,,,,,,,,,,,,,,,,,,,,,,,,,,
Anna Leviner,,8225,Anna,Leviner,(803) 308-3995,levi_girl01@yahoo.com,,,,,,,,,,,,,,,,Yes,,,,,,,,,,,,,,,,,,,,,,,,,,,,,
Anna Lois Moorer,,4824,,,8034963176,,,,768 Mont Olive Road,,Santee,SC,29142,,,,,,,,,No,,,,,,,,,,,,,,,,,,,,,,,,,,,,,
Anna Westbury,,786,,,8038393560,,,,2810 Reevesville Rd,,Bowman,SC,29018,,,,,,,,,No,,,,,,,,,,,,,,,,,,,,,,,,,,,,,
Anne Aull,,5606,,,8033784868,,,,175 wildhearts Road,,Cameron,SC,,,,,,,,,,No,,,,,,,,,,,,,,,,,,,,,,,,,,,,,
Anne Banks,,8438,Anne,Banks,(803) 271-4635,ahbmom@hotmail.com,,,13 Thomas Walter Cir,,Santee,South Carolina,29142-8305,,,,,,,,,Yes,,,,,,,,,,,,,,,,,,,,,,,,,,,,,
Anne Farnum,,2812,,,8035354704,,,,1840 Carolina Ave,,Orangeburg,SC,,,,,,,,,,No,,,,,,,,,,,,,,,,,,,,,,,,,,,,,
Anne Gibson,,3859,,,8033830084,,,,824 Kizer Ave,,Bowman,SC,29018,,,,,,,,,No,,,,,,,,,,,,,,,,,,,,,,,,,,,,,
Anne Irick,,642,Anne,Irick,(843) 563-3742,,,,109 Main Street,PO Box 175,Reevesville,SC,29471,,,,,,,,,No,,,,,,,,,,,,,,,,,,,,,,,,,,,,,
Anne Moyer,,4528,,,8436700086,,,,678 fourwind rd ,,Holly Hill,SC,29059,,,,,,,,,No,,,,,,,,,,,,,,,,,,,,,,,,,,,,,
Anne Priester,,8263,Anne,Priester,(803) 261-1310,mabpriester@gmail.com,,,118 Britain Street,105,Santee,SC,29142,,,,,,,,,Yes,,,,,,,,,,,,,,,,,,,,,,,,,,,,,
Anne Schaumberg,,1432,Anne,Schaumberg,8038544440,,,,222 Cooper Dr,,Santee,SC,29142,,,,,,,"#fiberCustomer, #residential",,No,,,,,,,,,,,,,,,,,,,,,,,,,,,,,
Anne Smith,,626,,,8038370526,,,,115 Cooper Circle  ,,Santee,SC,,,,,,,,"#fiberCustomer, #residential",,No,,,,,,,,,,,,,,,,,,,,,,,,,,,,,
Annett Brisbon,,8412,Annett,Brisbon,(973) 951-4418,AnnettBrisbon@gmail.com,,,179 William Clark Blvd,,Santee,South Carolina,29142-9507,,,,,,,,,Yes,,,,,,,,,,,,,,,,,,,,,,,,,,,,,
Annett Spires ,,4503,,,8033475180,,,,634 Silver Spring ,,Livingston ,SC,29107,,,,,,,,,No,,,,,,,,,,,,,,,,,,,,,,,,,,,,,
Annette Baxter,,958,Annette,Baxter,(843) 701-5078,,,,214 New Meadow Dr.,,Reevesville,SC,,,,,,,,,,No,,,,,,,,,,,,,,,,,,,,,,,,,,,,,
Annette Dantzler,,1260,,,8034963886,,,,205 Odd Farm Lane,,Holly Hill,SC,29059,,,,,,,,,No,,,,,,,,,,,,,,,,,,,,,,,,,,,,,
Annette Danztler,,4261,,,8034963886,,,,205 Odd Farm Lane,,HollyHill,SC,29059,,,,,,,,,No,,,,,,,,,,,,,,,,,,,,,,,,,,,,,
Annette Davis,,3994,Annette,Davis,9125477402,,,,7631 Old Number Six Hwy,,Santee,SC,29142,,,,,,,,,No,,,,,,,,,,,,,,,,,,,,,,,,,,,,,
Annette Frazier,,1738,,,8038543651,,,,182 Pedigree Ln.,,Santee,SC,29142,,,,,,,,,No,,,,,,,,,,,,,,,,,,,,,,,,,,,,,
Annette Prezzy,,1308,,,8034964989,,,,1649 Lodge Hall St.,,Vance,SC,29163,,,,,,,,,No,,,,,,,,,,,,,,,,,,,,,,,,,,,,,
Annette Shuler,,752,,,8038542843,,,,7521 Old Number Six Hwy,,Santee,SC,29142,,,,,,,,,No,,,,,,,,,,,,,,,,,,,,,,,,,,,,,
Annette Smith,,5084,,,8033784204,,,,246 Sorin Circle,,Elloree,SC,,,,,,,,,,No,,,,,,,,,,,,,,,,,,,,,,,,,,,,,
Annette Washington,,5546,Annette,Washington,8036825107,,,,113 Cooper Circle,,Santee,SC,29142,,,,,,,"#fiberCustomer, #residential",,No,,,,,,,,,,,,,,,,,,,,,,,,,,,,,
Annie Barnes,,5721,,,8035462382,,,,627 Carrage Hill road,,Elloree,SC,29142,,,,,,,,,No,,,,,,,,,,,,,,,,,,,,,,,,,,,,,
Annie Gardner,,1924,,,8038544889,,,,1075 Chapel Branch Road,,Santee,SC,29142,,,,,,,,,No,,,,,,,,,,,,,,,,,,,,,,,,,,,,,
Annie Gardner,,370,,,8038545129,,,,9355 Old Number Six Hwy.,,Santee,SC,29142,,,,,,,,,No,,,,,,,,,,,,,,,,,,,,,,,,,,,,,
Annie Jefferson,,4066,,,8037596211,,,,754 Railroad Ave,,Elloree,SC,29047,,,,,,,,,No,,,,,,,,,,,,,,,,,,,,,,,,,,,,,
Annie Laura-Hutto ,,4688,,,8035071378,,,,4908 ninety six rd,,Neeses ,SC,29107,,,,,,,,,No,,,,,,,,,,,,,,,,,,,,,,,,,,,,,
Annie Mae Brown,,4552,,,8035700938,,,,1021 Woolbright Rd,,Santee,SC,29142,,,,,,,,,No,,,,,,,,,,,,,,,,,,,,,,,,,,,,,
Annie Oliver,,5978,Annie,Oliver,(803) 974-0144,annieoliver35@gmail.com,,,239 Fargo Drive,,Santee,SC,29142,,,,,,,,,Yes,,,,,,,,,,,,,,,,,,,,,,,,,,,,,
Annie Profit,,1515,,,8034963224,,,,110 Maybell street,,Holly Hill,SC,29059,,,,,,,,,No,,,,,,,,,,,,,,,,,,,,,,,,,,,,,
Annie Simpson,,2626,,,8032901363,,,,148 Mozel Ln,,Bowman,SC,29018,,,,,,,,,No,,,,,,,,,,,,,,,,,,,,,,,,,,,,,
Annie Simpson,,3107,,,8032901363,,,,148 mozel lane,,Bowman ,SC,,,,,,,,,,No,,,,,,,,,,,,,,,,,,,,,,,,,,,,,
Anquanette Darby,,3342,,,8032900850,,,,763 Manning St,,Orangeburg,SC,29115,,,,,,,,,No,,,,,,,,,,,,,,,,,,,,,,,,,,,,,
Anthony & Lillie Bookard,,4045,,,8036143597,,,,668 Arista Rd,,Bowman,SC,29018,,,,,,,,,No,,,,,,,,,,,,,,,,,,,,,,,,,,,,,
Anthony Ashby,,1344,,,8032903274,,,,151 Newton Rd.,,Santee,SC,29142,,,,,,,,,No,,,,,,,,,,,,,,,,,,,,,,,,,,,,,
Anthony Cila,,1503,,,8038543899,,,,5041 Myrtle Dr.,,Santee,SC,29142,,,,,,,,,No,,,,,,,,,,,,,,,,,,,,,,,,,,,,,
Anthony Craft,,3757,Anthony,Craft,(803) 707-0375,,,,1872 Broughton Street,,Orangeburg ,SC,29118,,,,,,,,,No,,,,,,,,,,,,,,,,,,,,,,,,,,,,,
Anthony Craft,,8121,Anthony,Craft,(803) 378-1867,whoaimant@gmail.com,,,1471 State Road S-38-668,,Cameron,SC,29030,,,,,,,,,Yes,,,,,,,,,,,,,,,,,,,,,,,,,,,,,
Anthony Delre,,519,Anthony,Delre,8038543357,,,,425 Santee Drive                   ,,Santee,SC,29142,,,,,,,"#fiberCustomer, #residential",,No,,,,,,,,,,,,,,,,,,,,,,,,,,,,,
Anthony Ellis,,2989,,,8039740771,,,,140 Oak Hollow Dr,,Santee,SC,29142,,,,,,,,,No,,,,,,,,,,,,,,,,,,,,,,,,,,,,,
Anthony Ellis,,5121,,,8039749410,,,,140 Oak Hoollow Drive,,Santee,SC,29142,,,,,,,,,No,,,,,,,,,,,,,,,,,,,,,,,,,,,,,
Anthony Fabian,,8516,Anthony,Fabian,(843) 209-2162,snoopy120564@gmail.com,,,604 Santee Dr,,Santee,South Carolina,29142-9306,,,,,,,,,Yes,,,,,,,,,,,,,,,,,,,,,,,,,,,,,
Anthony Floyd,,6227,Anthony,Floyd,(843) 605-5141,,,,359 Ballards Ln,,Santee,SC,29142,,,,,,,,,Yes,,,,,,,,,,,,,,,,,,,,,,,,,,,,,
Anthony Funderburg,,5030,Anthony,Funderburg,8039740671,,,,685 State Road S-38-121,,Elloree,SC,29047,,,,,,,,,No,,,,,,,,,,,,,,,,,,,,,,,,,,,,,
Anthony Funderburg,,362,,,8038544824,,,,124 Big Phils Court,,Santee,SC,29142,,,,,,,,,No,,,,,,,,,,,,,,,,,,,,,,,,,,,,,
Anthony Giardino,,6188,Anthony ,Giardino,(412) 310-1006,dinogiardino@yahoo.com,,,474 Santee Drive,,Santee,SC,29142,Patrick,,(803) 262-3546,,,,"#fiberCustomer, #residential",,Yes,,,,,,,,,,,,,,,,,,,,,,,,,,,,,
Anthony Holman,,3408,,,8033780796,,,,130 Morning Hill Dr,,Orangeburg,SC,29115,,,,,,,,,No,,,,,,,,,,,,,,,,,,,,,,,,,,,,,
Anthony James & Corinna Aiken,,5971,Anthony,James,(803) 857-4116,,,,950 Chestnut Street,,Orangeburg,SC,29115,,,,,,,,,Yes,,,,,,,,,,,,,,,,,,,,,,,,,,,,,
Anthony Jones,,5348,,,8038292758,,,,273 Apple Street,,Bowman,SC,29018,,,,,,,,,No,,,,,,,,,,,,,,,,,,,,,,,,,,,,,
Anthony Lyons,,3159,,,8036140565,,,,796 Edisto Ave,,Orangeburg,SC,29115,,,,,,,,,No,,,,,,,,,,,,,,,,,,,,,,,,,,,,,
Anthony Muir,,3804,,,8037471951,,,,142 Live oak rd,,,SC,,,,,,,,,,No,,,,,,,,,,,,,,,,,,,,,,,,,,,,,
Anthony Oziemblo,,944,,,8038549420,,,,414 Santee Drive,,Santee,SC,29142,,,,,,,"#fiberCustomer, #residential",,No,,,,,,,,,,,,,,,,,,,,,,,,,,,,,
Anthony Sheard,,3989,,,8033780283,,,,308 Cemetery Road,,Cameron,SC,29030,,,,,,,,,No,,,,,,,,,,,,,,,,,,,,,,,,,,,,,
Anthony Shivers,,6246,Anthony,Shivers,(803) 878-6990,,,,2111 Tee Vee Road,,Elloree,SC,29047,,,,,,,,,Yes,,,,,,,,,,,,,,,,,,,,,,,,,,,,,
Anthony Shuler life 4D living,,3926,,,8438109700,,,,1830 russell st,,Orangeburg,SC,29115,,,,,,,,,No,,,,,,,,,,,,,,,,,,,,,,,,,,,,,
Anthony Snell,,1385,,,8038542863,,,,413 Ballard Lane,,Santee,SC,29142,,,,,,,,,No,,,,,,,,,,,,,,,,,,,,,,,,,,,,,
Anthony Tucker,,8315,Anthony,Tucker,(615) 618-6125,atucker1973@gmail.com,,,209 Green St,,Santee,South Carolina,29142-8832,,,,,,,,,Yes,,,,,,,,,,,,,,,,,,,,,,,,,,,,,
Anthony Watson,,4412,Anthony,Watson,(803) 614-1156,,,,2295 Myers rd,,Orangeburge ,SC,29115,,,,,,,,,No,,,,,,,,,,,,,,,,,,,,,,,,,,,,,
Antioch Baptist Church,,4877,Fred,Mack,8033474831,,,,7640 Charlston hwy,,Bowman,SC,29018,,,,,,,,,No,,,,,,,,,,,,,,,,,,,,,,,,,,,,,
Antione Brooks,,4207,Antione,Brooks,(803) 308-1897,,,,4533 Cleavland Street,,,SC,,,,,,,,,,No,,,,,,,,,,,,,,,,,,,,,,,,,,,,,
Antione Howell,,2308,,,8035342922,,,,1472 Rhoad Street,,Orangeburg,SC,29118,,,,,,,,,No,,,,,,,,,,,,,,,,,,,,,,,,,,,,,
Antoine Green,,1919,,,8038975013,,,,1060 Woolbright Rd.,,Santee,SC,29142,,,,,,,,,No,,,,,,,,,,,,,,,,,,,,,,,,,,,,,
Antoine Irvin,,8483,Antoine,Irvin,(945) 239-1689,gummi4ama81@gmail.com,,,133 Congaree Ct,,Santee,South Carolina,29142-9513,,,,,,,,,Yes,,,,,,,,,,,,,,,,,,,,,,,,,,,,,
Antoine Payton,,3195,,,8039378240,,,,1913 Carolina Ave,,Orangeburg,SC,29115,,,,,,,,,No,,,,,,,,,,,,,,,,,,,,,,,,,,,,,
Antone Graham,,3527,,,8037477141,,,,500 Fletcher Street,,Orangeburg,SC,29115,,,,,,,,,No,,,,,,,,,,,,,,,,,,,,,,,,,,,,,
Antonia Gelzer,,4459,,,8435601226,,,,564 Project Rd,,Bowman,SC,29018,,,,,,,,,No,,,,,,,,,,,,,,,,,,,,,,,,,,,,,
Antonia Turkbent ,,4600,,,8036824740,,,,1318 Penn Rd,,Orangeburg,SC,29115,,,,,,,,,No,,,,,,,,,,,,,,,,,,,,,,,,,,,,,
Antonio Robles,,6249,Antonio,Robles,(803) 974-1122,,,,184 Wishbone Circle,,Elloree,SC,29047,,,,,,,,,Yes,,,,,,,,,,,,,,,,,,,,,,,,,,,,,
Antonio Rojaf,,6110,Antonio,Rojaf,(803) 682-7323,,,,1710 Farmers Road,,Elloree,SC,29047,,,,,,,,,Yes,,,,,,,,,,,,,,,,,,,,,,,,,,,,,
Antwane Harrison,,4390,,,8033878210,,,,594 Louis Dunton Street,,Orangeburg,SC,29115,,,,,,,,,No,,,,,,,,,,,,,,,,,,,,,,,,,,,,,
Antwanique Sumpter,,4462,,,8039718022,,,,533 Fourwind Road,,HollyHill,SC,29059,,,,,,,,,No,,,,,,,,,,,,,,,,,,,,,,,,,,,,,
Antwoin Thomas,,5387,,,,,,,398 lauderdale, ,Eutawville,SC,,,,,,,,,,No,,,,,,,,,,,,,,,,,,,,,,,,,,,,,
Apolinar Lara,,5934,Apolinar,Lara,(843) 518-1899,,,,6669 Vance Road,,Bowman,SC,29018,,,,,,,,,Yes,,,,,,,,,,,,,,,,,,,,,,,,,,,,,
Apollonia Johnson,,7997,Apollonia ,Johnson,(843) 992-3071,Appjohnson2@yahoo.com,,,104 Cliffton Drive,,Reevesville,SC,29471,,,,,,,,,Yes,,,,,,,,,,,,,,,,,,,,,,,,,,,,,
April Aiken,,5543,,,8038600723,,,,720 Three Bridges,,Elloree,SC,29047,,,,,,,,,No,,,,,,,,,,,,,,,,,,,,,,,,,,,,,
April Burgess,,4548,,,8038789378,,,,111 3rd St,,,SC,,,,,,,,"#fiberCustomer, #residential",,No,,,,,,,,,,,,,,,,,,,,,,,,,,,,,
April Cannonbery,,5786,,,8033780985,,,,320 4th Street,,Santee,SC,29142,,,,,,,"#fiberCustomer, #residential",,No,,,,,,,,,,,,,,,,,,,,,,,,,,,,,
April Canterbury,,6343,April,Canterbury,(803) 378-0985,,,,1080 Moultrie Drive,,Santee,SC,29142,,,,,,,"#fiberCustomer, #residential",,Yes,,,,,,,,,,,,,,,,,,,,,,,,,,,,,
April Carder,,2362,,,8036640641,,,,740 Wolfe St,,Elloree,SC,29047,,,,,,,,,No,,,,,,,,,,,,,,,,,,,,,,,,,,,,,
April Cokley,,4446,,,8435635555,,,,6701 Johnston ave,,Reevesville,SC,29471,,,,,,,,,No,,,,,,,,,,,,,,,,,,,,,,,,,,,,,
April Davis,,3346,,,8039376823,,,,827 Berry St,,Orangeburg  ,SC,29115,,,,,,,,,No,,,,,,,,,,,,,,,,,,,,,,,,,,,,,
April Gokey,,2066,April,Gokey,(843) 514-6886,,,,421 Rigby St,,Reevesville,SC,29471,,,,,,,,,No,,,,,,,,,,,,,,,,,,,,,,,,,,,,,
April Inabinet,,8590,April,Inabinet,(803) 378-3701,aprilinabinet@gmail.com,,,125 Express Lane,,Orangeburg,SC,29115,,,,,,,,,Yes,,,,,,,,,,,,,,,,,,,,,,,,,,,,,
April Johnson,,5467,,,8034965521,,,,1173 Gardner Blvd,,Holly Hill,SC,29049,,,,,,,,,No,,,,,,,,,,,,,,,,,,,,,,,,,,,,,
April Mae Martin,,8244,April Mae,Martin,(803) 707-4128,crazybeautiful@spectrum.net,,,126 Parvis Road,,Cordova,SC,29039,,,,,,,,,Yes,,,,,,,,,,,,,,,,,,,,,,,,,,,,,
April Middleton,,4244,,,8035703631,,,,156 Mannlicher Drive,,Orangeburg,SC,29115,,,,,,,,,No,,,,,,,,,,,,,,,,,,,,,,,,,,,,,
April Pam ,,4591,,,8033786265,,,,1224 Sunrise lane ,,Orangeburg ,SC,29115,,,,,,,,,No,,,,,,,,,,,,,,,,,,,,,,,,,,,,,
April Phillips,,4833,April,Phillips,8037470559,,,,1294 Hebron Road,,Neeses,SC,29107,,,,,,,,,No,,,,,,,,,,,,,,,,,,,,,,,,,,,,,
April Rivera ,,4746,,,8033871657,,,,332 Thrreson st,,Orangeburg,SC,29115,,,,,,,,,No,,,,,,,,,,,,,,,,,,,,,,,,,,,,,
April Scurry,,4903,,,8033782688,,,,304 Twin Lakes rd,,Neeses,SC,,,,,,,,,,No,,,,,,,,,,,,,,,,,,,,,,,,,,,,,
April Sumpter,,3274,,,8039740666,,,,205 Cecilia St,,Santee,SC,29142,,,,,,,,,No,,,,,,,,,,,,,,,,,,,,,,,,,,,,,
April Williams,,2391,,,8036642235,,,,280 Center St  ,Apt B,Bowman,SC,29018,,,,,,,,,No,,,,,,,,,,,,,,,,,,,,,,,,,,,,,
April's Wild Styles,,6014,April's,Wild Styles,(803) 854-4084,,,,,,,,,,,,,,,,,Yes,,,,,,,,,,,,,,,,,,,,,,,,,,,,,
Arby's,,4443,,,8035334351,,,,1935 Old Edisto Dr,,Orangeburg,SC,29118,,,,,,,,,No,,,,,,,,,,,,,,,,,,,,,,,,,,,,,
Archie Pierson,,2986,Archie,Pierson,(803) 460-4804,,,,1015 Park Dr,,Santee,SC,29142,,,,,,,"#fiberCustomer, #residential",,No,,,,,,,,,,,,,,,,,,,,,,,,,,,,,
Ardray Oliver,,1646,,,8034966230,,,,143 Bigelow Ct,,Santee,SC,29142,,,,,,,,,No,,,,,,,,,,,,,,,,,,,,,,,,,,,,,
Areatha Brooks,,3891,,,8032905094,,,,125 Mozel Lane,,Bowman,SC,29018,,,,,,,,,No,,,,,,,,,,,,,,,,,,,,,,,,,,,,,
Aretha Allison,,3623,,,,,,,8361 Charleston Highway,,Orangeburg,SC,,,,,,,,,,No,,,,,,,,,,,,,,,,,,,,,,,,,,,,,
Aretha Allison,,1049,,,8037479103,,,,8316 Charleston Hwy,,Bowman,SC,29018,,,,,,,,,No,,,,,,,,,,,,,,,,,,,,,,,,,,,,,
Arin Ball,,2739,,,5706407472,,,,215 Cooper Dr,,Santee ,SC,29142,,,,,,,"#fiberCustomer, #residential",,No,,,,,,,,,,,,,,,,,,,,,,,,,,,,,
Arjav Panchal,,2149,,,4237104348,,,,Lakeland Circle Apt A1,,Santee,SC,29142,,,,,,,,,No,,,,,,,,,,,,,,,,,,,,,,,,,,,,,
Arlene H. Mandel,,2285,,,8038543059,,,,8 Peter Collison,,Santee,SC,29142,,,,,,,,,No,,,,,,,,,,,,,,,,,,,,,,,,,,,,,
Armando Garcia,,3136,,,8435099520,,,,133 Natureville Ct,,Bowman,SC,29018,,,,,,,,,No,,,,,,,,,,,,,,,,,,,,,,,,,,,,,
Armando's Mexican,,6032,Armando's,Mexican,(803) 857-1334,,,,9134 Old Number Six Hwy,,Santee,SC,29142,,,,,,,,,Yes,,,,,,,,,,,,,,,,,,,,,,,,,,,,,
Armin Inc - Miracle Ear,,2742,Authur,Smith,9125077280,,,,1151 St Matthews Rd,,Orangeburg,SC,29118,,,,,,,,,No,,,,,,,,,,,,,,,,,,,,,,,,,,,,,
Armond Darrin,,2723,,,4439296181,,,,415 Ballard Point Bldg 1,,Santee,SC,29142,,,,,,,,,No,,,,,,,,,,,,,,,,,,,,,,,,,,,,,
Arnetia Hutcherson,,4734,,,,,,,1292 Ashley St,,Orangeburg,SC,29115,,,,,,,,,No,,,,,,,,,,,,,,,,,,,,,,,,,,,,,
Arnetia Hutcherson,,4547,,,8033083187,,,,1292 Ashley St,,Orangeburg,SC,29115,,,,,,,,,No,,,,,,,,,,,,,,,,,,,,,,,,,,,,,
Arnisha Green,,3040,,,8033089966,,,,7728 Old Number Six Hwy,,Santee,SC,29142,,,,,,,,,No,,,,,,,,,,,,,,,,,,,,,,,,,,,,,
Arnold Hutto,,756,,,8035339821,,,,5647 Old State Rd.,,Holly Hill,SC,29089,,,,,,,,,No,,,,,,,,,,,,,,,,,,,,,,,,,,,,,
Arthritis & Osteoporosis Center ,,2731,Glenda,.,8035392224,,,,1768 Village Park Drive,,Orangeburg,SC,29118,,,,,,,,,No,,,,,,,,,,,,,,,,,,,,,,,,,,,,,
Arthur Adams,,2429,,,8038292359,,,,120 Laura St,,Bowman,SC,,,,,,,,,,No,,,,,,,,,,,,,,,,,,,,,,,,,,,,,
Arthur Shuler ,,449,,,8034967898,,,,4256 Old State Rd     ,,Santee,SC,29142,,,,,,,,,No,,,,,,,,,,,,,,,,,,,,,,,,,,,,,
Arthur Strock,,3338,,,8038370233,,,,110 Micanopy Ct,,,SC,,,,,,,,,,No,,,,,,,,,,,,,,,,,,,,,,,,,,,,,
Artie Felder,,1198,,,8038972205,,,,105 Cemetery Rd  ,,Elloree,SC,29047,,,,,,,,,No,,,,,,,,,,,,,,,,,,,,,,,,,,,,,
Arun Patel,,1289,,,,,,,202 Thornburg Street,,Holly Hill,SC,29059,,,,,,,,,No,,,,,,,,,,,,,,,,,,,,,,,,,,,,,
Ashanti Hilliard,,395,,,8034967383,,,,258 Dalehurst Drive,,Holly Hill,SC,29059,,,,,,,,,No,,,,,,,,,,,,,,,,,,,,,,,,,,,,,
Ashawn Mayberry,,621,,,5732477147,,,,521 Lakeland Circle,,Santee,SC,29142,,,,,,,,,No,,,,,,,,,,,,,,,,,,,,,,,,,,,,,
Ashburn Inn of Manning,,,,,8032491113,,,,5973 Alex Harvin Hwy,,Manning,SC,29102,,,,,,,#Hospitality,,No,,,,,,,,,,,,,,,,,,,,,,,,,,,,,
Ashish Patel,,8262,Ashish,Patel,(203) 953-5357,abpate19007@gmail.com,,,2212 State Park Road,,Santee,SC,29142,,,,,,,,,Yes,,,,,,,,,,,,,,,,,,,,,,,,,,,,,
Ashlee Gainey,,3456,,,8039284234,,,,875 Bunch Ford Rd,,Holly Hill ,SC,29059,,,,,,,,,No,,,,,,,,,,,,,,,,,,,,,,,,,,,,,
Ashleigh Davis,,8313,Ashleigh,Davis,(803) 971-3454,monet2279@gmail.com,,,144 Congaree Ct.,,Santee,SC,29142,,,,,,,,,Yes,,,,,,,,,,,,,,,,,,,,,,,,,,,,,
Ashley Baez,,2716,,,,,,,502 avens ct ,,Bowman,SC,29018,,,,,,,,,No,,,,,,,,,,,,,,,,,,,,,,,,,,,,,
Ashley Boulanger,,1211,,,8035359107,,,,125 Bowman Ave,,Bowman ,SC,29018,,,,,,,,,No,,,,,,,,,,,,,,,,,,,,,,,,,,,,,
Ashley Dangerfield,,6154,Ashley,Dangerfield,(843) 901-7328,,,,83 Oakview Road,,Cameron,SC,29030,,,,,,,,,Yes,,,,,,,,,,,,,,,,,,,,,,,,,,,,,
Ashley Farlow,,5647,,,8034560567,,,,164 Usha Court,,Orangeburg ,SC,29115,,,,,,,,,No,,,,,,,,,,,,,,,,,,,,,,,,,,,,,
Ashley Fennell,,3478,,,8439081641,,,,1479 Carolina Ave,,Orangeburg,SC,29115,,,,,,,,,No,,,,,,,,,,,,,,,,,,,,,,,,,,,,,
Ashley Gartman,,8173,Ashley ,Gartman,(803) 378-7834,ashly13.ap@gmail.com,,,1071 Myrtle Drive,,Santee,SC,29142,,,,,,,,,Yes,,,,,,,,,,,,,,,,,,,,,,,,,,,,,
Ashley Jamison,,1607,,,8038579310,,,,120 Fawn Circle,,Elloree,SC,,,,,,,,,,No,,,,,,,,,,,,,,,,,,,,,,,,,,,,,
Ashley Manly,,4644,,,6202621239,,,,359 south lexington st ,,Elloree,SC,29047,,,,,,,,,No,,,,,,,,,,,,,,,,,,,,,,,,,,,,,
Ashley McMichael,,3875,,,8037590818,,,,581 Resort St,,Santee,SC,29142,,,,,,,,,No,,,,,,,,,,,,,,,,,,,,,,,,,,,,,
Ashley Myers,,4177,,,8034966422,,,,514 Harvest Road,,Vance,SC,29163,,,,,,,,,No,,,,,,,,,,,,,,,,,,,,,,,,,,,,,
Ashley Myers,,6276,Ashley,Myers,(843) 852-1744,keri29059@gmail.com,,,132 2nd Street,,Santee,SC,29142,,,,,,,"#fiberCustomer, #residential",,Yes,,,,,,,,,,,,,,,,,,,,,,,,,,,,,
Ashley Myers,,2571,,,8036149368,,,,2813 Eutaw Road ,,Holly Hill ,SC,29059,,,,,,,,,No,,,,,,,,,,,,,,,,,,,,,,,,,,,,,
Ashley Shuler,,2834,,,8038972984,,,,623 Carriage Rd,,Elloree,SC,12047,,,,,,,,,No,,,,,,,,,,,,,,,,,,,,,,,,,,,,,
Ashley Stroman,,5281,,,8436408458,,,,901 Corona Dr,,Orangeburg,SC,29115,,,,,,,,,No,,,,,,,,,,,,,,,,,,,,,,,,,,,,,
Ashley Summers,,2190,Jeffrey,Harvey,(803) 942-3768,,,,8225 Old State Rd.,,Cameron,SC,,Jeffrey,Harvey,(803) 942-3768,,,,,,No,,,,,,,,,,,,,,,,,,,,,,,,,,,,,
Ashley Walker,,1603,,,8036141669,,,,107 Ridgecreek Ct.,,Holly Hill ,SC,29059,,,,,,,,,No,,,,,,,,,,,,,,,,,,,,,,,,,,,,,
Ashley Williams,,5925,Ashley,Williams,(803) 837-8201,,,,471 Bowman Branch Highway,,Bowman,SC,29018,,,,,,,,,Yes,,,,,,,,,,,,,,,,,,,,,,,,,,,,,
Ashok Vaseashta ,,4338,,,7036565514,,,,418 Santee Dr     ,,Santee,SC,29142,,,,,,,"#fiberCustomer, #residential",,No,,,,,,,,,,,,,,,,,,,,,,,,,,,,,
Ashu Patel,,6119,Ashu,Patel,(803) 415-0258,,,,105 Joe S Jeffords Highway,,Orangeburg,SC,29115,,,,,,,,,Yes,,,,,,,,,,,,,,,,,,,,,,,,,,,,,
Asia Brown,,389,,,8034963033,,,,338 Balboa Lane,,Holly Hill,SC,29059,,,,,,,,,No,,,,,,,,,,,,,,,,,,,,,,,,,,,,,
Asia Davis,,3564,,,8436968959,,,,2035 Tee Vee Road,,Elloree,SC,29047,,,,,,,,,No,,,,,,,,,,,,,,,,,,,,,,,,,,,,,
Astreia Dixson,,3864,,,8036143024,,,,166 Dixon Street,,Orangeburg,SC,29115,,,,,,,,,No,,,,,,,,,,,,,,,,,,,,,,,,,,,,,
AT&T Fiber,,2346,,,,,,,,,,,,,,,,,,,,No,,,,,,,,,,,,,,,,,,,,,,,,,,,,,
Atlantic Broadband,,5692,,,8035220164,,,,.,,,SC,,,,,,,,,,No,,,,,,,,,,,,,,,,,,,,,,,,,,,,,
Atsko ,,3535,Atsko,,(803) 531-1820,,,,2664 Russell St,,Orangeburg,SC,29115,,,,,,,,,No,,,,,,,,,,,,,,,,,,,,,,,,,,,,,
ATT Advertising & Publishing,,804,,,8037314670,,,,100 Center Point II,PO Box 21668,Columbia,SC,29221,,,,,,,,,No,,,,,,,,,,,,,,,,,,,,,,,,,,,,,
Attic Frame Shop,,1573,,,8035399717,,,,1634 St Matthews Rd,,Orangeburg,SC,29118,,,,,,,,,No,,,,,,,,,,,,,,,,,,,,,,,,,,,,,
Attic Frame Shop and Gallery,,8687,Abby,,(803) 539-9717,,,,1634 St Matthews Rd,,Orangeburg,South Carolina,29118-2439,,,,,,,,,Yes,,,,,,,,,,,,,,,,,,,,,,,,,,,,,
Aubrey Kelly,,2086,,,8036820018,,,,7919 Old Number Six Hwy.,,Santee,SC,29142,,,,,,,,,No,,,,,,,,,,,,,,,,,,,,,,,,,,,,,
Audrey Bullock,,713,,,8039286870,,,,377 Harvard Lane,,Santee,SC,29142,,,,,,,,,No,,,,,,,,,,,,,,,,,,,,,,,,,,,,,
Audrey Haselden,,8035,Audrey,Haselden,(843) 607-4777,AudreyHaseldensc@gmail.com,,,112 Broad River Drive,,Santee,SC,29142,,,,,,,"#fiberCustomer, #residential",,Yes,,,,,,,,,,,,,,,,,,,,,,,,,,,,,
Audrey Lepley,,491,,,8036824963,,,,306 Veneer Street,,Elloree,SC,29047,,,,,,,,,No,,,,,,,,,,,,,,,,,,,,,,,,,,,,,
Audrey Simmons,,2818,,,,,,,3143 hill street,,,SC,,,,,,,,,,No,,,,,,,,,,,,,,,,,,,,,,,,,,,,,
Aundra Funderburk,,4815,Aundra,Funderburk,(803) 308-6783,,,,381 Lexington Road Apt 6,,Elloree,SC,,,,,,,,,,No,,,,,,,,,,,,,,,,,,,,,,,,,,,,,
Aunties' Attic & Art LLC,,8115,Alice,Maliszewski (Muly-chef-ski),(302) 530-8649,ashort3000@msn.com,,,3739 Cleveland Street,Suite 103,Elloree,SC,29047,,,,,,,,,Yes,,,,,,,,,,,,,,,,,,,,,,,,,,,,,
Aurora A Deaton,,2159,,,8032972300,,,,111 Elaine Road,,Elloree,SC,29047,,,,,,,,,No,,,,,,,,,,,,,,,,,,,,,,,,,,,,,
Austin,,8014,Austin,Jackson,(803) 300-2515,,,,279 Sage Rd,,Barnwell,SC,29812,,,,,,,,,Yes,,,,,,,,,,,,,,,,,,,,,,,,,,,,,
Austin Hair ,,4406,,,8033785694,,,,,,,,,,,,,,,,,No,,,,,,,,,,,,,,,,,,,,,,,,,,,,,
Austin Laurick,,5254,Gina,Laurick,8036642414,,,,607 Rice Street,,Neeses,SC,29107,,,,,,,,,No,,,,,,,,,,,,,,,,,,,,,,,,,,,,,
Auto Glass Works,,12,,,,,,,541 John C Calhoun Dr,,Orangeburg,SC,26115,,,,,,,,,No,,,,,,,,,,,,,,,,,,,,,,,,,,,,,
Automaxx ,,1524,,,8035310140,,,,2495 Magnolia Street,,Orangeburg,SC,,,,,,,,,,No,,,,,,,,,,,,,,,,,,,,,,,,,,,,,
Autumne Smith,,3434,,,8034196546,,,,102 Summer Lane Dr,,Santee,SC,29142,,,,,,,,,No,,,,,,,,,,,,,,,,,,,,,,,,,,,,,
Ava,,3890,,,,,,,,,,,,,,,,,,,,No,,,,,,,,,,,,,,,,,,,,,,,,,,,,,
Ava VanHouten,,8175,Ava,Van Houten,(803) 854-0996,avavanhouten101@gmail.com,,,106 Oak Hollow Drive,,Santee,SC,29142,,,,,,,,,Yes,,,,,,,,,,,,,,,,,,,,,,,,,,,,,
Aveon Wright,,2949,,,8037078851,,,,121 Topaz Rd,,Vance,SC,29163,,,,,,,,,No,,,,,,,,,,,,,,,,,,,,,,,,,,,,,
Averin Tyler,,3722,,,8033872579,,,,455 Broughton Street,,Orangeburg,SC,29118,,,,,,,,,No,,,,,,,,,,,,,,,,,,,,,,,,,,,,,
Avery Odom,,3937,,,8032570857,,,,313 Clark St,,Santee,SC,29142,,,,,,,,,No,,,,,,,,,,,,,,,,,,,,,,,,,,,,,
Avis Dubose,,1578,,,8032257001,,,,181 Avocada Dr,,Santee,SC,29142,,,,,,,,,No,,,,,,,,,,,,,,,,,,,,,,,,,,,,,
Avruti Patel,,3876,,,8039749542,,,,197 Ballard Lane,,Santee,SC,29142,,,,,,,,,No,,,,,,,,,,,,,,,,,,,,,,,,,,,,,
Ayenne Smith,,4710,,,8038373294,,,,1379 Lands End Rd,,Orangeburg ,SC,29118,,,,,,,,,No,,,,,,,,,,,,,,,,,,,,,,,,,,,,,
Aysha Herbert,,8641,Aysha,Herbert,(404) 679-8048,pooleaysha@yahoo.com,,,162 William Clark Blvd,,Santee,South Carolina,29142-9507,,,,,,,,,Yes,,,,,,,,,,,,,,,,,,,,,,,,,,,,,
Azure Celestine Insurance Agency,,4853,,,8035500894,,,,1109 Doyle St,,Orangeburg,SC,29115,,,,,,,,,No,,,,,,,,,,,,,,,,,,,,,,,,,,,,,
B & J ICE ,,4306,,,,,,,1001 Sulton CT ,,Orangebrug,SC,29115,,,,,,,,,No,,,,,,,,,,,,,,,,,,,,,,,,,,,,,
B & M Enterprise Group Inc,,973,,,8432007681,,,,9395 Old Number 6 Highway,PO Box 130,Santee,SC,29118,,,,,,,,,No,,,,,,,,,,,,,,,,,,,,,,,,,,,,,
BA Morris,,4080,BA,Morris,(803) 793-5894,,,,112 broughton ave,,Barnwell,SC,,,,,,,,,,No,,,,,,,,,,,,,,,,,,,,,,,,,,,,,
Babara Gathers,,848,,,8035312745,,,,430 Jackson Belt Rd.,,Holly Hill ,SC,29059,,,,,,,,,No,,,,,,,,,,,,,,,,,,,,,,,,,,,,,
Back To Basics Learning Center,,1057,.,White,8035352044,,,,1390 Springdale Dr,,Orangeuburg,SC,29118,,,,,,,,,No,,,,,,,,,,,,,,,,,,,,,,,,,,,,,
Bailey Gerald,,6314,Bailey,Gerald,8435632510,,,,410 Main St,,Reevesville,SC,29471,,,,,,,,,Yes,,,,,,,,,,,,,,,,,,,,,,,,,,,,,
Bailey Gonzalez,,4726,,,8032689590,,,,177 Dan Keowen Dr,,Orangeburg ,SC,,,,,,,,,,No,,,,,,,,,,,,,,,,,,,,,,,,,,,,,
Bailey Troublefield,,8605,Bailey,Troublefield,(803) 669-3818,bmt3818@gmail.com,,,733 Striped Bass Dr,,Santee,SC,29142,,,,,,,,,Yes,,,,,,,,,,,,,,,,,,,,,,,,,,,,,
Bair Builders,,1004,Pete,Stickles,8038972716,,,,1386 Midway Rd.,,Elloree,SC,29047,,,,,,,,,No,,,,,,,,,,,,,,,,,,,,,,,,,,,,,
Balinda Walters ,,4867,,,8037078162,,,,123 Newfield cir,,Elloree ,SC,,,,,,,,,,No,,,,,,,,,,,,,,,,,,,,,,,,,,,,,
Ballard,,3961,,,,,,,,,,,,,,,,,,,,No,,,,,,,,,,,,,,,,,,,,,,,,,,,,,
Ballard Auto Parts,,8354,Sharon,,(803) 534-1151,,,,1188 John C Calhoun Dr,,Orangeburg,South Carolina,29115-6656,,,,,,,,,Yes,,,,,,,,,,,,,,,,,,,,,,,,,,,,,
Ballards Point Phase 2 Building 3,,4415,Ballards,Point Phase 2 Building 3,,,,,Ballards Ln,,Santee,SC,29142,,,,,,,,,No,,,,,,,,,,,,,,,,,,,,,,,,,,,,,
Bamberg County,,3783,,,,,,,2959 Main Highway,,Bamberg,SC,29003,,,,,,,,,No,,,,,,,,,,,,,,,,,,,,,,,,,,,,,
Bamberg County Hospital - Matt Hiatt,,1717,,,8033081825,,,,509 North Street,,Bamberg,SC,29003,,,,,,,,,No,,,,,,,,,,,,,,,,,,,,,,,,,,,,,
Bamberg District One,,14,Ricky,Albertson,8032456647,ricky@bamberg1.net,,,3830 Faust st,,Bamberg,SC,29003,,,,,,,,,No,,,,,,,,,,,,,,,,,,,,,,,,,,,,,
Bamberg East Apartment,,15,,,,,,,120 Creekside Drive,,Bamberg,SC,29003,,,,,,,,,No,,,,,,,,,,,,,,,,,,,,,,,,,,,,,
Bamberg Fire Department,,2339,,,8036821702,,,,P.O. Box 477 ,,Bamberg,SC,29003,,,,,,,,,No,,,,,,,,,,,,,,,,,,,,,,,,,,,,,
Bamberg Job Core,,1307,Kathy,Lyons,8032456320,,,,19 Jobcorps Ave,,Bamberg,SC,,,,,,,,,,No,,,,,,,,,,,,,,,,,,,,,,,,,,,,,
Bamberg Medical d/b/a Aftercare Medical,,3074,,,,,,,3190 Main Highway,,Bamberg,SC,29003,,,,,,,,,No,,,,,,,,,,,,,,,,,,,,,,,,,,,,,
Bamberg Public Works,,1158,Bamberg,Public Works,(803) 707-5613,,,,2340 Main Hwy,PO Box 1180,Bamberg,SC,29003,Allen,,(803) 664-1651,,,,,,No,,,,,,,,,,,,,,,,,,,,,,,,,,,,,
Bamberg Vet Clinic,,5229,,,8032452415,,,,11156 Heritage Highway,,Bamberg,SC,29003,,,,,,,,,No,,,,,,,,,,,,,,,,,,,,,,,,,,,,,
Bao Mai,,2145,,,,,,,102 Summerlane Dr, Apt 13,,SC,,,,,,,,,,No,,,,,,,,,,,,,,,,,,,,,,,,,,,,,
Barbara Allen,,5793,,,,,,,15 R Andre Michaux,,Santee ,SC,29142,,,,,,,,,No,,,,,,,,,,,,,,,,,,,,,,,,,,,,,
Barbara Allen,,1335,Barbara,Allen,8038544038,,,,15R Andre Michaux,,Santee,SC,29142,,,,,,,,,No,,,,,,,,,,,,,,,,,,,,,,,,,,,,,
Barbara Anderson,,1504,,,8038542680,,,,125 Big Phils Ct.,,Santee,SC,29142,,,,,,,,,No,,,,,,,,,,,,,,,,,,,,,,,,,,,,,
Barbara Andrews,,4714,,,8039280689,,,,1460 Cleckley Blvd,,Orangeburg,SC,29118,,,,,,,,,No,,,,,,,,,,,,,,,,,,,,,,,,,,,,,
Barbara Barnette,,8189,Deborah,Barnette,(843) 460-4041,DeborahFit62@gmail.com,,,17 Andre Michaux Road,,Santee,SC,29142,,,,,,,,,Yes,,,,,,,,,,,,,,,,,,,,,,,,,,,,,
Barbara Brown,,3918,,,8038571255,,,,154 Craig St,,Eutawville,SC,29048,,,,,,,,,No,,,,,,,,,,,,,,,,,,,,,,,,,,,,,
Barbara Butler,,1151,,,8038972943,,,,1077 Harlin St,,Elloree,SC,29042,,,,,,,,,No,,,,,,,,,,,,,,,,,,,,,,,,,,,,,
Barbara Colwell,,1983,,,8033475256,,,,138 Louie Ct,,Holly Hill,SC,,,,,,,,,,No,,,,,,,,,,,,,,,,,,,,,,,,,,,,,
Barbara Coyne,,7816,Barbara,Coyne,(570) 575-5954,BarbCoyne719@gmail.com,,,425 Ballard Lane,,Santee,SC,29142,,,,,,,,,Yes,,,,,,,,,,,,,,,,,,,,,,,,,,,,,
Barbara Davis,,6015,Barbara,Davis,(803) 854-2759,,,,,,,,,,,,,,,,,Yes,,,,,,,,,,,,,,,,,,,,,,,,,,,,,
Barbara Dickerson,,3969,Barbara,Dickerson,8037930585,,,,64 Black St,,Hilda,SC,29812,,,,,,,,,No,,,,,,,,,,,,,,,,,,,,,,,,,,,,,
Barbara Driggers,,1186,Barbara,Driggers,8038973228,,,,1581 Farmers Rd,,Elloree,SC,29047,CJ, Hamrick,(803) 467-4524,,,,,,No,,,,,,,,,,,,,,,,,,,,,,,,,,,,,
Barbara Edwards,,2623,,,8035338049,,,,27 Martin Rd,,St. Matthews ,SC,,,,,,,,,,No,,,,,,,,,,,,,,,,,,,,,,,,,,,,,
Barbara Ford,,3885,Barbara,Ford,8035343611,,,,2978 Lakeside St,,Orangeburg,SC,29118,,,,,,,,,No,,,,,,,,,,,,,,,,,,,,,,,,,,,,,
Barbara Fry,,8700,Barbara,Fry,(843) 408-8478,nanaobrien2@yahoo.com,,,27 Peter Collinson Rd,,Santee,South Carolina,29142-8300,,,,,,,,,Yes,,,,,,,,,,,,,,,,,,,,,,,,,,,,,
Barbara Gail T Griffin,,2874,,,8033780846,,,,4321 Cleavland St,,Elloree,SC,29047,,,,,,,,,No,,,,,,,,,,,,,,,,,,,,,,,,,,,,,
Barbara Gibson,,6295,Barbara,Gibson,(803) 456-3073,,,,5328 Cameron Road,,Cameron,SC,,,,,,,,,,Yes,,,,,,,,,,,,,,,,,,,,,,,,,,,,,
Barbara Hilliard,,6296,Barbara,Hilliard,(803) 456-3075,,,,1070 Woolbright Road,,Santee,SC,29142,,,,,,,,,Yes,,,,,,,,,,,,,,,,,,,,,,,,,,,,,
Barbara Irick,,1221,,,8037477478,,,,216 Waterford Parkway,,Orangeburg,SC,29118,,,,,,,,,No,,,,,,,,,,,,,,,,,,,,,,,,,,,,,
Barbara Kincaid,,8615,Barbara,Kincaid,(304) 642-8160,robertkincaid@frontier.com,,,143 Ballard Ln,,Santee,South Carolina,29142-8562,,,,,,,,,Yes,,,,,,,,,,,,,,,,,,,,,,,,,,,,,
Barbara L. Sansbury,,5291,,,8039741005,,,,603 Santee Dr,,Santee,SC,29142,,,,,,,"#fiberCustomer, #residential",,No,,,,,,,,,,,,,,,,,,,,,,,,,,,,,
Barbara Mack,,5037,,,8036620381,,,,119 Chimney Swift Circle,,Cameron,SC,,,,,,,,,,No,,,,,,,,,,,,,,,,,,,,,,,,,,,,,
Barbara Marsiglia,,1903,,,4438659542,,,,223 Heaton Road,,Reevesville,SC,29471,,,,,,,,,No,,,,,,,,,,,,,,,,,,,,,,,,,,,,,
Barbara Pastore & Richard Swirtz,,6147,Barbara,Schwartz,(843) 297-3112,,,,113 Santee Cooper Annexx,,Santee,SC,29142,,,,,,,,,Yes,,,,,,,,,,,,,,,,,,,,,,,,,,,,,
Barbara Price,,5422,Barbara,Price,8039834348,,,,113 Ballard Lane,,Santee,SC,,,,,,,,,,No,,,,,,,,,,,,,,,,,,,,,,,,,,,,,
Barbara Raskin,,499,,,8439010402,,,,115 Cooper Dr,,Santee,SC,29142,,,,,,,"#fiberCustomer, #residential",,No,,,,,,,,,,,,,,,,,,,,,,,,,,,,,
Barbara Reid,,2837,,,8038370171,,,,4 Peter Collison Rd,,,SC,,,,,,,,,,No,,,,,,,,,,,,,,,,,,,,,,,,,,,,,
Barbara Rose,,6195,Barbara,Rose,(843) 860-7163,,,,407 Ballards Lane,,santee,SC,,Alan,Lawson,(843) 514-7684,,,,,,Yes,,,,,,,,,,,,,,,,,,,,,,,,,,,,,
Barbara Rutland,,5288,,,8033080010,,,,441 Water's Edge Dr,,Orangeburg,SC,29118,,,,,,,,,No,,,,,,,,,,,,,,,,,,,,,,,,,,,,,
Barbara Saunders,,6349,Barbara,Saunders,(412) 877-2560,,,,199 Ballards Lane,,Santee,SC,29142,,,,,,,,,Yes,,,,,,,,,,,,,,,,,,,,,,,,,,,,,
Barbara Sellers,,8474,Barbara,Sellers,(803) 496-4924,barbarette.sellers@yahoo.com,,,685 Perch Ln,,Santee,SC,29142,,,,,,,,,Yes,,,,,,,,,,,,,,,,,,,,,,,,,,,,,
Barbara Shingler,,7951,Barbara,Shingler,(803) 406-8548,,,,180 Cantey Dr,Apt 213,Santee,South Carolina,29142,,,,,,,,,Yes,,,,,,,,,,,,,,,,,,,,,,,,,,,,,
Barbara Shuler,,1270,,,8037471663,,,,107 Citation Dr,,Elloree,SC,29047,,,,,,,,,No,,,,,,,,,,,,,,,,,,,,,,,,,,,,,
Barbara Snider,,6153,Barbara,Snider,(803) 308-5050,,,,230 Sausalito Court,,Santee,SC,29142,,,,,,,,,Yes,,,,,,,,,,,,,,,,,,,,,,,,,,,,,
Barbara Stengel,,4096,,,8038542908,,,,20 L Andre Michaux,,Santee,SC,29142,,,,,,,,,No,,,,,,,,,,,,,,,,,,,,,,,,,,,,,
Barbara T Allen,,1977,,,8038544038,,,,15 R Andre Michaux ,P O Box 451,,SC,,,,,,,,,,No,,,,,,,,,,,,,,,,,,,,,,,,,,,,,
Barbara Thomas,,5539,Barbara,Thomas,8035359989,,,,7117 Vance Road,,Bowman,SC,29018,,,,,,,,,No,,,,,,,,,,,,,,,,,,,,,,,,,,,,,
Barbara Townsend,,3958,,,8035346187,,,,411 willow rd,,Orangeburg,SC,29115,,,,,,,,,No,,,,,,,,,,,,,,,,,,,,,,,,,,,,,
Barbara Void,,3278,Barbara,Void,(803) 928-7877,,,,326 Jack Branch Rd,,Santee,SC,29142,,,,,,,,,No,,,,,,,,,,,,,,,,,,,,,,,,,,,,,
Barbara Walters,,8020,Barbara,Walters,(843) 563-3895,,,,118 Railroad Avenue,,Reevesville,SC,29471,,,,,,,,,Yes,,,,,,,,,,,,,,,,,,,,,,,,,,,,,
Barbara Whiles,,8332,Barbara,Whiles,(843) 312-4272,barbarawhiles@bellsouth.net,,,33 Peter Collinson Rd,,Santee,SC,29142,,,,,,,,,Yes,,,,,,,,,,,,,,,,,,,,,,,,,,,,,
Barbarette Sellers,,8475,Barbara,Sellers,(803) 496-4924,barbarette.sellers@yahoo.com,,,685 Perch Ln,,Santee,SC,29142,,,,,,,,,Yes,,,,,,,,,,,,,,,,,,,,,,,,,,,,,
Barber Check Academy,,5863,,,8039375730,,,,1650 Russell Street,,Orangeburg,SC,29118,,,,,,,,,No,,,,,,,,,,,,,,,,,,,,,,,,,,,,,
Barber Tech Acadamy,,6358,Leonard,Pelzer,(803) 586-8183,,,,1650 Russell Street,,Orangeburg,SC,29115,Juanita,Livingston,(803) 618-3107,,,,,,Yes,,,,,,,,,,,,,,,,,,,,,,,,,,,,,
Barbra Rutland,,5097,,,8033080010,,,,441 Water Edge,,Orangeburg,SC,,,,,,,,,,No,,,,,,,,,,,,,,,,,,,,,,,,,,,,,
Barbra void,,6251,Barbra,void,(803) 928-7877,,,,326 Jack Branch Road,,Santee,SC,29142,,,,,,,,,Yes,,,,,,,,,,,,,,,,,,,,,,,,,,,,,
Bare Essentials Medical Spa,,8383,Dare Essentials,Medical Spa,(803) 378-1304,vickie@southerncarolinallc.com,,,1180 Boulevard St,,Orangeburg,South Carolina,29115-4312,,,,,,,,,Yes,,,,,,,,,,,,,,,,,,,,,,,,,,,,,
Barney Ulmer,,2259,,,8035346158,,,,1741 Shulmer Rd.,,Cameron,SC,,,,,,,,,,No,,,,,,,,,,,,,,,,,,,,,,,,,,,,,
Barnwell County Hospital,,17,,,,,,,811 Reynolds Rd,Attn: Matt Hiatt,Barnwell  ,SC,29812,,,,,,,,,No,,,,,,,,,,,,,,,,,,,,,,,,,,,,,
Barry Davis,,3312,,,8035168268,,,,4002 Slab Landing Rd,,Orangeburg,SC,,,,,,,,,,No,,,,,,,,,,,,,,,,,,,,,,,,,,,,,
Barry Hutto,,1902,,,8034964450,,,,160 Shuler Belt Road,,Holly Hill,SC,29059,,,,,,,,,No,,,,,,,,,,,,,,,,,,,,,,,,,,,,,
Barry Hutto Farm,,1735,Barry,Hutto Farm,(803) 496-4479,,,,630 Hutto Market St.,,Holly Hill,SC,29059,,,,,,,,,No,,,,,,,,,,,,,,,,,,,,,,,,,,,,,
Barry W. Gleaton ,,4713,,,,,,,2010 Windsor, Apartment A,,SC,,,,,,,,,,No,,,,,,,,,,,,,,,,,,,,,,,,,,,,,
Barry Williams,,5830,,,8432094139,,,,251 Gum Street,,Holly Hill ,SC,29059,,,,,,,,,No,,,,,,,,,,,,,,,,,,,,,,,,,,,,,
Basil Jenkins,,4838,Basil,Jenkins,8039712170,,,,127 Gentry Ln,,Santee,SC,29142,,,,,,,,,No,,,,,,,,,,,,,,,,,,,,,,,,,,,,,
Basil Ramsey,,4693,Basil,Ramsey,(803) 460-9315,,,,29 Andre Michaux,,,,,,,,,,,,,No,,,,,,,,,,,,,,,,,,,,,,,,,,,,,
Batteries Plus,,3579,,,8037443007,,,,252 B. Harbison Blvd,,Columbia,SC,29212,,,,,,,,,No,,,,,,,,,,,,,,,,,,,,,,,,,,,,,
Baymont Inn (Manning),,8188,Jayesh ,Patel,(601) 631-1554,JAYESH30120@YAHOO.COM,,,2284 Raccoon Road,,Manning,SC,29102,,,,,,,,,Yes,,,,,,,,,,,,,,,,,,,,,,,,,,,,,
Baymont Inn and Suites,,4097,,,8035341611,,,,2350 Chestnut St,,Orangeburg,SC,,,,,,,,,,No,,,,,,,,,,,,,,,,,,,,,,,,,,,,,
Baymont Inn Santee,,5880,Mike,Patel,(704) 640-3764,,Owner,,249 Britain Street,,Santee,SC,29142,,,,,,,,,Yes,,,,,,,,,,,,,,,,,,,,,,,,,,,,,
Beard Auto Sales,,3963,,,8038374441,,,,2191 Five Chop Rd,,Orangeburg,SC,29039,,,,,,,,,No,,,,,,,,,,,,,,,,,,,,,,,,,,,,,
Beatrice Hilliard,,4105,Beatrice,Hilliard,8037590919,,,,258 Dalehurst dr,,Holly Hill ,SC,,,,,,,,,,No,,,,,,,,,,,,,,,,,,,,,,,,,,,,,
Beatriz Gonzalez,,8543,Beatriz,Gonzalez,(803) 456-0715,jbeatriz451@gmail.com,,,780 Striped Bass Ct,,Santee,SC,29142,,,,,,,,,Yes,,,8354,,,,,,,,,,,,,,,,,,,,,,,,,,
Beaver Creek Kennels,,18,,,,,,,35 Retriever Creek Lane,,St. Matthews,SC,29135,,,,,,,,,No,,,,,,,,,,,,,,,,,,,,,,,,,,,,,
Becky Armstrong ,,5607,Becky,Armstrong ,(803) 378-6866,,,,437 Santee Drive,,Santee,SC,29142,Becky,Armstrong (Rental),(803) 378-6866,,,,"#fiberCustomer, #residential",,No,,,,,,,,,,,,,,,,,,,,,,,,,,,,,
Becky Gramlin,,2744,,,8035345727,,,,185 Till Road,,Orangeburg,SC,,,,,,,,,,No,,,,,,,,,,,,,,,,,,,,,,,,,,,,,
Becky Haigler,,1072,Becky,Haigler,8036821000,,,,199 Harvest Drive,,Cameron,SC,,,,,,,,,,No,,,5314,,,,,,,,,,,,,,,,,,,,,,,,,,
Becky Proctor,,1748,,,8435634526,,,,325 Independant School Rd.,,Reevesville,SC,,,,,,,,,,No,,,,,,,,,,,,,,,,,,,,,,,,,,,,,
Belinda Brantley,,7913,Belinda,Brantley,(803) 651-1263,linda32174@hotmail.com,,,121 Lakeland Circle,,Santee,SC,29142,,,,,,,,,Yes,,,,,,,,,,,,,,,,,,,,,,,,,,,,,
Belinda Faust,,1237,,,8035311499,,,,440 Robinson St.,,Orangeburg,SC,29118,,,,,,,,,No,,,,,,,,,,,,,,,,,,,,,,,,,,,,,
Belinda Johnson,,5130,Belinda,Johnson,(843) 872-8039,belindaj27@outlook.com,,,408 Smith Street,,Bowman,SC,29018,,,,,,,,,No,,,,,,,,,,,,,,,,,,,,,,,,,,,,,
Belinda Kelly,,3837,,,8038378486,,,,1015 woodbine dr,,Orangeburg,SC,29115,,,,,,,,,No,,,,,,,,,,,,,,,,,,,,,,,,,,,,,
Belinda Walters,,5463,Belinda,Walters,8037078162,,,,123 NewField Circle,,Elloree,SC,29047,,,,,,,,,No,,,,,,,,,,,,,,,,,,,,,,,,,,,,,
Bells Transmission,,2493,Carey,.,8035365131,,,,4419 Saint Matthews Rd,,Saint Matthews,SC,29135,,,,,,,,,No,,,,,,,,,,,,,,,,,,,,,,,,,,,,,
Belvin Bonnette,,4130,Belvin,Bonnette,8035363348,,,,4865 Neeses Hwy,,Neeses,SC,29107,,,,,,,,,No,,,,,,,,,,,,,,,,,,,,,,,,,,,,,
Bema Consulting LLC,,1892,Patrick,Derrickson,8034964007,,,,1695 Tee Vee Road,,Elloree,SC,,,,,,,,,,No,,,,,,,,,,,,,,,,,,,,,,,,,,,,,
Ben Davis,,2123,Ben,Davis,8036820725,,,,2125 Middleton,,Orangeburg,SC,,,,,,,,,,No,,,,,,,,,,,,,,,,,,,,,,,,,,,,,
Ben Snell,,6106,Ben,Snell,(803) 378-6763,,,Home,7088 Old State Road,,Holly Hill,SC,,,,,,,,,,Yes,,,,,,,,,,,,,,,,,,,,,,,,,,,,,
Ben Turner,,3838,Ben,Turner,8037470189,,,,3222 Dibble St                                    ,,Orangeburg ,SC,29118,,,,,,,,,No,,,,,,,,,,,,,,,,,,,,,,,,,,,,,
Ben Watkins,,8017,Ben,Watkins,(803) 974-9099,bmw231@icloud.com,,,110 Par Court,,Santee,SC,29142,,,,,,,,,Yes,,,,,,,,,,,,,,,,,,,,,,,,,,,,,
Bendray Garvin,,906,,,8034965777,,,,455 Jet Ridge Rd,,Holly Hill,SC,,,,,,,,,,No,,,,,,,,,,,,,,,,,,,,,,,,,,,,,
Benedict Derrickson,,1514,,,7202216890,,,,1649 Tee Vee Road,,Elloree,SC,29047,,,,,,,,,No,,,,,,,,,,,,,,,,,,,,,,,,,,,,,
Benita Bonham,,4652,Benita,Bonham,8039378856,,,,147 Betty dr,,Barnwell,SC,,,,,,,,,,No,,,,,,,,,,,,,,,,,,,,,,,,,,,,,
Benita Garner,,3020,,,8033782163,,,,121 Cheryl ln,,Santee,SC,29142,,,,,,,,,No,,,,,,,,,,,,,,,,,,,,,,,,,,,,,
Benjamin Elmhorst ,,1877,,,8038972554,,,,369 Stack Ave,,Elloree,SC,29047,,,,,,,,,No,,,,,,,,,,,,,,,,,,,,,,,,,,,,,
Benjamin Hilliard Jr,,8297,Benjamin,Hilliard,(803) 290-4541,Benjaminhilliard1950@gmail.com,,,130 William Clark Blvd,,Santee,South Carolina,29142-9507,,,,,,,,,Yes,,,,,,,,,,,,,,,,,,,,,,,,,,,,,
Benjamin Wright,,5302,,,8038771944,,,,891 Jennifer Street,,Orangeburg,SC,29118,,,,,,,,,No,,,,,,,,,,,,,,,,,,,,,,,,,,,,,
Benjaretta Green,,4807,,,8033471583,,,,363 Dunwoody Dr,,Orangeburg,SC,29115,,,,,,,,,No,,,,,,,,,,,,,,,,,,,,,,,,,,,,,
Bennie Snider,,3726,,,8038972797,,,,114 maggie lane,,Cameron,SC,29030,,,,,,,,,No,,,,,,,,,,,,,,,,,,,,,,,,,,,,,
Benzula Lewis,,3731,,,8036141723,,,,671 Moss St,,Bowman,SC,29018,,,,,,,,,No,,,,,,,,,,,,,,,,,,,,,,,,,,,,,
Bera Lee,,3584,,,,,,,1977 Till Road,,Orangeburg,SC,29115,,,,,,,,,No,,,,,,,,,,,,,,,,,,,,,,,,,,,,,
Bera Samuel,,1341,,,8038543781,,,,60 Thunder Circle,,Santee,SC,29142,,,,,,,,,No,,,,,,,,,,,,,,,,,,,,,,,,,,,,,
Bernadette Anderson,,1878,,,8038542717,,,,156 Edisto Dr,,Santee,SC,29142,,,,,,,,,No,,,,,,,,,,,,,,,,,,,,,,,,,,,,,
Bernadette Anderson,,2002,,,8037070291,,,,156 edisto dr,,Santee,SC,,,,,,,,,,No,,,,,,,,,,,,,,,,,,,,,,,,,,,,,
Bernadette Austin,,1732,,,8037470757,,,,312 Oriole Ln,,Holly Hill,SC,29059,,,,,,,,,No,,,,,,,,,,,,,,,,,,,,,,,,,,,,,
Bernard Busby,,4120,,,8035361747,,,,163 Clarendon Street,,Orangeburg,SC,29115,,,,,,,,,No,,,,,,,,,,,,,,,,,,,,,,,,,,,,,
Bernard Copely,,5235,,,8035359050,,,,676 crawford street,,Orangeburg,SC,29118,,,,,,,,,No,,,,,,,,,,,,,,,,,,,,,,,,,,,,,
Bernard Ellis,,5129,,,,,,,1104 Bridge st ,,St Matthews ,SC,,,,,,,,,,No,,,,,,,,,,,,,,,,,,,,,,,,,,,,,
Bernell Gaddis,,3033,Bernell,Gaddis,(803) 290-8976,,,,1145 Arista Rd,,Bowman,SC,29018,,,,,,,,,No,,,,,,,,,,,,,,,,,,,,,,,,,,,,,
Bernerd Ellis ,,4887,,,8038742134,,,,1104 Bridge st,,St Matthews,,,,,,,,,,,No,,,,,,,,,,,,,,,,,,,,,,,,,,,,,
Bernett Pettiford,,4417,,,8436240132,,,,122 elephant rd,,Santee ,SC,29142,,,,,,,,,No,,,,,,,,,,,,,,,,,,,,,,,,,,,,,
Bernice Clottfelter,,6033,Bernice,Clottfelter,(618) 638-6388,,,,473 Santee Drive,,Santee,SC,29142,,,,,,,"#fiberCustomer, #residential",,Yes,,,,,,,,,,,,,,,,,,,,,,,,,,,,,
Bernice Dessaure,,3754,,,8035311229,,,,139 Sweet Maple,,Orangeburg SC,SC,29118,,,,,,,,,No,,,,,,,,,,,,,,,,,,,,,,,,,,,,,
Bernice Johnson,,3790,,,8033878622,,,,199 Patrick Dairy Rd,,Bowman,SC,,,,,,,,,,No,,,,,,,,,,,,,,,,,,,,,,,,,,,,,
Bernice Profit,,3357,,,8038376117,,,,169 Carmalt Rd,,Elloree ,SC,29047,,,,,,,,,No,,,,,,,,,,,,,,,,,,,,,,,,,,,,,
Bernie Hester,,3480,,,8434730183,,,,2823 Slab Landing Rd,,Orangeburg,SC,,,,,,,,,,No,,,,,,,,,,,,,,,,,,,,,,,,,,,,,
Berry Dairy Farm,,3616,Berry,Dairy Farm,8039346824,,,,174 NatureView Court,,Bowman,SC,29018,,,,,,,,,No,,,,,,,,,,,,,,,,,,,,,,,,,,,,,
Berry Law Firm,,19,Berry,Law Firm,(803) 515-0176,,,,296 Green St,,Orangeburg,SC,29115,,,,,,,,,No,,,,,,,,,,,,,,,,,,,,,,,,,,,,,
Bert Barber,,3935,,,7729718866,,,,458 Santee Drive,,Santee,SC,29142,,,,,,,"#fiberCustomer, #residential",,No,,,,,,,,,,,,,,,,,,,,,,,,,,,,,
Bert Fowler,,2632,Bert,Fowler,8038232585,,,,8029 Old State Rd,,Cameron,SC,,,,,,,,,,No,,,,,,,,,,,,,,,,,,,,,,,,,,,,,
Bert Shuler,,874,,,8034963535,,,,5892 Old State Rd,,Holly Hill,SC,,,,,,,,,,No,,,,,,,,,,,,,,,,,,,,,,,,,,,,,
Bert Shuler,,926,,,8033476007,,,,385 Ballard Lane,,Santee,SC,29142,,,,,,,,,No,,,,,,,,,,,,,,,,,,,,,,,,,,,,,
Bert Wolfe,,5162,Bert,Wolfe,(803) 536-0955,,,,1540 Russell St,,,SC,,,,,,,,,,No,,,,,,,,,,,,,,,,,,,,,,,,,,,,,
Bertha Mae Cobbs ,,4508,Bertha,Mae Cobbs ,(803) 496-5405,,,,700 Pelzer St,,Holly Hill ,SC,29059,,,,,,,,,No,,,,,,,,,,,,,,,,,,,,,,,,,,,,,
Berthel Pelzer,,2830,,,8038292277,,,,104 candlewood ct,,Bowman,SC,,,,,,,,,,No,,,,,,,,,,,,,,,,,,,,,,,,,,,,,
Beryl McCullough,,8206,Beryl,McCullough,(803) 872-8782,beryl@comporium.net,,,511 Ballard Lane,,Santee,SC,29142,,,,,,,,,Yes,,,,,,,,,,,,,,,,,,,,,,,,,,,,,
Bessie Cooke,,1950,,,8038542625,,,,103 Wateree Dr,,Santee,SC,,,,,,,,"#fiberCustomer, #residential",,No,,,,,,,,,,,,,,,,,,,,,,,,,,,,,
Bessie Prioleau,,1567,,,8038974662,,,,7103 Old Number Six Hwy,,Elloree,SC,29047,,,,,,,,,No,,,,,,,,,,,,,,,,,,,,,,,,,,,,,
Best Rentals,,2967,,,8039371901,,,,PO Box 362,1223 Lands End Road,Orangeburg,SC,29116,,,,,,,,,No,,,,,,,,,,,,,,,,,,,,,,,,,,,,,
Best Western - Santee,,2973,J.R.,Springs,8036644491,,,,9059 Old number six hwy,,Santee,SC,29142,,,,,,,,,No,,,,,,,,,,,,,,,,,,,,,,,,,,,,,
Best-Tronics Mfg.,,266,,,,,,,18500 Graphics Court ,,,SC,,,,,,,,,,No,,,,,,,,,,,,,,,,,,,,,,,,,,,,,
Beth Clark,,5561,Beth,Clark,(614) 563-2834,,,,5 John FotherGill Circle,,Santee,SC,29142,,,,,,,,,No,,,,,,,,,,,,,,,,,,,,,,,,,,,,,
Beth Cummings,,4725,Beth,Cummings,(843) 922-0619,,,,213 Rigby st ,,Reevesville ,SC,29471,,,,,,,,,No,,,,,,,,,,,,,,,,,,,,,,,,,,,,,
Beth Fenn,,4859,Beth,Fenn,(803) 300-2344,,,,466 Collins Ave,,Barnwell,SC,29812,,,,,,,,,No,,,,,,,,,,,,,,,,,,,,,,,,,,,,,
Beth Rast,,4322,,,8036821320,,,,166 Winding Brook Dr,,Cameron,SC,,,,,,,,,,No,,,,,,,,,,,,,,,,,,,,,,,,,,,,,
Beth Richardson,,1658,,,8036640860,,,,167 Middle Willow Rd,,Neeses,SC,29107,,,,,,,,,No,,,,,,,,,,,,,,,,,,,,,,,,,,,,,
Beth Turner,,3707,,,8038293305,,,,3296 Homestead Rd,,Bowman,SC,,,,,,,,,,No,,,,,,,,,,,,,,,,,,,,,,,,,,,,,
Bethel #2 Outreach Ministries,,5730,,,8033785509,,,,6601 Johnston Ave,,Reevesville,SC,29471,,,,,,,,,No,,,,,,,,,,,,,,,,,,,,,,,,,,,,,
Bethlehem Baptist Church,,1621,JC,Jenkins,8035685750,,,,1305 Lighting Road,,North,SC,29112,,,,,,,,,No,,,,,,,,,,,,,,,,,,,,,,,,,,,,,
Betsy Carson,,3700,,,8038972989,,,,319 Hampton St ,,Elloree,SC,29047,,,,,,,,,No,,,,,,,,,,,,,,,,,,,,,,,,,,,,,
Bettis Bryant,,4509,,,8035346617,,,,590 Brewton Street,,,SC,,,,,,,,,,No,,,,,,,,,,,,,,,,,,,,,,,,,,,,,
Betty Ackley,,3442,,,8036644812,,,,2231 Hillcrest Ave,Apt 5B,Orangeburg,SC,29118,,,,,,,,,No,,,,,,,,,,,,,,,,,,,,,,,,,,,,,
Betty Barrs,,3183,,,8435639424,,,,3009 Dorange Rd,,Reevesville,SC,29471,,,,,,,,,No,,,,,,,,,,,,,,,,,,,,,,,,,,,,,
Betty Black,,2264,,,8035346250,,,,1320 Gue Rd,,Orangeburg,SC,29115,,,,,,,,,No,,,,,,,,,,,,,,,,,,,,,,,,,,,,,
Betty Everett,,3768,,,8037936145,,,,466 Collins Ave,,Hilda,SC,29813,,,,,,,,,No,,,,,,,,,,,,,,,,,,,,,,,,,,,,,
Betty Fowler,,3062,,,8034923080,,,,268 Miracle dr,,Eutawville,SC,,,,,,,,,,No,,,,,,,,,,,,,,,,,,,,,,,,,,,,,
Betty Hammel,,1290,,,8039749414,,,,25L Andre Michaux,,Santee,SC,29142,,,,,,,,,No,,,,,,,,,,,,,,,,,,,,,,,,,,,,,
Betty Hutto,,8489,Betty,Hutto,(843) 908-5558,pennyhutto@yahoo.com,,,211 Cooper Dr,,Santee,South Carolina,29142-9319,,,,,,,,,Yes,,,,,,,,,,,,,,,,,,,,,,,,,,,,,
Betty Lehman,,5585,,,7074904601,,,,538 Whetsell Street,,Reevesville,SC,,,,,,,,,,No,,,,,,,,,,,,,,,,,,,,,,,,,,,,,
Betty Marten,,5465,Betty,Marten,8038545140,,,,143 Saluda Dr ,,Santee,SC,,,,,,,,"#fiberCustomer, #residential",,No,,,,,,,,,,,,,,,,,,,,,,,,,,,,,
Betty Pelzer,,4774,,,,,,,,,,,,,,,,,,,,No,,,,,,,,,,,,,,,,,,,,,,,,,,,,,
Betty Pelzer,,779,,,8036647422,,,,379 Sugar Hill Rd,,Holly Hill,SC,29059,,,,,,,,,No,,,,,,,,,,,,,,,,,,,,,,,,,,,,,
Betty Polin,,738,,,,,,,350 Stack Ave,,Elloree,SC,29047,,,,,,,,,No,,,,,,,,,,,,,,,,,,,,,,,,,,,,,
Betty Robinson,,3540,,,8035344504,,,,1526 Pinehurst St,,Orangeburg,SC,29115,,,,,,,,,No,,,,,,,,,,,,,,,,,,,,,,,,,,,,,
Betty Sebastian,,8068,Betty,Sebastian,(845) 527-3838,Iamsebastian2001@gmail.com,,,4 Andre Michaux Road,,Santee,SC,29142,,,,,,,,,Yes,,,,,,,,,,,,,,,,,,,,,,,,,,,,,
Betty Shuler,,970,,,8035338062,,,,232 Geobet Dr.,,Holly Hill,SC,29059,,,,,,,,,No,,,,,,,,,,,,,,,,,,,,,,,,,,,,,
Betty Singleton,,1154,,,8434420793,,,,9 Peter Collinson Rd.,,Santee,SC,29142,,,,,,,,,No,,,,,,,,,,,,,,,,,,,,,,,,,,,,,
Betty Smith,,547,Lane,Kelley,8034358125,,,,2218 Old Georgetown Rd.,,Manning,SC,29102,,,,,,,,,No,,,,,,,,,,,,,,,,,,,,,,,,,,,,,
Betty Summers,,5043,,,8039289629,,,,112 cecelia st ,,Santee,SC,,,,,,,,,,No,,,,,,,,,,,,,,,,,,,,,,,,,,,,,
Betty Wolfe ,,3484,,,8034965971,,,,204 Russell street,,Holly HIll,SC,29059,,,,,,,,,No,,,,,,,,,,,,,,,,,,,,,,,,,,,,,
Betty Wright,,2409,,,8037590360,,,,147 Waikiki Dr,,Eutawville,SC,29048,,,,,,,,,No,,,,,,,,,,,,,,,,,,,,,,,,,,,,,
Beverly Bookard,,3255,,,8033471343,,,,526 Nassua Dr,,Bowman,SC,29018,,,,,,,,,No,,,,,,,,,,,,,,,,,,,,,,,,,,,,,
Beverly Brown,,1758,,,,,,,7361 old highway number 6,,Santee,SC,29142,,,,,,,,,No,,,,,,,,,,,,,,,,,,,,,,,,,,,,,
Beverly Brown,,1759,,,8038975084,,,,7361 old highway number 6,,Santee,SC,29142,,,,,,,,,No,,,,,,,,,,,,,,,,,,,,,,,,,,,,,
Beverly Grega ,,4512,Beverly,Grega ,4197064315,,,,116 Parklane Dr,,Santee ,SC,29142,,,,,,,"#fiberCustomer, #residential",,No,,,,,,,,,,,,,,,,,,,,,,,,,,,,,
Beverly Hawk,,8010,Beverly,Hawk,(941) 345-0381,beverlyhawk907@yahoo.com,,,5 Thomas Walter Circle,,Santee,SC,29142,,,,,,,,,Yes,,,,,,,,,,,,,,,,,,,,,,,,,,,,,
Beverly Jarrell,,8325,Beverly,Jarrell,(336) 407-7527,mjarrell@twc.com,,Service,413 Ballard Ln,413,Santee,South Carolina,29142-8559,Michael,Jarrell,(336) 749-8077,,,,,,Yes,,,,,,,,,,,,,,,,,,,,,,,,,,,,,
Beverly Jones,,1152,Beverly,Jones,8038972784,,,,1526 Tee Vee Rd.,,Elloree,SC,29047,,,,,,,,,No,,,,,,,,,,,,,,,,,,,,,,,,,,,,,
Beverly Latrace,,3913,,,8032958225,,,,6225 badham dr,,Reevesville,SC,29471,,,,,,,,,No,,,,,,,,,,,,,,,,,,,,,,,,,,,,,
Beverly Madge,,4124,,,8039682354,,,,8088 Old Number Six Highway,,Santee,SC,29142,,,,,,,,,No,,,,,,,,,,,,,,,,,,,,,,,,,,,,,
Beverly Moody,,8141,Beverly,Moody,(803) 300-2054,beverly.moody@archroma.com,,,134 Creech Road,,Hilda,SC,29813,,,,,,,,,Yes,,,,,,,,,,,,,,,,,,,,,,,,,,,,,
Beverly Riley,,5922,Beverly,Riley,(803) 533-8368,,,,382 Pin Oak St,,Orangeburg,SC,29115,,,,,,,,,Yes,,,,,,,,,,,,,,,,,,,,,,,,,,,,,
Beverly Rowland,,1880,Tommy,Rowland,(803) 515-3925,,,,436 Santee Dr,,Santee,SC,29142,Beverly,Rowland,(803) 308-2027,,,,"#fiberCustomer, #residential",,No,,,,,,,,,,,,,,,,,,,,,,,,,,,,,
Beverly Stroman,,8085,Beverly,Stroman,(803) 682-0626,beverly.stroman@gmail.com,,,101 Ballards Lane,101,santee,SC,29142,,,,,,,,,Yes,,,,,,,,,,,,,,,,,,,,,,,,,,,,,
Beverly Ulmer,,3839,,,8036557237,,,,20 Dogwood Acres Trail,,St. Matthews,SC,,,,,,,,,,No,,,,,,,,,,,,,,,,,,,,,,,,,,,,,
Beverly Williamson,,5966,Beverly,Williamson,(803) 671-1932,,,,415 November Rd.,,Barnwell,SC,29812,,,,,,,,,Yes,,,,,,,,,,,,,,,,,,,,,,,,,,,,,
Beyond Reach,,8486,Patrick,Kelly,(319) 734-3301,,,Amazon Warehouse,1001 Logistics Dr,,Santee,SC,29142,,,,,,,,,Yes,,,,,,,,,,,,,,,,,,,,,,,,,,,,,
Bianca Jones,,6303,Bianca,Jones,(843) 324-3704,,,,111 McCathern Lane,,Elloree,SC,29047,,,,,,,,,Yes,,,,,,,,,,,,,,,,,,,,,,,,,,,,,
Big D's Motors,,7852,Amar,Boles,(803) 539-8604,,,,1776 Boulevard Street,,Orangeburg,SC,29115,,,,,,,,,Yes,,,,,,,,,,,,,,,,,,,,,,,,,,,,,
Bill & Carol Gordon,,659,,,8038971076,,,,133 Canebreak Ct ,,Elloree,SC,29047,,,,,,,,,No,,,,,,,,,,,,,,,,,,,,,,,,,,,,,
Bill Barnes,,2343,,,8433841905,,,,197 Albergotti Lane        ,,Elloree,SC,,,,,,,,,,No,,,,,,,,,,,,,,,,,,,,,,,,,,,,,
Bill Berry,,2068,Bill,Berry,(803) 854-0684,,,,235 Green St,,Santee,SC,29142,,,,,,,"#fiberCustomer, #residential",,No,,,,,,,,,,,,,,,,,,,,,,,,,,,,,
Bill Bose,,6052,,,(803) 662-3499,,,,"1007 Homestead Road, Orangeburg, SC, USA",,Orangeburg,SC,29115,,,,,,,,,Yes,,,,,,,,,,,,,,,,,,,,,,,,,,,,,
Bill Connor Law Firm LLC,,5200,Bill,Connor Law Firm LLC,8035966587,,,,138 Centre St,,Orangeburg,SC,29115,,,,,,,,,No,,,,,,,,,,,,,,,,,,,,,,,,,,,,,
Bill Felkel,,1634,,,8035356925,,,,5600 Five Chop Rd,,Elloree,SC,29047,,,,,,,,,No,,,,,,,,,,,,,,,,,,,,,,,,,,,,,
Bill Gramling,,2761,,,8035342334,,,,185 Till RD,,Orangeburg,SC,29115,,,,,,,,,No,,,,,,,,,,,,,,,,,,,,,,,,,,,,,
Bill Livingston,,3304,,,8035154874,,,,1105 Moutrie Drive,,Santee,SC,29142,,,,,,,,,No,,,,,,,,,,,,,,,,,,,,,,,,,,,,,
Bill Lutz,,5125,,,8038972403,,,,124 Compass Ct,,Elloree,SC,,,,,,,,,,No,,,,,,,,,,,,,,,,,,,,,,,,,,,,,
Bill Maggipinto,,5249,Bill,Maggipinto,(203) 427-3514,,,,404 Santee Dr,,Santee,SC,29142,,,,,,,"#fiberCustomer, #residential",,No,,,,,,,,,,,,,,,,,,,,,,,,,,,,,
Bill Meek,,5087,,,8037474234,,,,1678 Baugh st,,Orangeburg,SC,,,,,,,,,,No,,,,,,,,,,,,,,,,,,,,,,,,,,,,,
Bill Robins,,4886,,,8435013378,,,,15L Andre Michaux Rd,,Santee,SC,29142,,,,,,,,,No,,,,,,,,,,,,,,,,,,,,,,,,,,,,,
Bill Rutland,,7996,Tara,Taylor,(803) 682-5758,,,,227 Rutland Road,,Neeses,SC,29107,,,,,,,,,Yes,,,,,,,,,,,,,,,,,,,,,,,,,,,,,
Bill Sellers,,4676,Bill,Sellers,8435664402,,,,427 Santee Drive,,Santee,SC,29142,,,,,,,"#fiberCustomer, #residential",,No,,,,,,,,,,,,,,,,,,,,,,,,,,,,,
Bill Spiers,,2474,,,8038232814,,,,8810 Old State Rd,,Cameron,SC,29030,,,,,,,,,No,,,,,,,,,,,,,,,,,,,,,,,,,,,,,
Bill Williams,,5369,Bill,Willaims,(843) 452-4352,,,,1 Andre Michaux Road,,Santee,SC,29142,,,,,,,,,No,,,,,,,,,,,,,,,,,,,,,,,,,,,,,
Billie Smith,,3998,Billie,Smith,8033084806,,,,421 Ballards lane,421,Santee,SC,29142,,,,,,,,,No,,,,,,,,,,,,,,,,,,,,,,,,,,,,,
Billy & Patricia Ellison,,1714,,,8038542636,,,,10 L Andre Michaux Rd,,Santee,SC,29142,,,,,,,,,No,,,,,,,,,,,,,,,,,,,,,,,,,,,,,
Billy C Childers,,1184,,,8038544129,,,,337 Pinewood Rd,,Santee,SC,29142,,,,,,,,,No,,,,,,,,,,,,,,,,,,,,,,,,,,,,,
Billy Clark,,5159,Billy,Clark,8434780040,,,,327 Santee Dr,,Santee,SC,,,,,,,,"#fiberCustomer, #residential",,No,,,,,,,,,,,,,,,,,,,,,,,,,,,,,
Billy Coffey,,6352,Billy,Coffey,(843) 530-2799,,,Home,6072 Charleston Highway,,Bowman,SC,29018,,,,,,,,,Yes,,,,,,,,,,,,,,,,,,,,,,,,,,,,,
Billy Herron,,1227,,,8039749700,,,,2216 Tee Vee Rd,,Elloree ,SC,29047,,,,,,,,,No,,,,,,,,,,,,,,,,,,,,,,,,,,,,,
Billy Jackson,,4363,,,8037590224,,,,152 Dolphin Court,,HollyHill,SC,29059,,,,,,,,,No,,,,,,,,,,,,,,,,,,,,,,,,,,,,,
Billy Kelly,,3387,,,8035160005,,,, 1195 Lee Blvd,,Orangeburg,SC,29115,,,,,,,,,No,,,,,,,,,,,,,,,,,,,,,,,,,,,,,
Billy Martin,,5209,,,8035706294,,,,101 Sunny Dr,,Orangeburg,SC,29115,,,,,,,,,No,,,,,,,,,,,,,,,,,,,,,,,,,,,,,
Billy Wilkins,,5314,,,8436030490,,,,204 Cooper Dr,,Santee,SC,29142,,,,,,,"#fiberCustomer, #residential",,No,,,,,,,,,,,,,,,,,,,,,,,,,,,,,
Bilton Insurance,,3157,,,8037934960,,,,18538 Heritage Hwy,,Denmark,SC,,,,,,,,,,No,,,,,,,,,,,,,,,,,,,,,,,,,,,,,
Binzinre  Bancean ,,5757,,,8036148892,,,,311 Weathers St,,Bowman,SC,29018,,,,,,,,,No,,,,,,,,,,,,,,,,,,,,,,,,,,,,,
Bisi Ones,,6003,James,,(803) 308-8032,,,2630 St Matthews Rd NE,,,Orangeburg,SC,29118,,,,,,,,,Yes,,,,,,,,,,,,,,,,,,,,,,,,,,,,,
BJ Yount,,3401,,,8033781162,,,,270 canebrake ct,,Elloree,SC,,,,,,,,,,No,,,,,,,,,,,,,,,,,,,,,,,,,,,,,
Black Water Security Systems,,4486,,,8033083910,,,,802 Willow Swamp Rd,,Norway,SC,29113,,,,,,,,,No,,,,,,,,,,,,,,,,,,,,,,,,,,,,,
BlackWater Security,,4008,BlackWater,Security,(803) 531-7233,,,,PO Box 448,1055 Amelia Street,Orangeburg,SC,29115,,,,,,,,,No,,,,,,,,,,,,,,,,,,,,,,,,,,,,,
Blake Hiscox,,3646,,,8033871339,,,,1521 Columbia Road,,Orangeburg,SC,,,,,,,,,,No,,,,,,,,,,,,,,,,,,,,,,,,,,,,,
Blake Weathers,,4150,,,,,,,194 Jesswhit Rd,,Reeves,SC,,,,,,,,,,No,,,,,,,,,,,,,,,,,,,,,,,,,,,,,
Blanch Thomas,,3657,,,,,,,219 Funderburg Road,,Bowman,SC,29018,,,,,,,,,No,,,,,,,,,,,,,,,,,,,,,,,,,,,,,
Blank,,920,,,,,,,,,,,,,,,,,,,,No,,,,,,,,,,,,,,,,,,,,,,,,,,,,,
Blank,,931,,,,,,,,,,,,,,,,,,,,No,,,,,,,,,,,,,,,,,,,,,,,,,,,,,
Blank,,1018,,,,,,,,,,,,,,,,,,,,No,,,,,,,,,,,,,,,,,,,,,,,,,,,,,
Blank,,1051,,,,,,,,,,,,,,,,,,,,No,,,,,,,,,,,,,,,,,,,,,,,,,,,,,
Blank,,1102,,,,,,,,,,,,,,,,,,,,No,,,,,,,,,,,,,,,,,,,,,,,,,,,,,
Blank,,1486,,,,,,,,,,,,,,,,,,,,No,,,,,,,,,,,,,,,,,,,,,,,,,,,,,
Blank,,1828,,,,,,,,,,,,,,,,,,,,No,,,,,,,,,,,,,,,,,,,,,,,,,,,,,
Blank,,3035,,,,,,,501 Easterling Road,,Bowman,SC,29147,,,,,,,,,No,,,,,,,,,,,,,,,,,,,,,,,,,,,,,
Blank,,798,,,,,,,,,,,,,,,,,,,,No,,,,,,,,,,,,,,,,,,,,,,,,,,,,,
Blank Account,,44,,,,,,,,,,,,,,,,,,,,No,,,,,,,,,,,,,,,,,,,,,,,,,,,,,
Blank Company,,81,,,,,,,,,,,,,,,,,,,,No,,,,,,,,,,,,,,,,,,,,,,,,,,,,,
Blondell Hanks,,694,,,8035657287,,,,448 Barcelona Dr,,Santee,SC,29142,,,,,,,,,No,,,,,,,,,,,,,,,,,,,,,,,,,,,,,
Blondie Dantzler,,2985,,,8035393629,,,,360 Maxcy St,,Orangeburg,SC,29115,,,,,,,,,No,,,,,,,,,,,,,,,,,,,,,,,,,,,,,
Blondie Dantzler,,3516,,,8035359217,,,,1292 Broughton Street,,Orangeburg,SC,,,,,,,,,,No,,,,,,,,,,,,,,,,,,,,,,,,,,,,,
Bluff Subdivision,,5943,Bluff,SUbdivision,,,,,,,,,,,,,,,,,,Yes,,,,,,,,,,,,,,,,,,,,,,,,,,,,,
Bob Brooks,,2679,,,8434627244,,,,129 Saluda Dr,,Santee,SC,29142,,,,,,,"#fiberCustomer, #residential",,No,,,,,,,,,,,,,,,,,,,,,,,,,,,,,
Bob Crane,,3391,Bob,Crane,(803) 515-3159,,,,,,,,,,,,,,,,,No,,,,,,,,,,,,,,,,,,,,,,,,,,,,,
Bob Farnsworth,,4354,,,8036001318,,,,125 twisted oak trial,,Elloree,SC,29047,,,,,,,,,No,,,,,,,,,,,,,,,,,,,,,,,,,,,,,
Bob Pritchard,,7906,Bob,Pritchard,(256) 682-9207,Pritbb@yahoo.com,,,458 Santee Drive,,Santee,SC,29142,,,,,,,"#fiberCustomer, #residential",,Yes,,,,,,,,,,,,,,,,,,,,,,,,,,,,,
Bob Williamson,,687,Bob,Williamson,8432006262,,,,605 Santee Dr,,Santee,SC,29142,,,,,,,"#fiberCustomer, #residential",,No,,,,,,,,,,,,,,,,,,,,,,,,,,,,,
Bob-O Adicks,,6162,Bob-O,Adicks,(803) 596-2548,,,,121 Roache Ct,,Orangeburg,South Carolina,29115-6989,,,,,,,,,Yes,,,,,,,,,,,,,,,,,,,,,,,,,,,,,
Bobbie Felder,,2665,,,8038293472,,,,977 Reevesville Rd ,,Bowman ,SC,29018,,,,,,,,,No,,,,,,,,,,,,,,,,,,,,,,,,,,,,,
Bobbie Spires,,3861,,,8033839295,,,,151 Merri Oak Ct,,Santee,SC,29142,,,,,,,,,No,,,,,,,,,,,,,,,,,,,,,,,,,,,,,
Bobbie Spires,,4047,,,8033839295,,,,151 Merry Oaks Court,,Santee,SC,29142,,,,,,,,,No,,,,,,,,,,,,,,,,,,,,,,,,,,,,,
Bobby Carter,,5272,Bobby,Carter,(843) 540-8598,,,,491 Santee Dr,,Santee,SC,29142,,,,,,,"#fiberCustomer, #residential",,No,,,,,,,,,,,,,,,,,,,,,,,,,,,,,
Bobby Chinners,,4826,,,8435639469,,,,410 Rigby Street ,,Reevesville,SC,29471,,,,,,,,,No,,,,,,,,,,,,,,,,,,,,,,,,,,,,,
Bobby Chinners,,4339,Bobby,Chinners,(843) 563-9469,,,,410 Rigby St,,Reevesville,SC,29471,,,,,,,,,No,,,,,,,,,,,,,,,,,,,,,,,,,,,,,
Bobby Hill,,1106,,,8034965266,,,,5627 Old State Rd,,Holly Hill,SC,29059,,,,,,,,,No,,,,,,,,,,,,,,,,,,,,,,,,,,,,,
Bobby Hill Jr.,,2048,,,8034967437,,,,443 Hutto Market Rd.,,Vance ,SC,29163,,,,,,,,,No,,,,,,,,,,,,,,,,,,,,,,,,,,,,,
Bobby Joe Wiles,,1000,,,8038232473,,,,10006 Old State Road,,Cameron,SC,,,,,,,,,,No,,,,,,,,,,,,,,,,,,,,,,,,,,,,,
Bobby Johnston,,5283,Bobby,Johnston,(843) 560-0107,,,,983 B Old number 6 hwy,,Santee,SC,,,,,,,,"#fiberCustomer, #residential",,No,,,,,,,,,,,,,,,,,,,,,,,,,,,,,
Bobby Johntson,,5932,Bobby Johnson,,(843) 560-0107,,,,244 Green Street,,Santee,SC,29142,,,,,,,"#fiberCustomer, #residential",,Yes,,,,,,,,,,,,,,,,,,,,,,,,,,,,,
Bobby L Singleton,,4689,,,8033971208,,,,7127 Old Number 6 Hwy,,Elloree,SC,29047,,,,,,,,,No,,,,,,,,,,,,,,,,,,,,,,,,,,,,,
Bobby R. Johnson,,4942,Bobby,R. Johnson,8037474145,,,,2115 Tee Vee Road,,Elloree,SC,29047,,,,,,,,,No,,,,,,,,,,,,,,,,,,,,,,,,,,,,,
Bobby Singleton,,8436,Bobby,Singleton,(704) 915-7162,singletonbobby08@gmail.com,,,142 Live Oak Rd,,Elloree,South Carolina,29047,,,,,,,,,Yes,,,,,,,,,,,,,,,,,,,,,,,,,,,,,
Bobby Wiles,,1789,,,,,,,10006 Old State Rd,,Cameron,SC,29030,,,,,,,,,No,,,,,,,,,,,,,,,,,,,,,,,,,,,,,
Boland Pharmacy,,778,Cindy,Able,8038972133,,,,2732 Cleveland St.,,Elloree,SC,29047,,,,,,,,,No,,,,,,,,,,,,,,,,,,,,,,,,,,,,,
Boland Pharmacy Bowman,,4185,Boland,Pharmacy Bowman,8038292547,,,,7107 Charleston Highway,,Bowman,SC,29018,,,,,,,,,No,,,,,,,,,,,,,,,,,,,,,,,,,,,,,
Bonnett Electrical,,3633,,,8035359389,,,,369 Farm Stead Lane,,Orangeburg,SC,29115,,,,,,,,,No,,,,,,,,,,,,,,,,,,,,,,,,,,,,,
Bonnette Electrical,,8269,George,Bonnette,(803) 535-9389,,,,369 Farmstead Ln,,Orangeburg,South Carolina,29115-9729,,,,,,,,,Yes,,,,,,,,,,,,,,,,,,,,,,,,,,,,,
Bonnie Livingston,,4426,,,8035340495,,,,4125 Neeses Highway,,Neeses,SC,29107,,,,,,,,,No,,,,,,,,,,,,,,,,,,,,,,,,,,,,,
Bonnie Miles,,5798,Bonnie,Miles,7042970869,,,,209 cooper drive,,Santee,SC,29142,,,,,,,"#fiberCustomer, #residential",,No,,,,,,,,,,,,,,,,,,,,,,,,,,,,,
Bonnie Ryan,,2380,,,8034963825,,,,3968 Old State Rd,,Santee,SC,29142,,,,,,,,,No,,,,,,,,,,,,,,,,,,,,,,,,,,,,,
Bookhart Farms,,3207,,,8038972641,,,,591 Catfish Rd,,Elloree,SC,29047,,,,,,,,,No,,,,,,,,,,,,,,,,,,,,,,,,,,,,,
Bowman Fire Department,,2144,Thomas Westbury,.,(803) 829-1719,,,,3775 Homestead Rd.,,Bowman,SC,29018,,,(803) 829-3488,,,,,,No,,,,,,,,,,,,,,,,,,,,,,,,,,,,,
Bowman First Baptist Church,,568,,,8038292306,,,,6404 Charleston Hwy ,,Bowman,SC,29018,,,,,,,,,No,,,,,,,,,,,,,,,,,,,,,,,,,,,,,
Bowman IGA,,825,Kathleen,Davis,8038293108,,,,6511 Charleston Hwy,PO Box 750,Bowman,SC,29018,,,,,,,,,No,,,,,,,,,,,,,,,,,,,,,,,,,,,,,
Bowman Medical Center,,1300,.,Price,8038232523,,,,106 Causeway Dr.,,Bowman,SC,,,,,,,,,,No,,,,,,,,,,,,,,,,,,,,,,,,,,,,,
Bowman Police Department,,1405,Bowman,Police Department,8038292511,,,,100 Reevesville Rd,Box 37,Bowman,SC,29018,,,,,,,,,No,,,,,,,,,,,,,,,,,,,,,,,,,,,,,
Bowman Southern Methodist,,2931,,,8038292780,,,,310 Reevesville Road,,Bowman,SC,,,,,,,,,,No,,,,,,,,,,,,,,,,,,,,,,,,,,,,,
Boyce Logan,,7915,Boyce,Logan,(843) 718-6731,,,,901 Cedarwood Court,,Bowman,SC,29018,,,,,,,,,Yes,,,,,,,,,,,,,,,,,,,,,,,,,,,,,
Boyd Chewning,,3100,,,8035314177,,,,25 Box Wood Lane ,,Orangeburg,SC,,,,,,,,,,No,,,,,,,,,,,,,,,,,,,,,,,,,,,,,
Bozard Trucking,,765,,,8035360491,,,,164 Wild Hearts Road,,Carmeron,SC,29030,Bonnie,Bozard,(803) 664-1535,,,,,,No,,,,,,,,,,,,,,,,,,,,,,,,,,,,,
Brabham Oil,,2225,Brian,Bowen,(803) 245-2471,bbowen@brabhamoil.com,,Billing Address,PO Box 330,,Bamberg,SC,29003,,,,,,,,,No,,,,,,,,,,,,,,,,,,,,,,,,,,,,,
Brad Brunson,,7991,Brad,Brunson,(803) 759-0899,,,,9 Peter Collinson Rd,,Santee,SC,29142,,,,,,,,,Yes,,,,,,,,,,,,,,,,,,,,,,,,,,,,,
Brad Burnett,,5450,Brad,Burnett,8032263379,,,,379 Robertson Circle,,Hilda,SC,29812,,,,,,,,,No,,,,,,,,,,,,,,,,,,,,,,,,,,,,,
Brad Hutto,,2465,,,,,,, 1330 Holly Ganley Cir,,Orangeburg,SC,29118,,,,,,,,,No,,,,,,,,,,,,,,,,,,,,,,,,,,,,,
Brad Mallett,,8614,Brad Mallett,,(914) 799-1222,mallett10@gmail.com,,,444 Santee Dr,,Santee,South Carolina,29142-9305,,,,,,,,,Yes,,,,,,,,,,,,,,,,,,,,,,,,,,,,,
Brad Murphy,,554,,,8036825412,,,,875 Midway Rd,,Elloree,SC,29047,,,,,,,,,No,,,,,,,,,,,,,,,,,,,,,,,,,,,,,
Braden Carter,,5299,,,8643162454,,,,,,,,,,,,,,,,,No,,,,,,,,,,,,,,,,,,,,,,,,,,,,,
Bradford Village Association,,2869,Mary Ann,.,(803) 854-2041,,,,45 Peter Collinson Rd,PO Box 275,Santee,SC,,Deb,McMicheaux,(704) 575-1542,,,,,,No,,,,,,,,,,,,,,,,,,,,,,,,,,,,,
Bradford Village Shopping Center,,7882,Thomas,Watkins,(757) 724-4002,bradfordvillageshoppingcenter@gmail.com,,,701 Bass Drive,,Santee,SC,29142,,,,,,,,,Yes,,,,,,,,,,,,,,,,,,,,,,,,,,,,,
Bradley Computer Solutions,,20,,,,,,,390 Whitiker Parkway,,Orangeburg,SC,29118,,,,,,,,,No,,,,,,,,,,,,,,,,,,,,,,,,,,,,,
Bradley Dyar,,3824,,,8036826835,,,,5381 Apartment 2 Cameron Road,,Cameron,SC,29030,,,,,,,,,No,,,,,,,,,,,,,,,,,,,,,,,,,,,,,
Bradley Hughes,,391,,,8033789298,,,,120 Catherine Way,,Elloree,SC,29047,,,,,,,,,No,,,,,,,,,,,,,,,,,,,,,,,,,,,,,
Bradley Strecker ,,5126,Bradley,Strecker ,8038601218,,,,901 Middle Williow RD ,,Neeses,,29107,,,,,,,,,No,,,,,,,,,,,,,,,,,,,,,,,,,,,,,
Brady Crook,,1383,,,,,,,1621 Saint Mark Bowman Rd,,St. George,SC,29477,,,,,,,,,No,,,,,,,,,,,,,,,,,,,,,,,,,,,,,
Bralyn Canaday,,4633,,,8437010517,,,,464 Cardinal rd ,,Elloree,SC,29047,,,,,,,,,No,,,,,,,,,,,,,,,,,,,,,,,,,,,,,
Branchville PD,,8099,Emily,,(803) 274-8820,,,,7644 Freedom Road,,Branchville,SC,29432,Randy,Clark,(803) 308-0774,,,,,,Yes,,,,,,,,,,,,,,,,,,,,,,,,,,,,,
Brandi Byrd,,888,,,8437299947,,,,104 Whetsell St,,Reevesville,SC,29471,,,,,,,,,No,,,,,,,,,,,,,,,,,,,,,,,,,,,,,
Brandon Bazemore,,5874,Brandon,Bazemore,9126678601,,,,411 Ballards Lane,,Santee,SC,29142,,,,,,,,,No,,,,,,,,,,,,,,,,,,,,,,,,,,,,,
Brandon Blackwell,,6132,Brandon,Blackwell,(803) 757-9804,,,,1051 Huran Lane,,Santee,SC,29142,,,,,,,,,Yes,,,,,,,,,,,,,,,,,,,,,,,,,,,,,
Brandon Boyd,,3567,,,3479121064,,,,391 Apple St,,Bowman,SC,29018,,,,,,,,,No,,,,,,,,,,,,,,,,,,,,,,,,,,,,,
Brandon Coker,,4265,,,8036825412,,,,1006 Midway Road,,Elloree,SC,29047,,,,,,,,,No,,,,,,,,,,,,,,,,,,,,,,,,,,,,,
Brandon Frye,,3428,,,8434802199,,,,1126 Schley St,,Orangeburg,SC,29115,,,,,,,,,No,,,,,,,,,,,,,,,,,,,,,,,,,,,,,
Brandon Green,,4342,,,8035290296,,,,1793 Rowesville rd ,,Orangeburg ,SC,29115,,,,,,,,,No,,,,,,,,,,,,,,,,,,,,,,,,,,,,,
Brandon Hair,,1458,,,8037470795,,,,947 Crestline Dr,,Orangeburg,SC,29115,,,,,,,,,No,,,,,,,,,,,,,,,,,,,,,,,,,,,,,
Brandon Holmes,,6198,Brandon,Holmes,(803) 974-1686,,,,180 Catherine Way,,Elloree,SC,29047,,,,,,,,,Yes,,,,,,,,,,,,,,,,,,,,,,,,,,,,,
Brandon Jenkins,,6238,Branden,Jenkins,(803) 662-7056,,,,220 Cemetery Road,,Cameron,SC,,,,,,,,,,Yes,,,,,,,,,,,,,,,,,,,,,,,,,,,,,
Brandon Lukens,,1966,Molly,McCary,8037078846,,,,1041 Huran Ln,,Santee,SC,29142,,,,,,,,,No,,,,,,,,,,,,,,,,,,,,,,,,,,,,,
Brandon Lunn,,3348,,,8038600986,,,,2603 Neeses Hwy,,Orangeburg,SC,29115,,,,,,,,,No,,,,,,,,,,,,,,,,,,,,,,,,,,,,,
Brandon McCloud,,5431,,,8434254642,,,,599 Avens Ct,,Bowman,SC,,,,,,,,,,No,,,,,,,,,,,,,,,,,,,,,,,,,,,,,
Brandon Mills,,8520,Brandon,Mills,(803) 389-2518,brandonmills1216@gmail.com,,,620 Perch Ln,,Santee,SC,29142,,,,,,,,,Yes,,,,,,,,,,,,,,,,,,,,,,,,,,,,,
Brandon Shuler,,4048,,,8036624613,,,,2636 Big Buck Blvd,,Bowman,SC,29018,,,,,,,,,No,,,,,,,,,,,,,,,,,,,,,,,,,,,,,
Brandon Villejo,,8587,Brandon,Villejo,(210) 818-6311,brandonvillejo917@gmail.com,,,111 Wateree Dr,,Santee,South Carolina,29142-9307,,,,,,,,,Yes,,,,,,,,,,,,,,,,,,,,,,,,,,,,,
Brandy Dara,,1146,,,8038972186,,,,425 Lexington St.,,Elloree,SC,29047,,,,,,,,,No,,,,,,,,,,,,,,,,,,,,,,,,,,,,,
Brandy Duchene,,6320,Brandy,Duchene,(843) 277-4052,,,Home,2014 State Park Road,,Santee,SC,29142,,,,,,,,,Yes,,,,,,,,,,,,,,,,,,,,,,,,,,,,,
Brandy L. Jeffcoat,,4180,,,8035709335,,,,167 Thelma Road,,Bowman,SC,29018,,,,,,,,,No,,,,,,,,,,,,,,,,,,,,,,,,,,,,,
Brannon Casler,,8338,Brannon,Casler,(425) 623-5416,brannoncasler@hotmail.com,,,103 Wateree Annex,,Santee,SC,29142,,,,,,,,,Yes,,,,,,,,,,,,,,,,,,,,,,,,,,,,,
Brayden Blatchford Entertainment LLC,,6125,Lisa,Wood,(843) 291-8229,,,,820 Bass Drive,,Santee,SC,29142,,,,,,,,,Yes,,,,,,,,,,,,,,,,,,,,,,,,,,,,,
Brayden Duff,,7969,Brayden,Duff,(803) 989-0583,,,,448 Old Salem Road,,Barnwell,SC,,,,,,,,,,Yes,,,,,,,,,,,,,,,,,,,,,,,,,,,,,
Breanna Goodwin,,872,,,8038972346,,,,1075 Harlin Street,P O Box 342,Elloree,SC,29047,,,,,,,,,No,,,,,,,,,,,,,,,,,,,,,,,,,,,,,
Breanna Hodgin,,8149,Breanna ,Hodgin,(336) 406-3167,bpatterson0814@gmail.com,,,367 Green Street,,Santee,SC,29142,,,,,,,,,Yes,,,,,,,,,,,,,,,,,,,,,,,,,,,,,
Brenda Asbery,,2824,Brenda,Asbery,8036146142,,,,285 Rexford Ct,,Santee,SC,29142,,,,,,,,,No,,,,,,,,,,,,,,,,,,,,,,,,,,,,,
Brenda Berkey,,1697,Brenda,Berkey,(803) 974-9487,,,,478 Santee Dr.,,Santee,SC,219142,,,,,,,"#fiberCustomer, #residential",,No,,,,,,,,,,,,,,,,,,,,,,,,,,,,,
Brenda Brown,,1513,,,8033475995,,,,1720 Bass Drive,,Santee,SC,29142,,,,,,,,,No,,,,,,,,,,,,,,,,,,,,,,,,,,,,,
Brenda Gardner,,3675,,,8037076689,,,,113 newfield circle,,Elloree,SC,29047,,,,,,,,,No,,,,,,,,,,,,,,,,,,,,,,,,,,,,,
Brenda Green,,857,Brenda,Green,8036824406,,,,1136 Shulmer Rd.,,Cameron,SC,,,,,,,,,,No,,,,,,,,,,,,,,,,,,,,,,,,,,,,,
Brenda Holliday,,8688,Brenda,Holliday,(843) 860-4443,hollidayb368@outlook.com,,,7L Thomas Walter Cir,,Santee,South Carolina,29142-8305,,,,,,,,,Yes,,,,,,,,,,,,,,,,,,,,,,,,,,,,,
Brenda Manley,,3201,Brenda,Manley,(843) 521-3681,,,,10030 Marion Dr,,,SC,,,,,,,,"#fiberCustomer, #residential",,No,,,,,,,,,,,,,,,,,,,,,,,,,,,,,
Brenda McCullen,,5262,,,,,,,864 jericho rd, ,Cameron,SC,,,,,,,,,,No,,,,,,,,,,,,,,,,,,,,,,,,,,,,,
Brenda Padgett,,6307,Brenda,Padgett,(803) 378-3094,pinehillantiquetraders@gmail.com,,,4280 Neeses Highway,,Neeses,SC,29107,,,,,,,,,Yes,,,,,,,,,,,,,,,,,,,,,,,,,,,,,
Brenda Pauling-Greene,,5891,Brenda,Pauling-Green,(864) 630-1706,bg101.coupons@gmail.com,,,,,,,,,,,,,,,,Yes,,,,,,,,,,,,,,,,,,,,,,,,,,,,,
Brenda Shuler,,3092,,,8035340718,,,,1389 Sheppard Rd,,Orangeburg,SC,29118,,,,,,,,,No,,,,,,,,,,,,,,,,,,,,,,,,,,,,,
Brenda Shuman,,820,,,8435633301,,,,6300 Badham Dr.,,Reevesville,SC,29471,,,,,,,,,No,,,,,,,,,,,,,,,,,,,,,,,,,,,,,
Brenda Shuman,,5703,Brenda,Shuman,8433220486,,,,187 Ballards Lane ,,Santee ,SC,29142,,,,,,,,,No,,,,,,,,,,,,,,,,,,,,,,,,,,,,,
Brenda Shuman,,5754,Brenda,Shuman,(843) 224-0486,,,,383 Ballards Lane,,Santee,SC,29142,,,,,,,,,No,,,,,,,,,,,,,,,,,,,,,,,,,,,,,
Brenda Shuman,,7869,Brenda,Shuman,(843) 563-3301,,,Home,449 Santee Dr,,Santee,South Carolina,29142-9304,,,,,,,"#fiberCustomer, #residential",,Yes,,,,,,,,,,,,,,,,,,,,,,,,,,,,,
Brenda Tippett,,764,,,8038292953,,,,291 Elm Street,,Bowman,SC,29018,,,,,,,,,No,,,,,,,,,,,,,,,,,,,,,,,,,,,,,
Brenda Watson,,2315,,,8038544370,,,,217 Pee Dee Dr,,Santee,SC,29142,,,,,,,,,No,,,,,,,,,,,,,,,,,,,,,,,,,,,,,
Brent Barker,,5020,,,7046489160,,,,366 Berry Street,,Orangeburg,SC,29115,,,,,,,,,No,,,,,,,,,,,,,,,,,,,,,,,,,,,,,
Brent Bochette,,5929,Brent,Bochette,(803) 308-7543,,,,2433 Old State Road,,Cameron,SC,29030,,,,,,,,,Yes,,,,,,,,,,,,,,,,,,,,,,,,,,,,,
Brent Rose,,8524,Brent,Rose,(757) 647-9741,brose1950@gmail.com,,,145 Ballard Ln,,Santee,South Carolina,29142-8562,,,,,,,,,Yes,,,,,,,,,,,,,,,,,,,,,,,,,,,,,
Brian & Ashley Crider,,3194,Brian,& Ashley Crider,(803) 570-9471,,,,390 Todd Creek Rd,,Neeses,SC,29107,,,,,,,,,No,,,,,,,,,,,,,,,,,,,,,,,,,,,,,
Brian Capers,,1372,Brian,Capers,(803) 971-9072,,,,720 Cleveland St.,,Santee,SC,29142,,,,,,,,,No,,,,,,,,,,,,,,,,,,,,,,,,,,,,,
Brian Capers (Plaza),,4084,Brian,Capers (Plaza),(803) 971-9072,,,,300 Santee Plaza Circle Suite 1,,Santee,SC,29142,,,,,,,,,No,,,,,,,,,,,,,,,,,,,,,,,,,,,,,
Brian Chermol,,5503,Brian,Chermol,8038544713,,,,206 Broad River Dr,,Santee,SC,29142,,,,,,,"#fiberCustomer, #residential",,No,,,,,,,,,,,,,,,,,,,,,,,,,,,,,
Brian Etheridge,,3392,,,8036644633,,,,526 Middle Willow Rd,,Neeses,SC,29107,,,,,,,,,No,,,,,,,,,,,,,,,,,,,,,,,,,,,,,
Brian K Phillips,,6027,Brian,K Phillips,,,,,147 Betty Drive,,Barnwell,SC,29142,,,,,,,,,Yes,,,,,,,,,,,,,,,,,,,,,,,,,,,,,
Brian Linder,,8690,Brian,Linder,(843) 909-2930,blinder@pennlive.com,,,104 Cooper Dr,,Santee,South Carolina,29142-8522,,,,,,,,,Yes,,,,,,,,,,,,,,,,,,,,,,,,,,,,,
Brian Shelton,,307,,,8438148420,,,,105 Fourth St.,,Santee,SC,29142,,,,,,,,,No,,,,,,,,,,,,,,,,,,,,,,,,,,,,,
Brian Sittinger,,8239,Brian,Sittinger,(440) 935-2413,Briansittinger@hotmail.com,,,44 Andre Michaux Road,,Santee,SC,29142,,,,,,,,,Yes,,,,,,,,,,,,,,,,,,,,,,,,,,,,,
Brian Smoak,,4191,,,8037073448,,,,149 Greatview Rd,,Neeses,SC,29107,,,,,,,,,No,,,,,,,,,,,,,,,,,,,,,,,,,,,,,
Brian Steffen,,990,,,8038972480,,,,271 Horsepond Rd,,Elloree,SC,29047,,,,,,,,,No,,,,,,,,,,,,,,,,,,,,,,,,,,,,,
Brian Walter,,8560,Brian,Walter,(843) 964-7632,brian1mw@yahoo.com,,,601 Santee Dr,,Santee,South Carolina,29142-8521,,,,,,,,,Yes,,,,,,,,,,,,,,,,,,,,,,,,,,,,,
Brian Watson,,3955,,,8436962632,,,,489 Santee Dr,,Santee,SC,29142,,,,,,,"#fiberCustomer, #residential",,No,,,,,,,,,,,,,,,,,,,,,,,,,,,,,
Bridget Johnson,,8619,Bridget,Johnson,(509) 990-7369,,,,143 Saluda Dr,,Santee,South Carolina,29142-9321,,,,,,,,,Yes,,,,,,,,,,,,,,,,,,,,,,,,,,,,,
Bridgett Summers,,3560,,,8033832135,,,,951 Bowman Branch Highway,,Bowman,SC,29018,,,,,,,,,No,,,,,,,,,,,,,,,,,,,,,,,,,,,,,
Britney Jacobs ,,4604,,,8036141639,,,,4307 Cleveland st,,Elloree,SC,29047,,,,,,,,,No,,,,,,,,,,,,,,,,,,,,,,,,,,,,,
Britney Pelzer,,5876,Britney,Pelzer,8037075115,,,,509 Easterlin Rd,,Bowman,SC,29018,,,,,,,,,No,,,,,,,,,,,,,,,,,,,,,,,,,,,,,
Brittany Carlson,,4064,,,8436423333,,,,118 Windgate Street ,,Orangeburg,SC,29118,,,,,,,,,No,,,,,,,,,,,,,,,,,,,,,,,,,,,,,
Brittany Chavis,,5917,Brittany,Chavis,(803) 226-1953,brittanychavis429@yahoo.com,,,6356 Barnwell Road,,Blackville,SC,29817,,,,,,,,,Yes,,,,,,,,,,,,,,,,,,,,,,,,,,,,,
Brittany Davis,,3949,,,8033471133,,,,2185 Slab Landing Rd,,Neeses,SC,29107,,,,,,,,,No,,,,,,,,,,,,,,,,,,,,,,,,,,,,,
Brittany Dubose,,5012,,,8038370268,,,,130 wactor dr,,Santee,SC,29142,,,,,,,,,No,,,,,,,,,,,,,,,,,,,,,,,,,,,,,
Brittany England,,4366,,,3473665465,,,,127 Gentry lane,,Santee,SC,29142,,,,,,,,,No,,,,,,,,,,,,,,,,,,,,,,,,,,,,,
Brittany England,,4428,,,3474833902,,,,127 Gentry Lane,,Santee,SC,29142,,,,,,,,,No,,,,,,,,,,,,,,,,,,,,,,,,,,,,,
Brittany England,,675,,,8038543647,,,,229 Barcelona Dr,,Santee,SC,29142,,,,,,,,,No,,,,,,,,,,,,,,,,,,,,,,,,,,,,,
Brittany Felder ,,4711,,,8034966288,,,,6908 SC 267,,Elloree,SC,,,,,,,,,,No,,,,,,,,,,,,,,,,,,,,,,,,,,,,,
Brittany Jamason ,,4419,,,8034967390,,,,120 fludd st,,Santee,,29142,,,,,,,,,No,,,,,,,,,,,,,,,,,,,,,,,,,,,,,
Brittany Jamison,,6000,Brittany,Jamison,(803) 586-7806,,,,4974 Cleveland Street,,Elloree,SC,29047,,,,,,,,,Yes,,,,,,,,,,,,,,,,,,,,,,,,,,,,,
Brittany Pelzer,,3854,,,8037075115,,,,191 abbott st,,Bowman,SC,29018,,,,,,,,,No,,,,,,,,,,,,,,,,,,,,,,,,,,,,,
Brittany Rush,,4823,,,,,,,,,,,,,,,,,,,,No,,,,,,,,,,,,,,,,,,,,,,,,,,,,,
Brittany Rush,,1793,,,8033085345,,,,517 Mount Olive,,Santee,SC,,,,,,,,,,No,,,,,,,,,,,,,,,,,,,,,,,,,,,,,
Brittany Sweatman,,1194,,,8034967515,,,,1042 Jackson Belt Rd.,,Holly Hill ,SC,29059,,,,,,,,,No,,,,,,,,,,,,,,,,,,,,,,,,,,,,,
Brittany Vaughn,,4308,,,8036621822,,,,238 Jenson ct ,,Orangeburg ,,,,,,,,,,,No,,,,,,,,,,,,,,,,,,,,,,,,,,,,,
Britteny Lee,,4855,,,8035961077,,,,,,,,,,,,,,,,,No,,,,,,,,,,,,,,,,,,,,,,,,,,,,,
Brittney Lee,,5464,,,8033787744,,,,Walsh Rd,,Neeses,SC,29107,,,,,,,,,No,,,,,,,,,,,,,,,,,,,,,,,,,,,,,
Brittney Rush,,4577,,,8033085345,,,,517 mt olive rd,,Santee ,SC,,,,,,,,,,No,,,,,,,,,,,,,,,,,,,,,,,,,,,,,
Brittney Summers,,5800,,,,,,,112 Cecelia Street,,Santee,SC,29142,,,,,,,,,No,,,,,,,,,,,,,,,,,,,,,,,,,,,,,
Brittney Summers,,5410,,,8033085800,,,,112 Cecelia Street,,Santee,SC,29142,,,,,,,,,No,,,,,,,,,,,,,,,,,,,,,,,,,,,,,
Brittney Summers,,2719,,,8034106452,,,,545 Resort St,,Santee,SC,29142,,,,,,,,,No,,,,,,,,,,,,,,,,,,,,,,,,,,,,,
Britton Moorer,,455,,,8034967604,,,,6379 Old State Rd,,Holly Hill     ,SC,29059,,,,,,,,,No,,,,,,,,,,,,,,,,,,,,,,,,,,,,,
BRN Sleep Products,,7934,Sarah,Godwin,(803) 837-1196,,,,3771 Cameron Road,,Orangeburg,SC,29115,,,,,,,,,Yes,,,,,,,,,,,,,,,,,,,,,,,,,,,,,
Brock Hannay,,806,,,8036823801,,,,2737 Cleavland St  #212,P.O. Box 420,Elloree,SC,29047,,,,,,,,,No,,,,,,,,,,,,,,,,,,,,,,,,,,,,,
Brock Strickland,,8123,Brock,Strickland,(803) 682-5568,,,,6304 Norway Rd,,Norway,SC,29113,,,,,,,,,Yes,,,,,,,,,,,,,,,,,,,,,,,,,,,,,
Brooke Pacheco,,8008,Brooke,Pacheco,(843) 597-0955,,,,128 William Clark Boulevard Lot 45,,Santee,SC,29142,,,,,,,,,Yes,,,,,,,,,,,,,,,,,,,,,,,,,,,,,
Brooke Riser,,6079,Brooke,Riser,(843) 714-3342,,,,101 Ballards Lane,,Santee,SC,29142,,,,,,,,,Yes,,,,,,,,,,,,,,,,,,,,,,,,,,,,,
Broughton Pawn Shop,,704,,,8035362900,,,,327 John C Calhoun Drive,,Orangeburg,SC,29115,,,,,,,,,No,,,,,,,,,,,,,,,,,,,,,,,,,,,,,
Bruce and Marie Kreutzer,,6335,Bruce and Marie,Kreutzer,(404) 862-1557,,,,4 Alexander Gardner Circle,,Santee,SC,29142,,,,,,,,,Yes,,,,,,,,,,,,,,,,,,,,,,,,,,,,,
Bruce Ellis,,2692,,,8037075666,,,,488 Dickinson St,,Bamberg,SC,29003,,,,,,,,,No,,,,,,,,,,,,,,,,,,,,,,,,,,,,,
Bruce Fischer,,2846,,,8036288843,,,,4 Thomas Walter Circle,,Santee,SC,29142,,,,,,,,,No,,,,,,,,,,,,,,,,,,,,,,,,,,,,,
Bruce Lowin,,5540,Bruce,Lowin,5185984105,,,,307 Santee Dr,,Santee,SC,29142,,,,,,,"#fiberCustomer, #residential",,No,,,,,,,,,,,,,,,,,,,,,,,,,,,,,
Bryan Aivalotis,,8352,Bryan,Aivalotis,(405) 410-5966,,,,120 Railroad Ave,,Reevesville,SC,29471,,,,,,,,,Yes,,,,,,,,,,,,,,,,,,,,,,,,,,,,,
Bryan Cook,,4032,,,8438721425,,,,211 Hutto Market Rd,,Vance,SC,29163,,,,,,,,,No,,,,,,,,,,,,,,,,,,,,,,,,,,,,,
Bryan Gartman,,1547,,,8035859169,,,,7391 Five Chop Rd,,Santee,SC,29142,,,,,,,,,No,,,,,,,,,,,,,,,,,,,,,,,,,,,,,
Bryan Maxwell,,5205,,,8039378228,,,,192 Pepsie st,,Orangeburg,SC,,,,,,,,,,No,,,,,,,,,,,,,,,,,,,,,,,,,,,,,
Bryan Roland,,8595,Bryan,Roland,(954) 330-7768,,,,183 Ballard Ln,,Santee,South Carolina,29142-8565,,,,,,,,,Yes,,,,,,,,,,,,,,,,,,,,,,,,,,,,,
Bryan Stabler,,1899,,,8033197952,,,,105 Second St.,,Cameron,SC,,,,,,,,,,No,,,,,,,,,,,,,,,,,,,,,,,,,,,,,
Bryant Bowman,,1762,,,8038292396,,,,951 Reevesville Rd,,Bowman,SC,,,,,,,,,,No,,,,,,,,,,,,,,,,,,,,,,,,,,,,,
Bryant Fanning & Shuler,,596,Bryant,Fanning & Shuler,(803) 534-5910,,,,358 Saint Paul Street,PO Box 1265,Orangeburg,SC,29115,,,,,,,,,No,,,,,,,,,,,,,,,,,,,,,,,,,,,,,
Bryant Stokes,,1612,Bryant,Stokes,(803) 974-0514,brystk6@aol.com,,,180 Cantey Drive, APT.204  ,,SC,,,,,,,,,,No,,,,,,,,,,,,,,,,,,,,,,,,,,,,,
Bryce Boylston,,5090,,,8037470769,,,,1992 St Matthews Rd,,Orangeburg,SC,29118,,,,,,,,,No,,,,,,,,,,,,,,,,,,,,,,,,,,,,,
Bryon James,,2299,,,8032901494,,,,8795 Charleston Hwy,,Orangeburg ,SC,29115,,,,,,,,,No,,,,,,,,,,,,,,,,,,,,,,,,,,,,,
Bryon kriewaldt,,5335,Bryon,kriewaldt,8434782752,,,,112 Wateree Annex,,Santee,SC,,,,,,,,"#fiberCustomer, #residential",,No,,,,,,,,,,,,,,,,,,,,,,,,,,,,,
Buck Ridge Plantation,,4769,,,8032685096,,,,231 Gun Dog Trail,,Neeses,,,,,,,,,,,No,,,,,,,,,,,,,,,,,,,,,,,,,,,,,
Buck Simmons,,3063,,,7702067105,,,,193 Ballard Ln,,Santee,SC,29142,,,,,,,,,No,,,,,,,,,,,,,,,,,,,,,,,,,,,,,
Bucky Roquemore,,3820,,,,,,,605 Ballards Lane,,Santee,SC,29115,,,,,,,,,No,,,,,,,,,,,,,,,,,,,,,,,,,,,,,
Budget Hotel,,8591,VJ,Patel,(972) 400-0743,384budgetinn@gmail.com,,,,,,,,,,,,,,,,Yes,,,,,,,,,,,,,,,,,,,,,,,,,,,,,
Budget Mini Storage,,8625,Budget,Mini Storage,(803) 533-0462,,,,1698 Joe S Jeffords Hwy,,Orangeburg,South Carolina,29115-7471,,,,,,,,,Yes,,,,,,,,,,,,,,,,,,,,,,,,,,,,,
Budget Motel,,,,,8038540920,,,,514 Sunset Dr,,Manning,SC,29102,,,,,,,#Hospitality,,No,,,,,,,,,,,,,,,,,,,,,,,,,,,,,
Bull Swamp Fabrication  LLC,,7881,Johnny,Bonnette,(803) 427-5793,,,,5642 North Rd,,Orangeburg,SC,29118,,,,,,,,,Yes,,,,,,,,,,,,,,,,,,,,,,,,,,,,,
Burkhart LTD,,2535,,,8033083125,,,,2731 Cleavland Street,,Elloree,SC,,,,,,,,,,No,,,,,,,,,,,,,,,,,,,,,,,,,,,,,
Bushy Branch LLC (Bobbie),,3974,,,8038972144,,,,1875 Bass Dr,,Santee,SC,29142,,,,,,,,,No,,,,,,,,,,,,,,,,,,,,,,,,,,,,,
Butler Chapel AME Church,,23,,,8037074158,,,,5727 North Rd,,,SC,,,,,,,,,,No,,,,,,,,,,,,,,,,,,,,,,,,,,,,,
Byer's Tire Service,,3232,,,8037934234,,,,4081 Carolina Highway,,Denmark,SC,,,,,,,,,,No,,,,,,,,,,,,,,,,,,,,,,,,,,,,,
Bykiia Freddrick,,2884,,,8033789108,,,,1013 presidential dr,,,SC,,,,,,,,,,No,,,,,,,,,,,,,,,,,,,,,,,,,,,,,
Byron Gant,,5739,Byron,Gant,8036148507,,,,2120 Bonner Avenue,,Santee,SC,29142,,,,,,,,,No,,,,,,,,,,,,,,,,,,,,,,,,,,,,,
Byron James,,2297,,,8032901494,,,,3795 Charleston Hwy,,Orangeburg,SC,29115,,,,,,,,,No,,,,,,,,,,,,,,,,,,,,,,,,,,,,,
Byron Sims,,2762,,,,,,,,,,,,,,,,,,,,No,,,,,,,,,,,,,,,,,,,,,,,,,,,,,
C & C Insurance Group,,8575,Wesley,Colier,(803) 496-4416,wesley@candcinsurancegroup.com,Owner,Offie,7107 Charleston Hwy,,Bowman,South Carolina,29018-8552,,,,,,,,,Yes,,,,,,,,,,,,,,,,,,,,,,,,,,,,,
C & C Investments,,1242,.,Sweet,8036552444,,,,1481 Campus Drive,,Orangeburg,SC,,,,,,,,,,No,,,,,,,,,,,,,,,,,,,,,,,,,,,,,
C & H Tax Service,,583,,,8038972856,,,,610 Hampton St,,Elloree,SC,29047,,,,,,,,,No,,,,,,,,,,,,,,,,,,,,,,,,,,,,,
C Still,,5176,,,,,,,580 Collins Ave ,,BARNWELL,SC,,,,,,,,,,No,,,,,,,,,,,,,,,,,,,,,,,,,,,,,
C&C Insurance Group LLC,,8322,Wesley Collier,,(803) 496-4416,wesley@candcinsgroup.com,,,7107 Charleston Hwy,,Bowman,South Carolina,29018-8552,,,,,,,,,Yes,,,,,,,,,,,,,,,,,,,,,,,,,,,,,
C.J. Way,,5168,,,8038971074,,,,283 Woodstork trail,,Elloree,SC,,,,,,,,,,No,,,,,,,,,,,,,,,,,,,,,,,,,,,,,
Cable & Connections,,264,,,8039360190,,,,2500-A Leaphart Road,,West Columbia,SC,29169,,,,,,,,,No,,,,,,,,,,,,,,,,,,,,,,,,,,,,,
Cactus Family Farms,,164,Brad,Heightman,(402) 548-5767,,,,443 John C. Calhoun Drive,,Orangeburg,SC,29115,Jeff,Hallman,(803) 707-3268,,,Local Onsite Contace,,,No,,,,,,,,,,,,,,,,,,,,,,,,,,,,,
Cadara Darby,,5669,Cadara,Darby,8036642896,,,,105 Ballard Ln,,Santee,SC,29142,,,,,,,,,No,,,,,,,,,,,,,,,,,,,,,,,,,,,,,
Caddell Czura,,8683,Caddell,Czura,(843) 384-2530,cadellcz@gmail.com,,,151 Ballard Lane,,Santee,SC,29115,,,,,,,,,Yes,,,,,,,,,,,,,,,,,,,,,,,,,,,,,
Cadra Pearson,,5976,Cadra ,Pearson,(803) 553-7953,,,,320 South Belt Line Boulevard 38A,,Columbia ,SC,29205,,,,,,,,,Yes,,,,,,,,,,,,,,,,,,,,,,,,,,,,,
Cahishe Snell,,6184,Cahishe,Snell,(803) 974-0616,csnell1475@gmail.com,,,7268 Five Chop Road,,Santee,SC,29142,,,,,,,,,Yes,,,,,,,,,,,,,,,,,,,,,,,,,,,,,
Cain Ravenell,,1196,Cain,Ravenell,(803) 378-9570,,,,145 Laredo St.,,Santee,SC,29142,,,,,,,"#fiberCustomer, #residential",,No,,,,,,,,,,,,,,,,,,,,,,,,,,,,,
Caitlyn Alderman,,6301,Caitlyn,Alderman,(803) 671-2433,,,,82 Hartzog Road,,Barnwell,SC,29812,,,,,,,,,Yes,,,,,,,,,,,,,,,,,,,,,,,,,,,,,
Caitlyn Kinard,,5029,,,8035415005,,,,82 Hartzog road,,Barnwell,SC,29812,,,,,,,,,No,,,,,,,,,,,,,,,,,,,,,,,,,,,,,
Cal Bruner,,5390,,,,,,,1480 Sims Street,,Orangeburg,SC,29115,,,,,,,,,No,,,,,,,,,,,,,,,,,,,,,,,,,,,,,
Cal Bruner,,5391,,,,,,,1480 Sims Street,,Orangeburg,SC,29115,,,,,,,,,No,,,,,,,,,,,,,,,,,,,,,,,,,,,,,
Cal Murray,,882,Cal,Murray,8438300822,,,,1302 Coach Road,,Holly Hill,SC,29059,,,,,,,,,No,,,,,,,,,,,,,,,,,,,,,,,,,,,,,
Calhoun Academy,,24,Ashlei,Wilder,8038742734,,,,P.O. Box 526,,St. Matthews,SC,29135,,,,,,,,,No,,,,,,,,,,,,,,,,,,,,,,,,,,,,,
Calhoun Auto Works,,1970,Calhoun,Auto Works,8038741200,,,,1411 Bridge St,,St Matthews,SC,29135,Rocky,,(803) 747-4640,,,,,,No,,,,,,,,,,,,,,,,,,,,,,,,,,,,,
Calhoun Convelescent Center,,382,Ronnie,Rucker,8036557101,mkizer@oburg.net,,,P.O Box 157,601 Dantzler Street ,St Matthews        ,SC,29135,,,,,,,,,No,,,,,,,,,,,,,,,,,,,,,,,,,,,,,
Calhoun County Museum,,26,,,,,,,303 Butler St,,St Matthews ,SC,29135,,,,,,,,,No,,,,,,,,,,,,,,,,,,,,,,,,,,,,,
Calhoun County Sherrifs Office,,4422,Ralph,Crapse,8038742741,,,,2811 Old Bellville Rd,,St matthews,SC,29135,,,,,,,,,No,,,,,,,,,,,,,,,,,,,,,,,,,,,,,
Calhoun County Solicitor's Office,,1770,,,8038741978,,,,117 Courthouse Dr,,St. matthews ,SC,29135,,,,,,,,,No,,,,,,,,,,,,,,,,,,,,,,,,,,,,,
Calhoun Gin Company,,27,,,,,,,P O Box 316,,St Matthews ,SC,29135,,,,,,,,,No,,,,,,,,,,,,,,,,,,,,,,,,,,,,,
Calhoun Marine,,1037,Calhoun,Marine,8038973806,,,,1166 Midway Rd,,Elloree,SC,2047,,,,,,,,,No,,,,,,,,,,,,,,,,,,,,,,,,,,,,,
Calhoun Oil  Store #111,,3322,Calhoun,Oil  Store #111,8035346645,,,,3687 St Matthews Rd,Hwy 601 & I26,Orangeburg,SC,29118,,,,,,,,,No,,,,,,,,,,,,,,,,,,,,,,,,,,,,,
Calhoun Oil # 107,,4298,,,,,,,9044 Old Hwy 6,,Santee,SC,29142,,,,,,,,,No,,,,,,,,,,,,,,,,,,,,,,,,,,,,,
Calhoun Oil # 108,,3178,Calhoun,Oil # 108,8036822480,,,,110 Chestnut St ,,Orangeburg,SC,29115,,,,,,,,,No,,,,,,,,,,,,,,,,,,,,,,,,,,,,,
Calhoun Oil # 110 (Shell Station),,903,Calhoun,Oil # 110 (Shell Station),,,,,6405 Old Number Six Hwy ,,Elloree,SC,,,,,,,,,,No,,,,,,,,,,,,,,,,,,,,,,,,,,,,,
Calhoun Oil # 115,,6228,Wenni,Joyner,(803) 874-3681,,,,495 Old Sandy Run Road,,Gaston,SC,29053,,,,,,,,,Yes,,,,,,,,,,,,,,,,,,,,,,,,,,,,,
Calhoun Oil #102,,6325,Calhoun Oil #102,,(803) 682-2480,,,,806 John C Calhoun Dr,,Orangeburg,SC,29115,,,,,,,,,Yes,,,,,,,,,,,,,,,,,,,,,,,,,,,,,
Calhoun Oil #105,,3619,Calhoun,Oil #105,,,,,670 Cannon Bridge Rd     ,,Orangeburg,SC,29118,,,,,,,,,No,,,,,,,,,,,,,,,,,,,,,,,,,,,,,
Calhoun Oil #112,,3620,,,8038542626,,,,8949 Old Number Six Highway,,Santee,SC,29142,,,,,,,,,No,,,,,,,,,,,,,,,,,,,,,,,,,,,,,
Calhoun Oil Company,,28,Wenni,Joyner,(803) 874-3681,wjoyner@calhounoil.com,,,102 Bonfire,PO Box 433,St. Matthews,SC,29135,,,,,,,,,No,,,,,,,,,,,,,,,,,,,,,,,,,,,,,
Calhoun Oil Company Store # 103,,1587,Calhoun,Oil Company Store # 103,8035343882,wjoyner@calhounoilco.com,,,1310 Boulevard St,,Orangeburg,SC,29118,,,,,,,,,No,,,,,,,,,,,,,,,,,,,,,,,,,,,,,
Calhoun Trading Center,,1768,,,8038741375,,,,2654 Colonel Thomson Hwy,PO Box 318,St. matthews,SC,,,,,,,,,,No,,,,,,,,,,,,,,,,,,,,,,,,,,,,,
Cali Krause,,582,,,8038972523,,,,658 Tee Vee Rd,,Elloree,SC,29047,,,,,,,,,No,,,,,,,,,,,,,,,,,,,,,,,,,,,,,
Calix,,4132,Anthony,Armstrong,7077663000,,,,1035 N. McDowell Blvd,,Petaluma,CA,94954,,,,,,,,,No,,,,,,,,,,,,,,,,,,,,,,,,,,,,,
Callie Farrell,,3497,Callie,Farrell,8038544770,,,,406 santee dr,,Santee,SC,29142,,,,,,,"#fiberCustomer, #residential",,No,,,,,,,,,,,,,,,,,,,,,,,,,,,,,
Calvin Green ,,4331,,,8033477185,,,,1793 Rowesville rd ,,Orangeburg,SC,29115,,,,,,,,,No,,,,,,,,,,,,,,,,,,,,,,,,,,,,,
Calvin Parker,,8408,Calvin,Parker,(803) 928-1714,,,,1883 Forest Dr,,Orangeburg,South Carolina,29118-1922,,,,,,,,,Yes,,,,,,,,,,,,,,,,,,,,,,,,,,,,,
Calvin Tyler,,5931,Calvin,Tyler,(803) 614-3956,gemini8986@gmail.com,,,127 Belvin Road,,Neeses,SC,29107,,,,,,,,,Yes,,,,,,,,,,,,,,,,,,,,,,,,,,,,,
Cameika Hammond,,3393,,,8035962951,,,,809 Horger St,,Orangeburg,SC,29115,,,,,,,,,No,,,,,,,,,,,,,,,,,,,,,,,,,,,,,
Cameron Bedding,,29,,,8038232555,,,,205 S Boyce Lawton Dr,PO Box 396,Cameron,SC,29030,,,,,,,,,No,,,,,,,,,,,,,,,,,,,,,,,,,,,,,
Cameron Felsher,,6012,Cameron,Felsher,(843) 860-3233,ctfelsher@gmail.com,,,166 Winding Brook Drive,,Cameron,SC,29030,,,,,,,,,Yes,,,,,,,,,,,,,,,,,,,,,,,,,,,,,
Cameron Veterinary Pharmacy,,30,,,8038232104,,,,P.O. Box 664,,Cameron,SC,29030,,,,,,,,,No,,,,,,,,,,,,,,,,,,,,,,,,,,,,,
Cammy Bernstel,,3229,,,8035716025,,,,183 Ballards Point,,Santee,SC,,,,,,,,,,No,,,,,,,,,,,,,,,,,,,,,,,,,,,,,
Candace Gosnell,,5873,Candace,Gosnell,8036629193,,,,330 Brewton Street,,Orangeburg,SC,29115,,,,,,,,,No,,,,,,,,,,,,,,,,,,,,,,,,,,,,,
Candace McCutcheon,,2347,,,8037595227,,,,161 Santee Lumber Rd,,Santee,SC,29142,,,,,,,,,No,,,,,,,,,,,,,,,,,,,,,,,,,,,,,
Candace Thress,,2332,,,4406660228,,,,2703 Cleveland St,Apt 1,Elloree,SC,29047,,,,,,,,,No,,,,,,,,,,,,,,,,,,,,,,,,,,,,,
Candace Williams,,3501,,,4242020185,,,,211 Third St,,Santee,SC,,,,,,,,,,No,,,,,,,,,,,,,,,,,,,,,,,,,,,,,
Candee Goliday ,,4290,,,8435320567,,,,139 purina lane ,,Santee,SC,,,,,,,,,,No,,,,,,,,,,,,,,,,,,,,,,,,,,,,,
Candee Golliday,,2305,,,8038545067,,,,139 Purina Ln,,Santee,SC,29142,,,,,,,,,No,,,,,,,,,,,,,,,,,,,,,,,,,,,,,
Candee Golliday,,1626,,,8038545067,,,,139 purina lane,,Santee,SC,29142,,,,,,,,,No,,,,,,,,,,,,,,,,,,,,,,,,,,,,,
Candi Craig,,1508,,,8038374594,,,,7216 Charleston Hwy,,Bowman,SC,29018,,,,,,,,,No,,,,,,,,,,,,,,,,,,,,,,,,,,,,,
Candice Caldwell,,3427,,,8033948639,,,,254 Dutton St,,Orangeburg,SC,29115,,,,,,,,,No,,,,,,,,,,,,,,,,,,,,,,,,,,,,,
Caprice North,,5446,Frederick,North,(839) 237-4048,,,,315 Project Road,,Bowman,SC,29118,,,,,,,,,No,,,,,,,,,,,,,,,,,,,,,,,,,,,,,
Capstone Logistics,,2254,Capstone,Logistics,8038972146,,,,258 Snider St,,Elloree,SC,,,,,,,,,,No,,,,,,,,,,,,,,,,,,,,,,,,,,,,,
Captain's Quarters,,1582,Brook,Pacheco,(843) 597-0955,,Owner,,9053 Old Number Six Hwy,,Santee,SC,29142,Gwen,Renn,(803) 682-1545,,Owners mom,,,,No,,,,,,,,,,,,,,,,,,,,,,,,,,,,,
Captian Kirks,,369,,,8038542025,,,,917 Resort Rd ,,Santee,SC,29142,,,,,,,,,No,,,,,,,,,,,,,,,,,,,,,,,,,,,,,
Carey Bunch,,6130,Carey,Bunch,(803) 707-0543,,,,230 Elliot Street,,Orangeburg,SC,29115,,,,,,,,,Yes,,,,,,,,,,,,,,,,,,,,,,,,,,,,,
Carl Behrick,,754,,,8434784355,,,,287 Earl Drive,,St. George,SC,29477,,,,,,,,,No,,,,,,,,,,,,,,,,,,,,,,,,,,,,,
Carl Bradford,,869,Carl,Bradford,(803) 974-9198,,,Bradford Village Home,10L Andre Michaux  Rd,,Santee,SC,29142,,,,,,,,,No,,,,,,,,,,,,,,,,,,,,,,,,,,,,,
Carl Harmon,,1350,,,8038545823,,,,233 Partridge Run Road,,Santee,SC,,,,,,,,,,No,,,,,,,,,,,,,,,,,,,,,,,,,,,,,
Carl Leola Yates,,3113,Carl,Leola Yates,8038540895,,,,1085 Sanoree Dr,,Santee,SC,29142,,,,,,,"#VoIP, #fiberCustomer, #residential",,No,,,,,,,,,,,,,,,,,,,,,,,,,,,,,
Carl Martin,,2430,,,8036644810,,,,386 Barkley St,,Elloree,SC,29047,,,,,,,,,No,,,,,,,,,,,,,,,,,,,,,,,,,,,,,
Carl Sherman,,2747,,,8034966072,,,,137 Third St,,Santee,SC,29142,,,,,,,,,No,,,,,,,,,,,,,,,,,,,,,,,,,,,,,
Carl Zeigler,,1874,,,8038972835,,,,281 Baronet Ln,,Elloree,SC,29047,,,,,,,,,No,,,,,,,,,,,,,,,,,,,,,,,,,,,,,
Carla Davis,,1449,,,8038378618,,,,172 Slim Jim Rd.,,Santee,SC,29142,,,,,,,,,No,,,,,,,,,,,,,,,,,,,,,,,,,,,,,
Carla Kearse,,3654,,,8039281333,,,,2374 Mall Terrance Ct,,Orangeburg ,SC,29118,,,,,,,,,No,,,,,,,,,,,,,,,,,,,,,,,,,,,,,
Carla Stack,,4622,,,8039289624,,,,119 Purina Lane,,Santee,SC,,,,,,,,,,No,,,,,,,,,,,,,,,,,,,,,,,,,,,,,
Carlen Thomas,,2817,,,8032907643,,,,1341 Springdale Dr,,Orangeburg,SC,29118,,,,,,,,,No,,,,,,,,,,,,,,,,,,,,,,,,,,,,,
Carlotta Felder,,730,,,,,,,1374 Church Camp Rd,,Cameron,SC,29030,,,,,,,,,No,,,,,,,,,,,,,,,,,,,,,,,,,,,,,
Carlotta Metzendorf,,724,,,8038542538,,,,39 Peter Collinson Rd,,Santee,SC,29142,,,,,,,,,No,,,,,,,,,,,,,,,,,,,,,,,,,,,,,
Carlotta Metzendorf,,2084,,,8038542538,,,,127 Wateree Dr.,,Santee,SC,29142,,,,,,,"#fiberCustomer, #residential",,No,,,,,,,,,,,,,,,,,,,,,,,,,,,,,
Carlton Gosnell,,7834,Carlton,gosnell,(719) 283-4271,mrsgodnell@outlook.com,,new home,149 Congaree Ct,,Santee,South Carolina,29142-9513,,,,,,,"#fiberCustomer, #residential",,Yes,,,,,,,,,,,,,,,,,,,,,,,,,,,,,
Carlton Phaire,,5750,,,8033785514,,,,314 Green Street,,Santee,SC,29142,,,,,,,"#fiberCustomer, #residential",,No,,,,,,,,,,,,,,,,,,,,,,,,,,,,,
Carly Broadway,,8075,Carla,Broadway,(803) 974-1031,,,,159 Elaine Road,,Elloree,SC,29047,,,,,,,,,Yes,,,,,,,,,,,,,,,,,,,,,,,,,,,,,
Carmella Mack,,1978,Carmella,Mack,8037077125,,,,3905 homestead Rd,,Bowman,SC,29078,,,,,,,,,No,,,,,,,,,,,,,,,,,,,,,,,,,,,,,
Carmen Brunson,,2130,,,8037077077,,,,631 Middle Willow Rd,,Neeses,SC,29107,,,,,,,,,No,,,,,,,,,,,,,,,,,,,,,,,,,,,,,
Carnell Glover,,2732,,,6465443130,,,,1075 Cross Creek,,Orangeburg,SC,29115,,,,,,,,,No,,,,,,,,,,,,,,,,,,,,,,,,,,,,,
Carnell Glover,,4335,,,6465443130,,,,345 Silkwood St,,Orangeburg,SC,29115,,,,,,,,,No,,,,,,,,,,,,,,,,,,,,,,,,,,,,,
Carol Blessing,,2047,,,8035362444,,,,246 Pinehill Rd,,Orangeburg,SC,29115,,,,,,,,,No,,,,,,,,,,,,,,,,,,,,,,,,,,,,,
Carol Bruton,,8579,Carol,Bruton,(843) 532-1943,cgodfreybruton@gmail.com,,,740 Striped Bass Ct,,Santee,SC,29142,,,,,,,,,Yes,,,,,,,,,,,,,,,,,,,,,,,,,,,,,
Carol Cassone,,4868,,,8035342650,,,,1273 Lee Boulevard,,Orangeburg,SC,29118,,,,,,,,,No,,,,,,,,,,,,,,,,,,,,,,,,,,,,,
Carol Collier,,2020,Carol,Collier,8035304804,,,,300 Weatherby Ln.,,Santee,SC,29142,,,,,,,,,No,,,,,,,,,,,,,,,,,,,,,,,,,,,,,
Carol Farnum,,8671,Carol,Farnum,(803) 707-2046,,,,270 Club Acres Blvd,,Orangeburg,South Carolina,29118-4113,,,,,,,,,Yes,,,,,,,,,,,,,,,,,,,,,,,,,,,,,
Carol Goodwin ,,2800,,,8037472995,,,,383 Landsdowne Rd,,Bowman,SC,29018,,,,,,,,,No,,,,,,,,,,,,,,,,,,,,,,,,,,,,,
Carol Jefferson,,3809,,,8036829334,,,,678 Maple Street,,Orangeburg,SC,29115,,,,,,,,,No,,,,,,,,,,,,,,,,,,,,,,,,,,,,,
Carol Mecanko,,565,,,8038542497,,,,209 Cooper Dr,,Santee,SC,29142,,,,,,,"#fiberCustomer, #residential",,No,,,,,,,,,,,,,,,,,,,,,,,,,,,,,
Carol Myers,,8084,Carol,Myers,(803) 800-9345,,,,171 Yellow Jasmine Road,,Orangeburg,SC,29118,,,,,,,,,Yes,,,,,,,,,,,,,,,,,,,,,,,,,,,,,
Carol Riggins,,5683,Carol,Riggins,8032378552,,,,539  Mount Olive Rd,,Santee,SC,29142,,,,,,,,,No,,,,,,,,,,,,,,,,,,,,,,,,,,,,,
Carol Riley,,2741,,,8035339248,,,,299 Tilden Rd,,Orangeburg,SC,29115,,,,,,,,,No,,,,,,,,,,,,,,,,,,,,,,,,,,,,,
Carol Salazar,,3747,,,8038373762,,,,684 Picket Level Rd,,Elloree,SC,29047,,,,,,,,,No,,,,,,,,,,,,,,,,,,,,,,,,,,,,,
Carol Watson,,8298,Helen,Sklut,(843) 532-8080,,,,132 Congaree ct. ,,Santee ,SC,29107,,,,,,,,,Yes,,,,,,,,,,,,,,,,,,,,,,,,,,,,,
Carolann & Roger Cox,,8101,Carolann,Cox,(704) 277-8536,Carolannmcox@gmail.com,,home,37 Peter Colinson Road,,Santee,SC,29142,,,,,,,,,Yes,,,,,,,,,,,,,,,,,,,,,,,,,,,,,
Carolina Agri Power - Clinton,,8532,Jimmy,Stuckey,(910) 592-4188,,,Clinton,107 Northeast Blvd,,Clinton,North Carolina,28328-2419,,,,,,,,,Yes,,,,,,,,,,,,,,,,,,,,,,,,,,,,,
Carolina Agri-Power,,4489,Dawn,,(803) 534-4031,,,,2900 Five Chop Road,,Orangeburg,SC,29115,Kim,,(803) 664-4111,,,,,,No,,,,,,,,,,,,,,,,,,,,,,,,,,,,,
Carolina Appartment ,,4429,,,8033872000,,,,1296 Lands End,,Orangeburg,SC,29115,,,,,,,,,No,,,,,,,,,,,,,,,,,,,,,,,,,,,,,
Carolina Appraisal Group,,31,Ben,Davis,(803) 534-5554,,,,1107 Doyle Street,P O Box 2053,Orangeburg,SC,29116,,,,,,,,,No,,,,,,,,,,,,,,,,,,,,,,,,,,,,,
Carolina Appraisal Group Residential Southeast LLC,,7883,Laura,Potts,(803) 539-9074,,,Billing,PO Box 1864,,Orangeurg,SC,29116,,,,,,,,,Yes,,,,,,,,,,,,,,,,,,,,,,,,,,,,,
Carolina Auto World,,4174,Carolina,Auto World,8035392144,,,,685 John C. Calhoun Drive,,Orangeburg,SC,29115,,,,,,,,,No,,,,,,,,,,,,,,,,,,,,,,,,,,,,,
Carolina Bridge Company,,835,Rebecca,.,(803) 536-1156,,,,748 Broughton St,,Orangeburg,SC,29115,Kelly,,(803) 528-8287,,,,,,No,,,,,,,,,,,,,,,,,,,,,,,,,,,,,
Carolina Chiropractic,,8335,Carolina,Chiropractic,(803) 534-3656,,,,1983 Carolina Ave ,,Orangeburg,SC,29115,,,,,,,,,No,,,,,,,,,,,,,,,,,,,,,,,,,,,,,
Carolina Companion Services LLC,,1916,,,8039710219,,,,300 Plaza Cir,Suite 3,Santee,SC,29142,,,,,,,,,No,,,,,,,,,,,,,,,,,,,,,,,,,,,,,
Carolina Eastern - Charleston,,8128,Tom,Alex,(843) 571-0411,,,,1820 Savannah Highway,G1,Charleston,SC,29407,,,,,,,,,Yes,,,,,,,,,,,,,,,,,,,,,,,,,,,,,
Carolina Eastern - Corbett,,32,Carolina,Eastern - Corbett,(803) 897-3500,,,,229 Snider St,,Elloree,SC,29047,,,,,,,,,No,,,,,,,,,,,,,,,,,,,,,,,,,,,,,
Carolina Eastern - Elloree,,6219,Laura,Harris,(803) 759-0595,lharris@carolina-eastern.com,,Carolina Eastern - Elloree,231 Snider Street,,Elloree,SC,29047,Micky,Weeks,(803) 535-9900,,,,,,Yes,,,,,,,,,,,,,,,,,,,,,,,,,,,,,
Carolina Eastern - SC,,5664,Laura,,8038973500,,,,231 Snider St,PO Box 190,,SC,,,,,,,,,,No,,,,,,,,,,,,,,,,,,,,,,,,,,,,,
Carolina Eastern Inc,,33,,,,,,,358 McAllister Mill Rd,,Scranton ,SC,29591,,,,,,,,,No,,,,,,,,,,,,,,,,,,,,,,,,,,,,,
Carolina ENT,,4317,,,8035365511,,,,832 Cook Rd,,Orangeburg,SC,,,,,,,,,,No,,,,,,,,,,,,,,,,,,,,,,,,,,,,,
Carolina Fresh Farms,,8547,John,Till,(803) 707-8818,jtill@carolinafreshfarms.com,,,7500 Savannah Hwy,,Neeses,South Carolina,29107-9007,,,,,,,,,Yes,,,,,,,,,,,,,,,,,,,,,,,,,,,,,
Carolina Heart Center,,3206,,,8035310970,,,,1137 Cook Road,,Orangeburg,SC,29118,,,,,,,,,No,,,,,,,,,,,,,,,,,,,,,,,,,,,,,
Carolina Lodge,,,,,8035360528,,,,3620 Saint Matthews Rd,,Orangeburg,SC,29118,,,,,,,#Hospitality,,No,,,,,,,,,,,,,,,,,,,,,,,,,,,,,
Carolina Lumber,,34,,,8036062044,,,,P O Box 1186,,Orangeburg ,SC,29116,,,,,,,,,No,,,,,,,,,,,,,,,,,,,,,,,,,,,,,
Carolina Oil,,35,Eddy,.,8033871089,,,,1565 Five Chop Road,,Orangeburg,SC,29115,,,,,,,,,No,,,,,,,,,,,,,,,,,,,,,,,,,,,,,
Carolina Outdoor Storage,,5547,Carolina,Outdoor Storage,(803) 599-4426,,,,9111 Old Number Six Hwy,,Santee,SC,29142,,,,,,,,,No,,,,,,,,,,,,,,,,,,,,,,,,,,,,,
Carolina Propane - EDPO LLC,,36,Carolina,Propane - EDPO LLC,(803) 536-5070,,,,951 John C Calhoun Dr,PO Box 5008,Orangeburg,SC,29116,,,,,,,,,No,,,,,,,,,,,,,,,,,,,,,,,,,,,,,
Carolina Properties at Lake Marion,,5550,Carolina,Properties at Lake Marion,(803) 854-4663,,,,9083 Old Number 6,Suite C,Santee,SC,29142,,,,,,,"#business, #VoIP",,No,,,,,,,,,,,,,,,,,,,,,,,,,,,,,
Carolina Pump & Motor LLC,,4899,,,2763930630,,,,2248 Eutaw Road,,HollyHill,SC,29059,,,,,,,,,No,,,,,,,,,,,,,,,,,,,,,,,,,,,,,
Carolina Pump&Motor LLC,,4842,,,2763930630,,,,2248 Eutaw rd,,Holly Hill,SC,,,,,,,,,,No,,,,,,,,,,,,,,,,,,,,,,,,,,,,,
Carolina Redi Mix,,964,Jim,Reed,8438518998,,,,1110 Drop Off Drive,PO Box 1619,Summerville,SC,29484,,,,,,,,,No,,,,,,,,,,,,,,,,,,,,,,,,,,,,,
Carolina Research,,1851,.,Sterling,8037078344,,,,2227 St Matthews Rd,,Orangeburg,SC,29118,,,,,,,,,No,,,,,,,,,,,,,,,,,,,,,,,,,,,,,
Carolina therapeutic,,4262,,,8033196909,,,,1180 Boluvard,,Orangeburg,SC,,,,,,,,,,No,,,,,,,,,,,,,,,,,,,,,,,,,,,,,
Caroline Nettles,,8199,Caroline,Nettles,(910) 431-9304,bcarolinenettles@gmail.com,,,405 Ballard Lane,,Santee,SC,29142,,,,,,,,,Yes,,,,,,,,,,,,,,,,,,,,,,,,,,,,,
Caroline Shurman,,5156,,,,,,,183 Demo Ln,,Santee,SC,,,,,,,,,,No,,,,,,,,,,,,,,,,,,,,,,,,,,,,,
Caroline Stone,,4227,,,8038266851,,,,102 Pintail Ln,,,SC,,,,,,,,,,No,,,,,,,,,,,,,,,,,,,,,,,,,,,,,
Carolyn Anderson,,5434,,,3304180340,,,,103 Birdie Court,,Santee,SC,29142,,,,,,,,,No,,,,,,,,,,,,,,,,,,,,,,,,,,,,,
Carolyn Baker,,2785,Carolyn,Baker,(843) 563-1491,,,,3548 Reevesville Rd,,Reevesville,SC,29471,,,,,,,,,No,,,,,,,,,,,,,,,,,,,,,,,,,,,,,
Carolyn Blocker,,8278,Carolyn,Blocker,(843) 259-5222,,,Main,319 Hampton St,,Elloree,South Carolina,29047-9376,,,,,,,,,Yes,,,,,,,,,,,,,,,,,,,,,,,,,,,,,
Carolyn Davis,,6213,Carolyn,Davis,(803) 974-9758,carylondavis27@icloud.com,,Home,155 Ballard Lane,,Santee,SC,29142,,,,,,,,,Yes,,,,,,,,,,,,,,,,,,,,,,,,,,,,,
Carolyn Evans,,3506,,,8436375210,,,,356 Imperial Lane,,Santee ,SC,29142,,,,,,,,,No,,,,,,,,,,,,,,,,,,,,,,,,,,,,,
Carolyn Fisher,,2510,,,8435632808,,,,126 Creek Road,,Reevesville,SC,,,,,,,,,,No,,,,,,,,,,,,,,,,,,,,,,,,,,,,,
Carolyn Haywood,,1477,,,8038540818,,,,571 resort st,,Santee,SC,29142,,,,,,,,,No,,,,,,,,,,,,,,,,,,,,,,,,,,,,,
Carolyn Jackson,,3421,,,8032904116,,,,180 Cantey Dr  Apt 239 ,,Santee ,SC,29142,,,,,,,,,No,,,,,,,,,,,,,,,,,,,,,,,,,,,,,
Carolyn Ravenell,,3369,,,8036823500,,,,461 Ruby Way,,Holly hill,SC,29059,,,,,,,,,No,,,,,,,,,,,,,,,,,,,,,,,,,,,,,
Carolyn Ravenell,,1905,Carolyn,Ravenell,8036823500,,,,461 Ruby Way,,Holly Hill,SC,29059,,,,,,,,,No,,,,,,,,,,,,,,,,,,,,,,,,,,,,,
Carolyn Riggins,,1391,,,8033475913,,,,539 Mt. Olive Rd.,,Santee,SC,29142,,,,,,,,,No,,,,,,,,,,,,,,,,,,,,,,,,,,,,,
Carolyn Sherman,,2322,,,8037075636,,,,183 Demo Ln,,Santee,SC,29142,,,,,,,,,No,,,,,,,,,,,,,,,,,,,,,,,,,,,,,
Carolyn West,,2129,Carolyn,West,8038542090,,,,214  Intercoastal ln,,Santee,SC,29142,,,,,,,,,No,,,,,,,,,,,,,,,,,,,,,,,,,,,,,
Carolyn Wilson,,441,Carolyn,Wilson,(803) 937-8955,,,,107 Wateree Annex,,Santee,SC,29142,,,,,,,"#fiberCustomer, #residential",,No,,,,,,,,,,,,,,,,,,,,,,,,,,,,,
Caroyln Wilson,,5386,,,8039378955,,,,126 Cooper Circle,,Santee,SC,29142,,,,,,,"#fiberCustomer, #residential",,No,,,,,,,,,,,,,,,,,,,,,,,,,,,,,
Carrie Bookhart,,2615,Carrie,Bookhart,(803) 997-4458,,,,201 Carmalt Rd,,Elloree,SC,29047,,,,,,,,,No,,,,,,,,,,,,,,,,,,,,,,,,,,,,,
Carrie Dubose,,1429,Carrie,Dubose,8033080972,,,,184 Wactor Drive,,Santee,SC,29142,,,,,,,,,No,,,,,,,,,,,,,,,,,,,,,,,,,,,,,
Carrie Martin,,345,,,8038974776,,,,1691 Old River Rd.,,Elloree,SC,29047,,,,,,,,,No,,,,,,,,,,,,,,,,,,,,,,,,,,,,,
Carrie Sanchez,,2483,,,8038291545,,,,250 Adams St,,Bowman,SC,29018,,,,,,,,,No,,,,,,,,,,,,,,,,,,,,,,,,,,,,,
Carrie Welch,,6022,Carrie,Welch,(843) 504-5080,cawelch19@gmail.com,,,545 Midway Road,,Elloree,SC,29047,,,,,,,,,Yes,,,,,,,,,,,,,,,,,,,,,,,,,,,,,
Carroll Cheek,,1315,,,8039710982,,,,4179 Vance Road,,Holly Hill,SC,29059,,,,,,,,,No,,,,,,,,,,,,,,,,,,,,,,,,,,,,,
Carroll Judy,,5267,Carroll,Judy,8436364077,,,,6826 Johnson Ave,,Reevesville ,SC,,,,,,,,,,No,,,,,,,,,,,,,,,,,,,,,,,,,,,,,
Carson Aull,,3189,,,8035182790,,,,759 4 holes rd,,Cameron,SC,29030,,,,,,,,,No,,,,,,,,,,,,,,,,,,,,,,,,,,,,,
Carson Farm and Garden,,2128,Carson,Farm and Garden,8038743458,,,,2616 Colonel Thompson Hwy,,St Matthews,SC,29135,,,,,,,,,No,,,,,,,,,,,,,,,,,,,,,,,,,,,,,
Carson Farms,,2906,,,8036642650,,,,3676 Mccords Ferry Rd,,Elloree,SC,,,,,,,,,,No,,,,,,,,,,,,,,,,,,,,,,,,,,,,,
Carter Haskell,,5909,Carter,Haskell,(843) 214-8758,achaskell@icloud.com,,,351 Green Street,,Santee,SC,29142,,,,,,,"#fiberCustomer, #residential",,Yes,,,,,,,,,,,,,,,,,,,,,,,,,,,,,
Carter's Wholesale Meats,,8027,Mike,Carter,(803) 378-4193,,,,323 State Road S-38-693,,Orangeburg,SC,29118,,,,,,,,,Yes,,,,,,,,,,,,,,,,,,,,,,,,,,,,,
Carvel Wassell,,6142,Carvel,Wassell,(803) 465-1435,,,,606 Santee Drive,,Santee,SC,29142,,,,,,,"#fiberCustomer, #residential",,Yes,,,,,,,,,,,,,,,,,,,,,,,,,,,,,
Cary Owens,,908,,,2488728888,,,,613 Santee Dr,,Santee,SC,29142,,,,,,,"#fiberCustomer, #residential",,No,,,,,,,,,,,,,,,,,,,,,,,,,,,,,
Casey And Margaret Dyer,,7815,Casey and Margaret ,Dyer,(803) 860-0413,peggydyer1983@gmail.com,,,308 Broad River Drive,,Santee,SC,29142,,,,,,,"#fiberCustomer, #residential",,Yes,,,,,,,,,,,,,,,,,,,,,,,,,,,,,
Casey McElhaney,,8339,Casey,McElhaney,(843) 532-1442,mikenziemadison7@gmail.com,,,316 Santee Dr,,Santee,South Carolina,29142-9303,,,,,,,,,Yes,,,,,,,,,,,,,,,,,,,,,,,,,,,,,
Cash Drugs,,598,James,Hodges,8435633034,,,,208 Parler Ave,,St George,SC,,,,,,,,,,No,,,,,,,,,,,,,,,,,,,,,,,,,,,,,
Cashwell Consumer Loans,,1988,,,8035312025,,,,1342 Grove Park Village,,Orangeburg,SC,29115,,,,,,,,,No,,,,,,,,,,,,,,,,,,,,,,,,,,,,,
Cassandra Wolf,,2492,,,8037473334,,,,562 Project Rd,,Bowman,SC,29,,,,,,,,,No,,,,,,,,,,,,,,,,,,,,,,,,,,,,,
Cassandra Wolfe,,1930,,,8038291074,,,,760 Magnolia St,,Bowman,SC,29018,,,,,,,,,No,,,,,,,,,,,,,,,,,,,,,,,,,,,,,
Cassandra Wolfe,,2984,,,8033089535,,,,790 Banashee Rd,,,SC,,,,,,,,,,No,,,,,,,,,,,,,,,,,,,,,,,,,,,,,
Catch the Vision,,3833,Catch,the Vision,,,,,1425 Russell Street,,Orangeburg,SC,,,,,,,,,,No,,,,,,,,,,,,,,,,,,,,,,,,,,,,,
Catcherine Travaglio,,5076,,,8436707393,,,,680 forwind rd,,Holly Hill,SC,,,,,,,,,,No,,,,,,,,,,,,,,,,,,,,,,,,,,,,,
Cate Shuler August,,1671,Cate,Shuler August,8037073783,,,,2336 Bonner Ave.,,Santee,SC,29147,,,,,,,,,No,,,,,,,,,,,,,,,,,,,,,,,,,,,,,
Catherine Carter,,3853,,,8036878186,,,,6118 Charleston Highway ,,Bowman,SC,29018,,,,,,,,,No,,,,,,,,,,,,,,,,,,,,,,,,,,,,,
Catherine Catchings,,3202,,,8038291896,,,,1022 Dibble St,,Bowman,SC,29018,,,,,,,,,No,,,,,,,,,,,,,,,,,,,,,,,,,,,,,
Catherine Holman,,3256,,,8039370051,,,,118 Franklin St,,Orangeburg ,SC,29115,,,,,,,,,No,,,,,,,,,,,,,,,,,,,,,,,,,,,,,
Catherine Matthews ,,4367,,,,,,,,,,,,,,,,,,,,No,,,,,,,,,,,,,,,,,,,,,,,,,,,,,
Catherine Riggins,,462,,,8038545424,,,,906 Antioch Road            ,,Santee,SC,29142,,,,,,,,,No,,,,,,,,,,,,,,,,,,,,,,,,,,,,,
Catherine Shuler,,1068,Catherine,Shuler,(803) 535-8856,,,,324 Green St.,,Santee ,SC,29142,,,,,,,"#fiberCustomer, #residential",,No,,,,,,,,,,,,,,,,,,,,,,,,,,,,,
Cathie Rivlin,,566,Cathie,Rivlin,8038540061,,,,423 Santee Dr,,Santee,SC,29142,,,,,,,"#fiberCustomer, #residential",,No,,,,,,,,,,,,,,,,,,,,,,,,,,,,,
Cathie Rivlin & Richard Garing,,3173,Cathie,Rivlin & Richard Garing,8038540061,,,,115 Cooper Dr,,Santee,SC,29142,,,,,,,"#fiberCustomer, #residential",,No,,,,,,,,,,,,,,,,,,,,,,,,,,,,,
Cathy Bindinger,,1719,,,8038540067,,,,306 Santee Dr,,Santee,SC,29142,,,,,,,"#fiberCustomer, #residential",,No,,,,,,,,,,,,,,,,,,,,,,,,,,,,,
Cathy Dubose,,3997,Cathy,Dubose,8034738828,,,,216 Cooper Dr,,Santee,SC,29142,,,,,,,"#fiberCustomer, #residential",,No,,,,,,,,,,,,,,,,,,,,,,,,,,,,,
Cathy Gainey,,1676,,,8037073843,,,,298 Lanier Rd,,Holly Hill,SC,29059,,,,,,,,,No,,,,,,,,,,,,,,,,,,,,,,,,,,,,,
Cathy Huger,,638,,,8034929215,,,,176 Pointer Dr,,Eutawville,SC,29048,,,,,,,,,No,,,,,,,,,,,,,,,,,,,,,,,,,,,,,
Cathy Tobin,,6081,Cathy,Tobin,(843) 860-3726,,,,114 Broad River Drive,,Santee,SC,29142,,,,,,,"#fiberCustomer, #residential",,Yes,,,,,,,,,,,,,,,,,,,,,,,,,,,,,
Cathy Wiles,,6143,Cathy,Wiles,(828) 508-9942,,,,153 Ballards Ln,,Santee,SC,29142,,,,,,,,,Yes,,,,,,,,,,,,,,,,,,,,,,,,,,,,,
Cattie Donelson,,8374,Cattie,Donelson,(815) 878-6818,catiejo2900@gmail.com,,,274 Baronet Ln,,Elloree,South Carolina,29047-9528,,,,,,,,,Yes,,,,,,,,,,,,,,,,,,,,,,,,,,,,,
Caw Caw Land & Timber LLC,,2030,Caw,Caw Land & Timber LLC,(803) 268-9993,,,,PO Box 1743,1835 Rowesville Rd,Orangeburg,SC,29116-1743,,,,,,,,,No,,,,,,,,,,,,,,,,,,,,,,,,,,,,,
CB,,3943,,,,,,,1580 Bass Dr,Unit D,Santee,SC,29142,,,,,,,,,No,,,,,,,,,,,,,,,,,,,,,,,,,,,,,
CB Goodman Glass,,1129,,,,,,,351 John C. Calhoun Dr.,,Orangeburg,SC,29118,,,,,,,,,No,,,,,,,,,,,,,,,,,,,,,,,,,,,,,
CBG & Associates,,3658,,,8038542423,,,,1580 Bass Drive,Unit D,Santee,SC,29142,,,,,,,,,No,,,,,,,,,,,,,,,,,,,,,,,,,,,,,
CCM Investment Advisers,,51,,,8032549500,,,,PO Box 7488,,Columbia,SC,29202-7488,,,,,,,,,No,,,,,,,,,,,,,,,,,,,,,,,,,,,,,
CCR Circle Computer Resources,,5515,,,3193622384,,,,2064 Homestead Road ,,Bowman,SC,29018,,,,,,,,,No,,,,,,,,,,,,,,,,,,,,,,,,,,,,,
Cecil Dillon,,4050,,,9193270445,,,,60 Thunder Circle,,Santee,SC,29142,,,,,,,,,No,,,,,,,,,,,,,,,,,,,,,,,,,,,,,
Cecilia Goodwin ,,5842,Cecilia,Goodwin ,(803) 854-0971,,,,334 Pinewood Drive,,Santee,SC,29142,,,,,,,"#fiberCustomer, #residential",,No,,,,,,,,,,,,,,,,,,,,,,,,,,,,,
Cedar House Spa Santee ,,8324,Crystal  ,Hartzog,(843) 302-4315,cedarhousespasantee@gmail.com,,,,,,,,,,,,,,,,Yes,,,,,,,,,,,,,,,,,,,,,,,,,,,,,
Cedarwood Villas,,3788,Cedarwood,Villas,8038292201,,,,700 Cederwood Court,,Bowman,SC,29018,,,,,,,,,No,,,,,,,,,,,,,,,,,,,,,,,,,,,,,
Cedrick England,,1277,,,,,,,229 Barcelona Dr         ,,Santee       ,SC,29142,,,,,,,,,No,,,,,,,,,,,,,,,,,,,,,,,,,,,,,
celeste denniston ,,3396,,,8038972556,,,,309 barkley st ,,Elloree,SC,29047,,,,,,,,,No,,,,,,,,,,,,,,,,,,,,,,,,,,,,,
Celeste Shaw,,3852,,,8033082644,,,,345 Banashee Circle,,Orangeburg,SC,29115,,,,,,,,,No,,,,,,,,,,,,,,,,,,,,,,,,,,,,,
Celia Danner,,6232,Celia,Danner,(843) 991-2026,,,,107 Cooper Circle,,Santee,SC,29142,,,,,,,"#fiberCustomer, #residential",,Yes,,,,,,,,,,,,,,,,,,,,,,,,,,,,,
Celia Hammans,,3993,,,8033471856,,,,650 Hampton Street,,Elloree,SC,29047,,,,,,,,,No,,,,,,,,,,,,,,,,,,,,,,,,,,,,,
Celine Dussek,,1233,,,8038974708,,,,312 Sorin Circle,,Santee,SC,29142,,,,,,,,,No,,,,,,,,,,,,,,,,,,,,,,,,,,,,,
Center for Behavioral Health,,2327,,,8035345427,,,,2851 Pelham Ct,,Orangeburg,,,,,,,,,,,No,,,,,,,,,,,,,,,,,,,,,,,,,,,,,
Center point Fiber box run,,8517,Center point,Fiber box run,,,,, ,,Santee,SC,29142,,,,,,,,,Yes,,,,,,,,,,,,,,,,,,,,,,,,,,,,,
Centrex Promotions,,528,,,8035318503,,,,860 Holly Street,562 Pike Street,Orangeburg,SC,29115,,,,,,,,,No,,,,,,,,,,,,,,,,,,,,,,,,,,,,,
Century 21 The Moore Group,,38,Laura,Davis,8035312400,,,,1480 Sims St,,Orangeburg,SC,29115,,,,,,,,,No,,,,,,,,,,,,,,,,,,,,,,,,,,,,,
Cesar Romero,,8429,Cesar,Romero,(803) 961-1627,,,,128 1st St,,Santee,SC,29142,,,,,,,,,Yes,,,,,,,,,,,,,,,,,,,,,,,,,,,,,
Cha Phelps,,5154,,,8033477370,,,,391 Lawton rd,,Orangeburg ,SC,,,,,,,,,,No,,,,,,,,,,,,,,,,,,,,,,,,,,,,,
Chad Mack,,4572,,,8036620621,,,,120 Arant Drive,,Bowman,SC,29018,,,,,,,,,No,,,,,,,,,,,,,,,,,,,,,,,,,,,,,
Chad Rast,,3245,,,8035182268,,,,420 Gramling Rd,,Cameron,SC,29030,,,,,,,,,No,,,,,,,,,,,,,,,,,,,,,,,,,,,,,
Chad Young,,1240,,,8033788086,,,,430 Bay street,,Elloree,SC,29047,,,,,,,,,No,,,,,,,,,,,,,,,,,,,,,,,,,,,,,
Chai Phimphn,,8066,Chai,Phimphn,(323) 252-1722,,,,1687 Bonner Avenue,,Santee,SC,29142,,,,,,,,,Yes,,,,,,,,,,,,,,,,,,,,,,,,,,,,,
Chales Lofton ,,1631,,,8036643217,,,,1540 Tee Vee Rd.,,Elloree,SC,29047,,,,,,,,,No,,,,,,,,,,,,,,,,,,,,,,,,,,,,,
Chandler Construction,,2183,,,8434127826,,,,1789 Tee Vee Rd,,Elloree,SC,29047,,,,,,,,,No,,,,,,,,,,,,,,,,,,,,,,,,,,,,,
Chanel Alexander,,1653,,,8037078042,,,,931 Bonner Ave.,,Santee,SC,29142,,,,,,,,,No,,,,,,,,,,,,,,,,,,,,,,,,,,,,,
Chaniqua Jenkins,,4751,,,8037070482,,,,1747 St Matthews rd ne,,Orangeburg,SC,29118,,,,,,,,,No,,,,,,,,,,,,,,,,,,,,,,,,,,,,,
Chantay Kirkland,,3982,,,8033782167,,,,196 Sweetbay Lane,,Santee,SC,,,,,,,,,,No,,,,,,,,,,,,,,,,,,,,,,,,,,,,,
Chapel hill baptist church,,3492,,,8033470090,,,,8749 old no 6 hwy,,Santee,SC,,,,,,,,,,No,,,,,,,,,,,,,,,,,,,,,,,,,,,,,
Chapin Player,,8191,Chapin,Player,(843) 826-5725,chapinplayer1426@gmail.com,,,150 Par Court,,Santee,SC,29142,,,,,,,,,Yes,,,,,,,,,,,,,,,,,,,,,,,,,,,,,
Chaquilla Richardson,,5888,Chaquilla,Richardson,(843) 312-3500,,,,254 Fargo Drive,,Santee,SC,29142,,,,,,,,,Yes,,,,,,,,,,,,,,,,,,,,,,,,,,,,,
Charlene Benjamin,,1725,,,8037470714,,,,110 Big Phils Rd,,Santee,SC,29142,,,,,,,,,No,,,,,,,,,,,,,,,,,,,,,,,,,,,,,
Charlene Morris,,3973,,,8037073700,,,,2870 Windmilll Way,,Orangeburg,SC,29118,,,,,,,,,No,,,,,,,,,,,,,,,,,,,,,,,,,,,,,
Charlene Smalls,,4268,,,8038544142,,,,764 Antioch Rd,,Santee,SC,29142,,,,,,,,,No,,,,,,,,,,,,,,,,,,,,,,,,,,,,,
Charles Abbott,,2514,,,8038545109,,,,241 Parklane Rd,,Santee,SC,29142,,,,,,,,,No,,,,,,,,,,,,,,,,,,,,,,,,,,,,,
Charles Adams,,5596,,,,,,,220 Broad River Dr,,Santee,SC,29142,,,,,,,"#fiberCustomer, #residential",,No,,,,,,,,,,,,,,,,,,,,,,,,,,,,,
Charles Baker,,8176,Charles,Baker,(843) 367-9641,Bakercharles@Gmail.com,,,1031 Myrtle Drive,,Santee,SC,29142,,,,,,,,,Yes,,,,,,,,,,,,,,,,,,,,,,,,,,,,,
Charles Brown ,,4070,,,,,,,3297 Columbia Rd,,Orangeburg ,SC,29118,,,,,,,,,No,,,,,,,,,,,,,,,,,,,,,,,,,,,,,
Charles Bryant,,3339,,,8435607897,,,,145 Bryant Rd,,Reevesville,SC,29471,,,,,,,,,No,,,,,,,,,,,,,,,,,,,,,,,,,,,,,
Charles Bryant,,277,,,8034965262,,,,168 Anoka Drive,,Vance,SC,29163,,,,,,,,,No,,,,,,,,,,,,,,,,,,,,,,,,,,,,,
Charles Coleman,,3047,,,8034969394,,,,8745 Old State Rd,,Holly Hill,SC,29059,,,,,,,,,No,,,,,,,,,,,,,,,,,,,,,,,,,,,,,
Charles Crabtree,,1360,,,8038974330,,,,6613 Old Number Six Hwy.,,Elloree,SC,29047,,,,,,,,,No,,,,,,,,,,,,,,,,,,,,,,,,,,,,,
Charles Currier,,293,Charles,Currier,8039749220,,,,472 Santee Drive,,Santee,SC,29142,,,,,,,"#fiberCustomer, #residential",,No,,,,,,,,,,,,,,,,,,,,,,,,,,,,,
Charles Davis,,2151,,,8037470732,,,,148 Slim Jim Rd.,,Santee,SC,29142,,,,,,,,,No,,,,,,,,,,,,,,,,,,,,,,,,,,,,,
Charles E Martin,,2951,,,8038973317,,,,323 Sorin Circle,,Elloree,SC,29047,,,,,,,,,No,,,,,,,,,,,,,,,,,,,,,,,,,,,,,
Charles Gainey,,5204,Charles,Gainey,(843) 325-5353,,,,120 Hunters Path,,Santee,SC,29142,,,,,,,"#fiberCustomer, #residential",,No,,,,,,,,,,,,,,,,,,,,,,,,,,,,,
Charles Gatch,,1820,,,8033592958,,,,153 Ballards Ln,,Santee,SC,29042,,,,,,,,,No,,,,,,,,,,,,,,,,,,,,,,,,,,,,,
Charles Goodwin,,884,,,8038971073,,,,212 Haigler St,,Elloree,SC,29047,,,,,,,,,No,,,,,,,,,,,,,,,,,,,,,,,,,,,,,
Charles Heierman,,8133,Charles,Heierman,(843) 592-8828,,,,34 Andre Michaux,,Santee,SC,29142,,,,,,,,,Yes,,,,,,,,,,,,,,,,,,,,,,,,,,,,,
Charles Hinegardner,,720,,,5402553216,,,,103 Broad River Dr,,Santee,SC,29142,,,,,,,"#fiberCustomer, #residential",,No,,,,,,,,,,,,,,,,,,,,,,,,,,,,,
Charles Jamison ,,4370,,,8039740331,,,,7037 five chop rd ,,Santee ,SC,,,,,,,,,,No,,,,,,,,,,,,,,,,,,,,,,,,,,,,,
Charles Jernigan,,3053,,,8035348863,,,,2885 Hillcrest Ave,,Orangeburg,SC,29118,,,,,,,,,No,,,,,,,,,,,,,,,,,,,,,,,,,,,,,
Charles Johnson,,1362,,,8038974961,,,,669 Wolfe St.,,Elloree,SC,29047,,,,,,,,,No,,,,,,,,,,,,,,,,,,,,,,,,,,,,,
Charles Kilgore,,5050,,,8033787700,,,,4693 Columbia Rd,,Orangeburg,SC,29118,,,,,,,,,No,,,,,,,,,,,,,,,,,,,,,,,,,,,,,
Charles L. Shuler,,840,,,8034967474,,,,581 Shuler Belt Road ,,Holly Hill,SC,29059,,,,,,,,,No,,,,,,,,,,,,,,,,,,,,,,,,,,,,,
Charles Lewis,,3494,,,8033782595,,,,115 berryhill drive,,Reevesville,SC,29471,,,,,,,,,No,,,,,,,,,,,,,,,,,,,,,,,,,,,,,
Charles Little,,305,,,8438224950,,,,125 Cooper Circle,,Santee,SC,29142,,,,,,,"#fiberCustomer, #residential",,No,,,,,,,,,,,,,,,,,,,,,,,,,,,,,
Charles Loften,,2410,,,8039740405,,,,1540 Tee Vee Road,,,SC,,,,,,,,,,No,,,,,,,,,,,,,,,,,,,,,,,,,,,,,
Charles Mack,,5385,,,8032903953,,,,129 Monsum Ct,,Elloree,SC,29047,,,,,,,,,No,,,,,,,,,,,,,,,,,,,,,,,,,,,,,
Charles Marsh,,2490,Charles,Marsh,8032062560,,,,347 Pinewood Dr,,Santee,SC,29142,,,,,,,,,No,,,,,,,,,,,,,,,,,,,,,,,,,,,,,
Charles Marsha ,,5573,,,3012661959,,,,1245 Cleveland St,,Eloree ,SC,29047,,,,,,,,,No,,,,,,,,,,,,,,,,,,,,,,,,,,,,,
Charles Marshal,,6328,Charles,Marshal ,(803) 662-5589,,,,1245 Cleveland Street,,Elloree,SC,29047,,,,,,,,,Yes,,,,,,,,,,,,,,,,,,,,,,,,,,,,,
Charles McCants,,2764,,,8033788992,,,,223 Ruthledge Street,,Orangeburg,SC,,,,,,,,,,No,,,,,,,,,,,,,,,,,,,,,,,,,,,,,
Charles Miller,,5324,,,8038780200,,,,844 Park Street,,Orangeburg,SC,29115,,,,,,,,,No,,,,,,,,,,,,,,,,,,,,,,,,,,,,,
Charles O'Neil ,,5655,Charles,O'Neil ,3019432453,,,,217 Cooper Dr,,Santee,SC,29142,,,,,,,"#fiberCustomer, #residential",,No,,,,,,,,,,,,,,,,,,,,,,,,,,,,,
Charles O'Neil,,2231,,,8439576826,,,,151 Mackay Trail,,Elloree,SC,29047,,,,,,,,,No,,,,,,,,,,,,,,,,,,,,,,,,,,,,,
Charles Paegete ,,5611,,,5738649901,,,,229 Cooper Dr,,Santee,SC,29142,,,,,,,"#fiberCustomer, #residential",,No,,,,,,,,,,,,,,,,,,,,,,,,,,,,,
Charles Persinger,,2981,Charles,Persinger,(843) 696-8382,shpersinger@ntinet.com,,,4 John Fothergill Circle,,Santee,SC,29142,,,,,,,,,No,,,,,,,,,,,,,,,,,,,,,,,,,,,,,
Charles Platts,,5164,,,8032601761,,,,609 Ballards Ln,,Santee,SC,29142,,,,,,,,,No,,,,,,,,,,,,,,,,,,,,,,,,,,,,,
Charles Polin,,4033,,,8036644175,,,,66 Lakewood Road,,Cameron,SC,29030,,,,,,,,,No,,,,,,,,,,,,,,,,,,,,,,,,,,,,,
Charles Rishell,,2826,,,,,,,191 Sunset Dr,,Elloree,SC,29047,,,,,,,,,No,,,,,,,,,,,,,,,,,,,,,,,,,,,,,
Charles Schreiber,,7824,Charles,Schreiber,(864) 375-8266,,,,960 Moultrie Drive,,Santee,SC,29142,,,,,,,"#fiberCustomer, #residential",,Yes,,,,,,,,,,,,,,,,,,,,,,,,,,,,,
Charles Scott Cannon,,2862,,,8435638700,,,,404 Whetsell St,,Reevesville,SC,29471,,,,,,,,,No,,,,,,,,,,,,,,,,,,,,,,,,,,,,,
Charles Strecker ,,4236,Charles,Strecker ,8036822457,,,,124 Todd Creek ,,Neeses,SC,29107,,,,,,,,,No,,,,,,,,,,,,,,,,,,,,,,,,,,,,,
Charles Strecker,,8563,Charles,Strecker ,8036822457,,,,124 Todd Creek ,,Neeses,SC,29107,,,,,,,,,Yes,,,,,,,,,,,,,,,,,,,,,,,,,,,,,
Charles Strucker,,3923,,,8036822457,,,,124 Todd Creek Rd,,Neeses,SC,29107,,,,,,,,,No,,,,,,,,,,,,,,,,,,,,,,,,,,,,,
Charles T Cumbee,,4015,,,8434556512,,,,103 Ballards Lane,,Santee,SC,29142,,,,,,,,,No,,,,,,,,,,,,,,,,,,,,,,,,,,,,,
Charles Thompson,,810,Karissa,Godwin,8035359518,,,,637 Farnum Road,,Orangeburg,SC,29115,,,,,,,,,No,,,,,,,,,,,,,,,,,,,,,,,,,,,,,
Charles Whetstone,,1164,,,8038232050,,,,828 Bellville Rd,,St. Matthews,SC,29135,,,,,,,,,No,,,,,,,,,,,,,,,,,,,,,,,,,,,,,
Charles Winfield Clark,,3750,,,8036824621,,,,1646 Cleveland Street,,Elloree ,SC,29047,,,,,,,,,No,,,,,,,,,,,,,,,,,,,,,,,,,,,,,
Charles Winn,,628,,,8038543570,,,,118 Broad River Dr,,Santee,SC,29142,,,,,,,"#fiberCustomer, #residential",,No,,,,,,,,,,,,,,,,,,,,,,,,,,,,,
Charlese Shuler,,2835,,,8038292428,,,,276 Delmont Rd,,Bowman,SC,29018,,,,,,,,,No,,,,,,,,,,,,,,,,,,,,,,,,,,,,,
Charleston Aluminum,,39,,,8039394600,,,,480 Frontage Road,,Gaston,SC,29053,,,,,,,,,No,,,,,,,,,,,,,,,,,,,,,,,,,,,,,
Charlie Bennett,,3187,,,8037287639,,,,6224 Old Number Six Hwy,,Elloree,SC,29047,,,,,,,,,No,,,,,,,,,,,,,,,,,,,,,,,,,,,,,
Charlie Bravo,,5623,Chris,Hair,(803) 837-1753,chrishair43@gmail.com,,Home,246 Pandanus Road,,Orangeburg,SC,29115,,,,,,,#dogs,,No,,,,,,,,,,,,,,,,,,,,,,,,,,,,,
Charlie Bunch,,662,,,8034969827,,,,640 White Sands Road,PO Box 1405,Holly Hill,SC,29059,,,,,,,,,No,,,,,,,,,,,,,,,,,,,,,,,,,,,,,
Charlie Shuler,,459,,,8034967197,,,,607 Shuler Belt Rd   ,,Holly Hill,SC,29059,,,,,,,,,No,,,,,,,,,,,,,,,,,,,,,,,,,,,,,
Charlie Williams,,8449,Charlie,Williams,(803) 707-3772,,,,1417 Lee Blvd,,Orangeburg,South Carolina,29118-3130,,,,,,,,,Yes,,,,,,,,,,,,,,,,,,,,,,,,,,,,,
Charlotte Meikey,,1135,,,8002420060,,,,6188 Badham Rd,,Reevesville,SC,29471,,,,,,,,,No,,,,,,,,,,,,,,,,,,,,,,,,,,,,,
Charlotte Smalls,,1036,,,8033785794,,,,5 Fothergill Cir,,Santee,SC,29142,,,,,,,,,No,,,,,,,,,,,,,,,,,,,,,,,,,,,,,
Charlotte Taylor,,2691,,,8035331051,,,,165 Keifer Ct,,Cameron,SC,,,,,,,,,,No,,,,,,,,,,,,,,,,,,,,,,,,,,,,,
charlottes room,,954,,,8038542330,,,,8920 Old Number 6 hwy,,Santee,SC,29142,,,,,,,,,No,,,,,,,,,,,,,,,,,,,,,,,,,,,,,
Charmaine Glover,,2566,,,8033479984,,,,6643 Vance Rd,,Bowman,SC,29018,,,,,,,,,No,,,,,,,,,,,,,,,,,,,,,,,,,,,,,
Charmaine Lee,,1744,Charmaine,Lee,(803) 829-1192,,,,202 Cedarwood Ct,,Bowman,SC,,,,,,,,,,No,,,,,,,,,,,,,,,,,,,,,,,,,,,,,
Charmingly Southern Antiques,,1579,,,8438340311,,,,Clevland Street,,Orangeburg,SC,,,,,,,,,,No,,,,,,,,,,,,,,,,,,,,,,,,,,,,,
Charmingly Southern Antiques            ,,1104,,,,,,,P.O. Box 284                                      ,2720 Clevland St                              ,Elloree,SC,29047,,,,,,,,,No,,,,,,,,,,,,,,,,,,,,,,,,,,,,,
Chase Felder,,7962,Chase,Felder,(803) 535-9340,,,,661 Old Number Six Hwy,,Elloree,SC,29047,,,,,,,,,Yes,,,,,,,,,,,,,,,,,,,,,,,,,,,,,
Chase Hutto,,3341,,,8037076087,,,,950 Carolina Ave,,,SC,,,,,,,,,,No,,,,,,,,,,,,,,,,,,,,,,,,,,,,,
Chasity Avinger,,5392,,,,,,,534 Lafayette Alley,,Elloree,SC,29047,,,,,,,,,No,,,,,,,,,,,,,,,,,,,,,,,,,,,,,
Chassilors Terminal Trucking Inc.,,3637,Chassilors,Terminal Trucking Inc.,(803) 535-0371,,,,PO Box 450  ,,Elloree,SC,29047,,,,,,,,,No,,,,,,,,,,,,,,,,,,,,,,,,,,,,,
Chatina Berry,,8289,Chatina,Berry,(803) 974-9411,,,,330 S Lexington St,,Elloree,South Carolina,29047-9388,,,,,,,,,Yes,,,,,,,,,,,,,,,,,,,,,,,,,,,,,
Chazen Hasbrook,,2560,,,8038405627,,,,310 First St,,Santee,SC,29142,,,,,,,,,No,,,,,,,,,,,,,,,,,,,,,,,,,,,,,
Cheers ,,3315,,,8433710472,,,,8606 old state Rd,,Holly hill ,SC,29059,,,,,,,,,No,,,,,,,,,,,,,,,,,,,,,,,,,,,,,
Chelsey Green,,4765,,,8032901898,,,,1298 Lands End,,Orangeburg,SC,29118,,,,,,,,,No,,,,,,,,,,,,,,,,,,,,,,,,,,,,,
Chennelle Jones,,6173,Chennelle,Jones,(803) 614-8085,,,,281 Elm Street,,Bowman,SC,29018,,,,,,,,,Yes,,,,,,,,,,,,,,,,,,,,,,,,,,,,,
Cheree Rodney,,6062,Cheree,Rodney,(803) 496-8521,,,Home,5331 Five Chop Road,,Santee,SC,29142,,,,,,,,,Yes,,,,,,,,,,,,,,,,,,,,,,,,,,,,,
Cherie Dobreski,,8162,Cherie ,Dobreski,(860) 490-7829,,,,153 Acorn Lane,,Santee,SC,29142,,,,,,,,,Yes,,,,,,,,,,,,,,,,,,,,,,,,,,,,,
Cherie Stover,,5224,Cherie,Stover,8648842096,,,,113 Chatsworth dr,,Nesses,SC,,,,,,,,,,No,,,,,,,,,,,,,,,,,,,,,,,,,,,,,
Cherie Stover,,5220,,,,,,,901 Pondview Drive,,Neeses,SC,,,,,,,,,,No,,,,,,,,,,,,,,,,,,,,,,,,,,,,,
Cherie Stover Location 2,,5225,Cherie,Stover Location 2,8033084589,,,,901 Pondview Drive,,Neeses,SC,29107,,,,,,,,,No,,,,,,,,,,,,,,,,,,,,,,,,,,,,,
Cherri Kopacz,,6290,Cherri,Kopacz,(910) 382-1402,Ckbowlofcherries@gmail.com,,home,493 Santee Drive,,Santee,SC,29142,,,,,,,"#fiberCustomer, #residential",,Yes,,,,,,,,,,,,,,,,,,,,,,,,,,,,,
Cherry  Alemania,,5436,,,,,,,2739 cleveland street ,SC SC Suite 103,,SC,,,,,,,,,,No,,,,,,,,,,,,,,,,,,,,,,,,,,,,,
Cherry Hill Appartments,,40,,,,,,,P.O. Box 1184,,Orangeburg,SC,29116-1184,,,,,,,,,No,,,,,,,,,,,,,,,,,,,,,,,,,,,,,
Cherry Scott,,6103,Cherry,Scott,(812) 697-3395,,,,1733 Dawson Street,,Eutawville,SC,29048,,,,,,,,,Yes,,,,,,,,,,,,,,,,,,,,,,,,,,,,,
Cheryl Blewer,,2902,,,8036641716,,,,1740 Bonner Ave ,,Santee,SC,29142,,,,,,,,,No,,,,,,,,,,,,,,,,,,,,,,,,,,,,,
Cheryl Dash,,2947,,,8038973212,,,,1310Lefty Rd,,Elloree ,SC,29047,,,,,,,,,No,,,,,,,,,,,,,,,,,,,,,,,,,,,,,
Cheryl ketcherside,,3370,,,8036821627,,,,595 barkley st ,,Elloree,SC,29047,,,,,,,,,No,,,,,,,,,,,,,,,,,,,,,,,,,,,,,
Cheryl Polomsky,,5762,Cheryl,Polomsky,8032627585,,,,122 Saluda Drive,,Santee,SC,29142,,,,,,,"#fiberCustomer, #residential",,No,,,,,,,,,,,,,,,,,,,,,,,,,,,,,
Cheryl Ruffin,,2622,,,8034968014,,,,411 Acme St,,Eutawville,SC,29048,,,,,,,,,No,,,,,,,,,,,,,,,,,,,,,,,,,,,,,
Cheryl Zeigler,,1107,,,8038973767,,,,236 Baronet Ln,,Elloree,SC,29047,,,,,,,,,No,,,,,,,,,,,,,,,,,,,,,,,,,,,,,
Chevella Britton,,6283,Chevella,Britton,(304) 680-2429,,,,100 Broad River Drive,,Santee,SC,29142,,,,,,,"#fiberCustomer, #residential",,Yes,,,,,,,,,,,,,,,,,,,,,,,,,,,,,
Cheyanne Short,,4238,,,8036620770,,,,119 Micanopy Ct,,Santee,SC,29142,,,,,,,,,No,,,,,,,,,,,,,,,,,,,,,,,,,,,,,
Cheyenne Short,,6095,Cheyenne,Short,(803) 662-0770,,,,1242 Tee Vee Road,,Elloree,SC,29047,,,,,,,,,Yes,,,,,,,,,,,,,,,,,,,,,,,,,,,,,
Chilka Patel,,8261,Chilka,Patel,(732) 877-8292,,,,160 William Clark Boulevard,,Santee,SC,29142,,,,,,,,,Yes,,,,,,,,,,,,,,,,,,,,,,,,,,,,,
China Dragon,,6304,Jack,Ni,(803) 496-8002,,,,160 plaza circle,,santee,SC,29142,,,,,,,,,Yes,,,,,,,,,,,,,,,,,,,,,,,,,,,,,
Chip Davis,,692,,,8038972247,,,,139 Sunset Drive,,Elloree,SC,29047,,,,,,,,,No,,,,,,,,,,,,,,,,,,,,,,,,,,,,,
Chip Hudson,,1082,Chip,Hudson,8035391556,,,,560 Hampton Street,1563 Farmers Road,Elloree,SC,29047,,,,,,,,,No,,,,,,,,,,,,,,,,,,,,,,,,,,,,,
Chip Priester,,334,,,8032611301,,,,114 Norris Dr.,,Eutawville,SC,29047,,,,,,,,,No,,,,,,,,,,,,,,,,,,,,,,,,,,,,,
Chip Summers,,1156,,,,,,,424 Pike St,,Orangeburg,SC,29115,,,,,,,,,No,,,,,,,,,,,,,,,,,,,,,,,,,,,,,
Chiquetta Bryant,,3752,,,8439220011,,,,393 Applewood Dr,,Reevesville,SC,29471,,,,,,,,,No,,,,,,,,,,,,,,,,,,,,,,,,,,,,,
Chirag Madarwala,,2205,Chirag,Madarwala,(443) 248-9116,,,,117 Cooper Dr,,Santee,SC,29142,,,,,,,"#fiberCustomer, #residential",,No,,,,,,,,,,,,,,,,,,,,,,,,,,,,,
Chirat Memabtarwala,,4770,,,,,,,,,,,,,,,,,,,,No,,,,,,,,,,,,,,,,,,,,,,,,,,,,,
Cholly Clark (meeting),,943,,,,,,,Golf Santee,,Santee,SC,29142,,,,,,,,,No,,,,,,,,,,,,,,,,,,,,,,,,,,,,,
Chris & Vivianne Williams,,2088,,,8037073549,,,,334 Barkley St.,,Elloree,SC,29047,,,,,,,,,No,,,,,,,,,,,,,,,,,,,,,,,,,,,,,
Chris Broadway,,1476,Chris,Broadway,(803) 974-0682,,,,159 Elaine Road,,Elloree,SC,29047,,,,,,,,,No,,,,,,,,,,,,,,,,,,,,,,,,,,,,,
Chris Bullock,,3450,,,8033484768,,,,149 Ballard Ln,,Santee,SC,29142,,,,,,,,,No,,,,,,,,,,,,,,,,,,,,,,,,,,,,,
Chris CaraDonna,,8464,Chris,CaraDonna,(617) 590-6155,,,,499 Boulevard St,,Oraneburg,SC,29115,,,,,,,,,Yes,,,,,,,,,,,,,,,,,,,,,,,,,,,,,
Chris Clark,,2684,Chris,Clark,(803) 378-6552,,,,136 Pineridge Rd,,Elloree,SC,29047,,,,,,,,,No,,,,,,,,,,,,,,,,,,,,,,,,,,,,,
Chris D.Taylor,,3831,,,8036649616,,,,3039 Slab Landing Road,,Orangeburg,SC,29118,,,,,,,,,No,,,,,,,,,,,,,,,,,,,,,,,,,,,,,
Chris Easterling,,1954,,,8037470242,,,,590 Magnolia Street,,Bowman,SC,29018,,,,,,,,,No,,,,,,,,,,,,,,,,,,,,,,,,,,,,,
Chris Fail,,3810,Chris,Fail,8035710694,,,,41 West Main Street,,Hilda,SC,29813,,,,,,,,,No,,,,,,,,,,,,,,,,,,,,,,,,,,,,,
Chris Finch,,4902,Chris,Finch,8036143713,,,,2403 Cleveland Street,,Elloree,SC,29047,,,,,,,,,No,,,,,,,,,,,,,,,,,,,,,,,,,,,,,
Chris Gibson,,2585,,,8033830084,,,,7109 Vance Rd,,Bowman,SC,29018,,,,,,,,,No,,,,,,,,,,,,,,,,,,,,,,,,,,,,,
Chris Jones,,4849,,,8033784405,,,,320 Baronet Ln,,Elloree,SC,29047,,,,,,,,,No,,,,,,,,,,,,,,,,,,,,,,,,,,,,,
Chris Keller,,3088,,,8038540256,,,,111 Citation Dr,,Elloree,SC,29047,,,,,,,,,No,,,,,,,,,,,,,,,,,,,,,,,,,,,,,
Chris Kitchings,,2748,,,,,,,347 Sheriff blvd,,,SC,,,,,,,,,,No,,,,,,,,,,,,,,,,,,,,,,,,,,,,,
Chris Lanier,,3882,,,,,,,121 satawen road,,Eutawville,SC,,,,,,,,,,No,,,,,,,,,,,,,,,,,,,,,,,,,,,,,
Chris Lanier,,2414,,,8033089434,,,,121 Satawen Rd,,Eutawville,SC,29048,,,,,,,,,No,,,,,,,,,,,,,,,,,,,,,,,,,,,,,
Chris Lanier Sr.,,1364,,,8038544137,,,,2224 Tee Vee Rd.,,Elloree,SC,29047,,,,,,,,,No,,,,,,,,,,,,,,,,,,,,,,,,,,,,,
Chris Mashike,,994,,,9893272579,,,,2130 Bass Dr,,Santee,SC,29142,,,,,,,,,No,,,,,,,,,,,,,,,,,,,,,,,,,,,,,
chris mayers ,,3991,,,8035962200,,,,295 prestige ct,,Neeses,SC,29107,,,,,,,,,No,,,,,,,,,,,,,,,,,,,,,,,,,,,,,
Chris McCarty,,5904,Chris,McCarty,8035085652,chrismccarty93@gmail.com,,,,,,,,,,,,,,,,Yes,,,,,,,,,,,,,,,,,,,,,,,,,,,,,
Chris McCormick,,5320,Chris,McCormick,(843) 224-3204,,,,213 Green St ,,Santee,SC,,,,,,,,"#fiberCustomer, #residential",,No,,,,,,,,,,,,,,,,,,,,,,,,,,,,,
Chris Owens,,3739,Chris,Owens,(803) 308-4824,,,,695 Ginbay Rd,,Cameron,SC,29030,,,,,,,,,No,,,,,,,,,,,,,,,,,,,,,,,,,,,,,
Chris Parler,,4330,,,8033782886,,,,119 Wilkinson St,,Orangeburg,SC,29115,,,,,,,,,No,,,,,,,,,,,,,,,,,,,,,,,,,,,,,
Chris Pelzer,,2711,Chris,Pelzer,(803) 829-1096,,,,507 Easterlin Rd,,Bowman,SC,29018,,,,,,,,,No,,,,,,,,,,,,,,,,,,,,,,,,,,,,,
Chris Pinkney,,971,,,8435634244,,,,470 Old St George Road,,St George,SC,,,,,,,,,,No,,,,,,,,,,,,,,,,,,,,,,,,,,,,,
Chris Rice,,986,,,8436369236,,,,444 Harley Rd,,Reevesville,SC,29471,,,,,,,,,No,,,,,,,,,,,,,,,,,,,,,,,,,,,,,
Chris Shealy,,5818,,,8033785551,,,,135 minkonff drive,,Santee,SC,29142,,,,,,,,,No,,,,,,,,,,,,,,,,,,,,,,,,,,,,,
Chris Shuman,,2845,,,8435601519,,,,107 Shuman Dr,,Reevesville,SC,29471,,,,,,,,,No,,,,,,,,,,,,,,,,,,,,,,,,,,,,,
Chris Shuman,,3197,,,8435601519,,,,6225 Badham Drive,,Reevesville,SC,29471,,,,,,,,,No,,,,,,,,,,,,,,,,,,,,,,,,,,,,,
Chris Shusky,,1396,,,8038974908,,,,6527 Old Number Six Hwy,,Elloree,SC,29047,,,,,,,,,No,,,,,,,,,,,,,,,,,,,,,,,,,,,,,
Chris Taylor,,4387,,,8036649616,,,,4115 Neeses Hwy,,Neeses,SC,29107,,,,,,,,,No,,,,,,,,,,,,,,,,,,,,,,,,,,,,,
Chris Tindall,,317,,,8038292737,,,,351 Magnolia St,,Bowman,SC,29018,,,,,,,,,No,,,,,,,,,,,,,,,,,,,,,,,,,,,,,
Chris Tuten,,8318,Chris,Tuten,(803) 860-1805,,,,3180 Norway Rd,,Neeses,South Carolina,29107-9534,,,,,,,,,Yes,,,,,,,,,,,,,,,,,,,,,,,,,,,,,
Chris Watkins,,6300,Chris,Watkins,(803) 837-1470,,,,1554 Vance Road,,Vance,SC,,,,,,,,,,Yes,,,,,,,,,,,,,,,,,,,,,,,,,,,,,
Chris Williams,,3874,,,8037471102,,,,1267 Jasper St,,Orangeburg,SC,29115,,,,,,,,,No,,,,,,,,,,,,,,,,,,,,,,,,,,,,,
Chris Williams,,600,Chris,Williams,(843) 922-1357,,,,6854 Johnston Ave.,,Reevesville,SC,29471,,,,,,,,,No,,,,,,,,,,,,,,,,,,,,,,,,,,,,,
Chris Wilson,,5313,Chris,Wilson,(803) 346-1118,,,,325 Green Street,,Santee,SC,29142,,,,,,,"#fiberCustomer, #residential",,No,,,,,,,,,,,,,,,,,,,,,,,,,,,,,
Christa Whittington,,677,,,8037302515,,,,5381 Cameron Rd.,,Cameron,SC,29030,,,,,,,,,No,,,,,,,,,,,,,,,,,,,,,,,,,,,,,
Christel Dyches,,4943,,,8035710125,,,,194 Old Jack rd ,,Hilda,SC,,,,,,,,,,No,,,,,,,,,,,,,,,,,,,,,,,,,,,,,
Christian Rourk,,5065,,,8034966592,,,,390 Jack Branch Road,,Santee,SC,29142,,,,,,,,,No,,,,,,,,,,,,,,,,,,,,,,,,,,,,,
Christianna McFadden,,2819,,,,,,,23,,,,,,,,,,,,,No,,,,,,,,,,,,,,,,,,,,,,,,,,,,,
Christianna McFadden,,2820,,,8032906262,,,,2636 Big Buck Blvd,,Bowman,SC,29018,,,,,,,,,No,,,,,,,,,,,,,,,,,,,,,,,,,,,,,
Christie Drummond,,8270,Christie,Drummond,(843) 514-8168,Cdrumm8755@aol.com,,,124 Congaree Ct,,Santee,SC,29142,,,,,,,,,Yes,,,,,,,,,,,,,,,,,,,,,,,,,,,,,
Christie Fender,,587,,,8436369105,,,,341 St Mark Bowman,,Reevesville,SC,29471,,,,,,,,,No,,,,,,,,,,,,,,,,,,,,,,,,,,,,,
Christina High,,2953,,,,,,,651 Candlewood Ct,,Bowman,SC,29018,,,,,,,,,No,,,,,,,,,,,,,,,,,,,,,,,,,,,,,
Christina Jackson,,8004,Christina,Jackson,(803) 686-0261,,,,117 2nd Street,,Santee,SC,29142,,,,,,,"#fiberCustomer, #residential",,Yes,,,,,,,,,,,,,,,,,,,,,,,,,,,,,
Christina Soles,,2634,,,8435602403,,,,215 Second St,,Santee,SC,29142,,,,,,,,,No,,,,,,,,,,,,,,,,,,,,,,,,,,,,,
Christine Ayers,,1595,Christine,Ayers,8038973643,,,,120 Snider St.,,Elloree,SC,,,,,,,,,,No,,,,,,,,,,,,,,,,,,,,,,,,,,,,,
Christine Bickley,,1436,Christine,Bickley,8038370892,,,,5462 Old Number Six Hwy,,Elloree,SC,29047,,,,,,,,,No,,,,,,,,,,,,,,,,,,,,,,,,,,,,,
Christine Hutto,,3671,,,8037076035,,,,121 Meagan Rd,,Neeses,SC,,,,,,,,,,No,,,,,,,,,,,,,,,,,,,,,,,,,,,,,
Christine L. Swager,,493,,,8038543629,,,,28 Peter Collinson,PO Box 575      ,Santee,SC,29142,,,,,,,,,No,,,,,,,,,,,,,,,,,,,,,,,,,,,,,
Christine Lewis,,5758,,,8036148621,,,,1031 Myrtle dr ,,Santee ,SC,29142,,,,,,,,,No,,,,,,,,,,,,,,,,,,,,,,,,,,,,,
Christine Lewis,,4740,,,8038545351,,,,1031 Myrtle Dr ,,Santee,SC,29142,,,,,,,,,No,,,,,,,,,,,,,,,,,,,,,,,,,,,,,
Christine Sweatman,,548,,,8038291179,,,,7126 Vance Rd.,,Bowman,SC,29018,,,,,,,,,No,,,,,,,,,,,,,,,,,,,,,,,,,,,,,
Christopher Goff,,2112,,,8035284489,,,,1910 Tee Vee Rd,,Elloree,SC,29047,,,,,,,,,No,,,,,,,,,,,,,,,,,,,,,,,,,,,,,
Christopher Harper,,2177,,,8437186270,,,,185 Craig Street,,Eutawville,SC,29048,,,,,,,,,No,,,,,,,,,,,,,,,,,,,,,,,,,,,,,
Christopher Helm,,5117,,,8032262977,,,,194 Old Jack rd,,Hilda,SC,,,,,,,,,,No,,,,,,,,,,,,,,,,,,,,,,,,,,,,,
Christopher Jones,,2238,,,8038291797,,,,136 Magnolia St,,Bowman,SC,29018,,,,,,,,,No,,,,,,,,,,,,,,,,,,,,,,,,,,,,,
Christopher McClary,,4379,Christopher,McClary,8036712210,,,,419 Collins Ave. ,,Hilda,SC,29813,Shawna,McClary,(803) 671-2687,,,,,,No,,,,,,,,,,,,,,,,,,,,,,,,,,,,,
Christopher Taylor ,,3498,Shawna,Taylor,(803) 308-4363,,,,3039 slab landing rd,,Orangeburg,SC,29115,,,,,,,,,No,,,,,,,,,,,,,,,,,,,,,,,,,,,,,
Christopher Thomas,,4850,,,8038291769,,,,516 Avens Ct,,Bowman,SC,29018,,,,,,,,,No,,,,,,,,,,,,,,,,,,,,,,,,,,,,,
Christopher Thomas (108),,8541,Christopher,Thomas,(803) 225-6448,andreaquinn.thomas@gmail.com,,,108 Saluda Dr,,Santee,South Carolina,29142-9320,,,,,,,,,Yes,,,,,,,,,,,,,,,,,,,,,,,,,,,,,
Christopher Tyler,,3211,,,8032727172,,,,717 old river road,,Elloree,SC,29147,,,,,,,,,No,,,,,,,,,,,,,,,,,,,,,,,,,,,,,
Christopherr Britt,,2360,,,8038291093,,,,240 Corn St.,,Bowman,SC,29018,,,,,,,,,No,,,,,,,,,,,,,,,,,,,,,,,,,,,,,
Christy Aughtry,,8364,Christy,Aughtry,(803) 486-5333,caughtry@hotmail.com,,,11 Peter Collinson Rd,,Santee,SC,29142,,,,,,,,,Yes,,,,,,,,,,,,,,,,,,,,,,,,,,,,,
Christy Barnes,,1682,,,8035356819,,,,222 Griffith Lane,,Elloree,SC,,,,,,,,,,No,,,,,,,,,,,,,,,,,,,,,,,,,,,,,
Christy Brown,,5401,,,8034968074,,,,470 Banashee Circle,,Orangeburg,SC,29118,,,,,,,,,No,,,,,,,,,,,,,,,,,,,,,,,,,,,,,
Chrystal Driggers,,2359,,,8036645907,,,,179 Cooter Head Rd.,,Elloree,SC,29047,,,,,,,,,No,,,,,,,,,,,,,,,,,,,,,,,,,,,,,
Chuck & Susan Field,,780,Chuck,& Susan Field,(803) 854-1991,,,,107 Saluda Dr      ,,Santee,SC,29142,,,,,,,"#fiberCustomer, #residential",,No,,,,,,,,,,,,,,,,,,,,,,,,,,,,,
Chuck Fogle,,8664,Chuck,Fogle,(803) 535-2930,,,,383 Calvary Church Rd,,Neeses,South Carolina,29107-9125,,,,,,,,,Yes,,,,,,,,,,,,,,,,,,,,,,,,,,,,,
Chuck Howard,,1843,,,8038973044,,,,6714 Old number six hwy,,Elloree,SC,29047,,,,,,,,,No,,,,,,,,,,,,,,,,,,,,,,,,,,,,,
Chuck Smith,,546,,,8033788493,,,,128 Blume Rd,,Elloree,SC,29047,,,,,,,,,No,,,,,,,,,,,,,,,,,,,,,,,,,,,,,
Chuck Weigman,,2369,,,9546120809,,,,215 Cooper Dr,,Santee,SC,,,,,,,,"#fiberCustomer, #residential",,No,,,,,,,,,,,,,,,,,,,,,,,,,,,,,
Chucquella Oldonor,,1783,,,8033497149,,,,110 Johnson Dr,,Santee ,SC,29142,,,,,,,,,No,,,,,,,,,,,,,,,,,,,,,,,,,,,,,
Chun Chen,,3324,,,8434253492,,,,385 Lexington Street Apt 7,,Elloree,SC,29047,,,,,,,,,No,,,,,,,,,,,,,,,,,,,,,,,,,,,,,
Church of Jesus Christ,,2603,,,8035315531,,,,2740 Broughton Street         ,,Orangeburg,SC,,,,,,,,,,No,,,,,,,,,,,,,,,,,,,,,,,,,,,,,
Church of Redeemer,,41,,,,,,,1606 Russell St,,Orangeburg,SC,29115,,,,,,,,,No,,,,,,,,,,,,,,,,,,,,,,,,,,,,,
Church of the Epiphany,,42,,,8034927644,,,,PO Box 9,211 Epiphany Road  ,Eutawville,SC,29048,,,,,,,,,No,,,,,,,,,,,,,,,,,,,,,,,,,,,,,
Chyrelle Inabinet,,1296,,,8037475602,,,,116 High Point Circle,,Orangeburg,SC,29118,,,,,,,,,No,,,,,,,,,,,,,,,,,,,,,,,,,,,,,
Cierra Snipes,,5666,,,8039719830,,,,721 Lakeland Circle,,Santee,SC,29142,,,,,,,,,No,,,,,,,,,,,,,,,,,,,,,,,,,,,,,
Cierra Wright,,5521,,,8035709903,,,,3262 Cleveland Street,,Elloree,SC,29047,,,,,,,,,No,,,,,,,,,,,,,,,,,,,,,,,,,,,,,
Cindy & Chuck McKeowen,,1009,Chuck,McKeowen,8036640721,,,,9992 Old State Rd.,,Cameron,SC,,,,,,,,,,No,,,,,,,,,,,,,,,,,,,,,,,,,,,,,
Cindy and Jack Lane,,5791,,,8038972528,,,,,,,,,,,,,,,,,No,,,,,,,,,,,,,,,,,,,,,,,,,,,,,
Cindy Arnold,,8309,Cindy,Arnold,(804) 543-1822,,,,407 Santee Dr,,Santee,South Carolina,29142-9304,,,,,,,,,Yes,,,,,,,,,,,,,,,,,,,,,,,,,,,,,
cindy collins,,3444,,,8437493055,,,,461 chapel creek dr,,Santee ,SC,29142,,,,,,,,,No,,,,,,,,,,,,,,,,,,,,,,,,,,,,,
Cindy McClure,,588,Cindy,McClure,8435635510,,,,3434 Reevesville Rd,,Reevesville,SC,29471,,,,,,,,,No,,,,,,,,,,,,,,,,,,,,,,,,,,,,,
Cindy McCully,,3680,,,8036822115,,,,411 Ballard Lane,,Santee,SC,29142,,,,,,,,,No,,,,,,,,,,,,,,,,,,,,,,,,,,,,,
Cindy Ott,,4126,Cindy,Ott,8033877864,,,,2403 Cleveland St      ,,Elloree,SC,29047,,,,,,,,,No,,,,,,,,,,,,,,,,,,,,,,,,,,,,,
Cindy Polin,,5841,Cindy,Polin,8037070762,,,,509 Ballards Lane ,,Santee,SC,29142,,,,,,,,,No,,,,,,,,,,,,,,,,,,,,,,,,,,,,,
Cindy White,,3129,,,8038546332,,,,343 Pinewood Dr,,Santee ,SC,29142,,,,,,,,,No,,,,,,,,,,,,,,,,,,,,,,,,,,,,,
Cindy Willhoit,,360,,,8038542909,,,,311 Parklane Drive,,Santee,SC,29142,,,,,,,,,No,,,,,,,,,,,,,,,,,,,,,,,,,,,,,
Cindy Williams,,601,Cindy,Williams,8038293018,,,,804 Dibble St.,,Bowman,SC,29018,,,,,,,,,No,,,,,,,,,,,,,,,,,,,,,,,,,,,,,
Cion Jordan,,5903,Cion,Jordan,(954) 793-7276,cionjordan@yahoo.com,,,393 Island Road,,Santee,SC,29142,,,,,,,,,Yes,,,,,,,,,,,,,,,,,,,,,,,,,,,,,
Circle Computer Resources,,3314,,,3197343301,,,,1018 N Mountain St,,Blacksburg,SC,29118,,,,,,,,,No,,,,,,,,,,,,,,,,,,,,,,,,,,,,,
Circle Computer Resources,,3559,Levi,.,3197343351,,,,2064 Homestead Rd,,Bowman,SC,29018,,,,,,,,,No,,,,,,,,,,,,,,,,,,,,,,,,,,,,,
City Electric Supply,,43,,,8035316000,,,,645 Broughton St,,Orangeburg,SC,29115,,,,,,,,,No,,,,,,,,,,,,,,,,,,,,,,,,,,,,,
City of Bamberg,,16,City,of Bamberg,(803) 245-5128,,,,2477 Main Hwy Bamberg SC,P O Box 300,Bamberg,SC,29003,,,,,,,,,No,,,,,,,,,,,,,,,,,,,,,,,,,,,,,
City of Orangeburg,,2656,,,,,,,PO Box 1183,,Orangeburg,SC,29116,,,,,,,,,No,,,,,,,,,,,,,,,,,,,,,,,,,,,,,
CJ Way,,5642,,,,,,,283 Wood Stork Trail ,,Elloree,SC,29047,,,,,,,,,No,,,,,,,,,,,,,,,,,,,,,,,,,,,,,
Claflin University,,3729,,,,,,,400 Magnolia Street,,Orangeburg ,SC,29116,,,,,,,,,No,,,,,,,,,,,,,,,,,,,,,,,,,,,,,
Clara Foye,,2392,,,8037590882,,,,370 Tee Vee Road,,Elloree,SC,,,,,,,,,,No,,,,,,,,,,,,,,,,,,,,,,,,,,,,,
Clara Jacques,,5476,,,8037473621,,,,1560 Mt Olive Rd,,Providence,SC,29049,,,,,,,,,No,,,,,,,,,,,,,,,,,,,,,,,,,,,,,
Clara Morton,,2345,,,8039711960,,,,105 Illustrious Way,,Eutawville,SC,29048,,,,,,,,,No,,,,,,,,,,,,,,,,,,,,,,,,,,,,,
Clara Stone,,1174,,,8038744230,,,,310 Dantzler St ,,St Matthews,SC,29135,,,,,,,,,No,,,,,,,,,,,,,,,,,,,,,,,,,,,,,
Clarence Bailey,,2397,,,8038601553,,,,1687 Tee Vee Rd,,Elloree,SC,29047,,,,,,,,,No,,,,,,,,,,,,,,,,,,,,,,,,,,,,,
Clarence Goodwin,,3728,,,8038540971,,,,334 Pinewood Drive,,Santee,SC,29142,,,,,,,,,No,,,,,,,,,,,,,,,,,,,,,,,,,,,,,
Clarence Jones,,2318,,,8035338220,,,,7620 Old Hwy # 6,,Elloree,SC,29118,,,,,,,,,No,,,,,,,,,,,,,,,,,,,,,,,,,,,,,
Clarence McCully,,3798,,,8036822038,,,,271 Colonial Drive,,Bamberg ,SC,29003,,,,,,,,,No,,,,,,,,,,,,,,,,,,,,,,,,,,,,,
Clarence Sumpter,,1081,,,8038975087,,,,264 Roosevelt St,,Elloree,SC,29047,,,,,,,,,No,,,,,,,,,,,,,,,,,,,,,,,,,,,,,
Clarendon Insurance,,5579,Clarendon,Insurance,8034358891,,,,12 North Brook St,,Manning,SC,29102,,,,,,,,,No,,,,,,,,,,,,,,,,,,,,,,,,,,,,,
Clarendon Memorial Hospital,,45,,,,,,,10 hospital Street,,Manning,SC,29102,,,,,,,,,No,,,,,,,,,,,,,,,,,,,,,,,,,,,,,
Clarissa Felder,,8442,Clarissa,Felder,(803) 614-5621,clarissatfelder@gmail.com,,,180 Cantey Dr,,Santee,South Carolina,29142-8945,,,,,,,,,Yes,,,,,,,,,,,,,,,,,,,,,,,,,,,,,
Clarissa Joyner,,5773,,,8034224599,,,,1259 ameila st,,Orangeburg,SC,29115,,,,,,,,,No,,,,,,,,,,,,,,,,,,,,,,,,,,,,,
Clark and Company,,46,Clark,and Company,8038543228,,,,625 Bass Drive,,Santee,SC,29142,,,,,,,,,No,,,,,,,,,,,,,,,,,,,,,,,,,,,,,
Clark McCrary,,458,,,8038973209,,,,6216 Old number six hwy.,,Elloree,SC,29047,,,,,,,,,No,,,,,,,,,,,,,,,,,,,,,,,,,,,,,
Clark Palmer,,5764,,,7068311951,,,,2390 Chestnut St NE,,Orangeburg,SC,29118,,,,,,,,,No,,,,,,,,,,,,,,,,,,,,,,,,,,,,,
Clark Springer,,2614,,,8432094727,,,,903 Cedarwood Court   ,,Bowman,SC,,,,,,,,,,No,,,,,,,,,,,,,,,,,,,,,,,,,,,,,
Clarke Deal,,5483,Clarke,Deal,7172590720,,,,613 Ballard Lane,,Santee,SC,29118,,,,,,,,,No,,,,,,,,,,,,,,,,,,,,,,,,,,,,,
Clarks Inn,,47,Clarks,Inn,(803) 854-2141,,,,114 Bradford Blvd,,Santee,SC,29142,,,,,,,,,No,,,,,,,,,,,,,,,,,,,,,,,,,,,,,
Clarks Restaurant,,1386,Kitty,Collier,(803) 682-4838,,,,114 Bradford Boulevard,,Santee,SC,29142,Edward,Clark,(803) 837-1174,,,,,,No,,,,,,,,,,,,,,,,,,,,,,,,,,,,,
Clark’s Inn & Restaurant,,8636,Clark’s,Inn & Restaurant,8038542101,,,,114 Bradford Blvd,,Santee,SC,29142,,,,,,,#Hospitality,,No,,,,,,,,,,,,,,,,,,,,,,,,,,,,,
Claude Wilburn,,7879,Claude,Wilburn,(843) 860-3494,Claudewilburn@gmail.com,,,142 Wateree Drive,,Santee,SC,29142,,,,,,,"#fiberCustomer, #residential",,Yes,,,,,,,,,,,,,,,,,,,,,,,,,,,,,
Claudette Jamison,,4934,,,8033473539,,,,2031 Tee Vee Road,,Elloree,SC,29142,,,,,,,,,No,,,,,,,,,,,,,,,,,,,,,,,,,,,,,
Claudia Bair,,1249,,,8038292734,,,,6083 vance road,,Bowman,SC,29018,,,,,,,,,No,,,,,,,,,,,,,,,,,,,,,,,,,,,,,
Claudia Brown,,5474,Claudia,Brown,8038372279,,,,7113 Vance rd,,Bowman,SC,29018,,,,,,,,,No,,,,,,,,,,,,,,,,,,,,,,,,,,,,,
Claudia Polin,,8275,Claudia ,Polin,(803) 707-2417,,,,12 Peter Collinson Rd,,Santee,South Carolina,29142-8300,,,,,,,,,Yes,,,,,,,,,,,,,,,,,,,,,,,,,,,,,
Clay Smith,,1931,,,8038370871,,,,664 Brie St,,Bowman,SC,29018,Tammy,Clay,(803) 682-5180,,,,,,No,,,,,,,,,,,,,,,,,,,,,,,,,,,,,
Clayton Holder,,4858,,,8036211399,,,,227 Old Charleston Hwy,,Barnwell,SC,29812,,,,,,,,,No,,,,,,,,,,,,,,,,,,,,,,,,,,,,,
CleBo Professional Development Agency,,571,Ollie,Boyd,8035314056,,,,131 Poplar Street,,Bowman,SC,29018,,,,,,,,,No,,,,,,,,,,,,,,,,,,,,,,,,,,,,,
Cleopheus Davis,,3738,,,,,,,206 Gardener Blvd,,HollyHill,SC,29059,,,,,,,,,No,,,,,,,,,,,,,,,,,,,,,,,,,,,,,
Cleven Gilmore (Studio),,359,,,8038543754,,,,181 Laredo St   ,,santee,SC,29142,,,,,,,"#fiberCustomer, #residential",,No,,,,,,,,,,,,,,,,,,,,,,,,,,,,,
Cliff Betts,,6327,Cliff,Betts,(703) 403-9819,,,,123 Cooper Circle,,Santee,SC,29142,,,,,,,"#fiberCustomer, #residential",,Yes,,,,,,,,,,,,,,,,,,,,,,,,,,,,,
Cliff Fairey,,4423,,,8036825259,,,,117 Hamer Lane,,Orangeburg,SC,29115,,,,,,,,,No,,,,,,,,,,,,,,,,,,,,,,,,,,,,,
Clint Stevens,,2185,,,8035347463,,,,2498 Lakeside St,,Orangeburg,SC,29118,,,,,,,,,No,,,,,,,,,,,,,,,,,,,,,,,,,,,,,
Clisha Shivers,,1544,,,8037474850,,,,951 Hampton St,,Elloree,SC,29047,,,,,,,,,No,,,,,,,,,,,,,,,,,,,,,,,,,,,,,
Clyde Hartzog,,712,Clyde,Hartzog,(843) 563-1110,,,,6736 Johnston Ave,,Reevesville,SC,29471,,,,,,,,,No,,,,,,,,,,,,,,,,,,,,,,,,,,,,,
CM Food Mart,,5718,Kenny,,(803) 857-1477,kkpatel8867@gmail.com,,,1604 Bass Dr,,Santee,SC,29142,,,,,,,,,No,,,,,,,,,,,,,,,,,,,,,,,,,,,,,
Coast (PGB Petroleum),,5298,Smiths,Exxon,8038370563,,,,9039 Hwy 6,,Santee ,SC,,,,,,,,,,No,,,,,,,,,,,,,,,,,,,,,,,,,,,,,
Coasters Bar & Grill,,1585,Nancy,Smith,8038549955,,,,9135 Old Number Six Hwy,,Santee,SC,29142,,,,,,,,,No,,,,,,,,,,,,,,,,,,,,,,,,,,,,,
Cody GreenWood,,5727,,,8433451698,,,,7632 Old Number Six Hwy,,Santee,SC,29142,,,,,,,,,No,,,,,,,,,,,,,,,,,,,,,,,,,,,,,
Cody Walters,,5199,Cody,Walters,(843) 560-1156,,,,207 Camellia Rd,,Reevesville,SC,29471,,,,,,,,,No,,,,,,,,,,,,,,,,,,,,,,,,,,,,,
Cogent Communications,,4876,,,8777264368,,,,PO Box 791087,,Baltimore,SC,21279,,,,,,,,,No,,,,,,,,,,,,,,,,,,,,,,,,,,,,,
Coker Diner #3 - Huddle House - Orangeburg,,2697,Mark,Coker,8034799479,,,,1046 John C Calhoun Drive,,Orangeburg,SC,29115,,,,,,,,,No,,,,,,,,,,,,,,,,,,,,,,,,,,,,,
Colby Bruner,,5837,,,8033088514,,,,375 Hungerpiller,,Elloree,SC,29047,,,,,,,,,No,,,,,,,,,,,,,,,,,,,,,,,,,,,,,
Coldwell Banker,,48,,,8035348152,,,,1211 Amelia Street,,Orangeburg,SC,29115,,,,,,,,,No,,,,,,,,,,,,,,,,,,,,,,,,,,,,,
Cole Bates,,4827,,,8034229426,,,,502 Hutto Market Street,,Vance,SC,29163,,,,,,,,,No,,,,,,,,,,,,,,,,,,,,,,,,,,,,,
Collins Design,,6131,Collins,Design,(803) 568-2444,,,,3411 Savannah Highway,,North,SC,29112,,,,,,,,,Yes,,,,,,,,,,,,,,,,,,,,,,,,,,,,,
Colony of Love Inc,,4983,Colony,of Love Inc,8032600757,,,,1231B Amelia Street,,Orangeburg,SC,,,,,,,,,,No,,,,,,,,,,,,,,,,,,,,,,,,,,,,,
Columbia Road Church of God,,3719,,,,,,,2485 Columbia Rd,,Orangeburg,SC,29118,,,,,,,,,No,,,,,,,,,,,,,,,,,,,,,,,,,,,,,
Columbia Utility Buildings,,3068,Damon,Rose,8038374234,,,,3039 Magnolia Street,,Orangeburg,SC,29115,,,,,,,,,No,,,,,,,,,,,,,,,,,,,,,,,,,,,,,
Comfort Inn & Suites,,3483,,,8035159700,,,,746 Citadel Rd,,Orangeburg,SC,29118,,,,,,,,,No,,,,,,,,,,,,,,,,,,,,,,,,,,,,,
Comfort Inn & Suites - Santee,,1644,Comfort,Inn & Suites - Santee,(803) 854-4104,,,,221 Britain St       ,,Santee,SC,29142,,,,,,,,,No,,,,,,,,,,,,,,,,,,,,,,,,,,,,,
Common Wealth FG,,5184,,,8033082300,,,,1425 Russell St,,Orangeburg,SC,29115,,,,,,,,,No,,,,,,,,,,,,,,,,,,,,,,,,,,,,,
Commonwealth Finance,,49,,,,,,,346 Russell Street,,Orangeburg,SC,29115,,,,,,,,,No,,,,,,,,,,,,,,,,,,,,,,,,,,,,,
Community Youth Center of Eutawville,,1136,John,Scott,8034927483,historic@ntinet.com,,,101 Porcher Ave,PO Box 9,Eutawville,SC,29048,,,,,,,,,No,,,,,,,,,,,,,,,,,,,,,,,,,,,,,
Comprehensive Foot Care of Orangeburg,,3150,Comprehensive,Foot Care of Orangeburg,(803) 937-5876,,,,1605 Carolina Avenue,,Orangeburg,SC,29115,,,,,,,,,No,,,,,,,,,,,,,,,,,,,,,,,,,,,,,
Computer Solutions of Barnwell,,52,,,,,,,11570 Dunbarton Blvd,,Barnwell,SC,29812,,,,,,,,,No,,,,,,,,,,,,,,,,,,,,,,,,,,,,,
Comtrend,,8667,Tea,Salamone,(714) 494-3555,tea.salamone@comtrend.com,,,"530 Technology Drive, Suite 100",,Irvine,California,92618,,,,,,,,,Yes,,,,,,,,,,,,,,,,,,,,,,,,,,,,,
Concert Technologies,,1574,,,7037961897,,,,44845 Falcon Place Suite 106,Attn: Accounts Payable,Dulles,VA,20166,,,,,,,,,No,,,,,,,,,,,,,,,,,,,,,,,,,,,,,
Connie Austin,,2586,,,8036820320,,,,1674 Lee Blvd,,Orangeburg,SC,29118,,,,,,,,,No,,,,,,,,,,,,,,,,,,,,,,,,,,,,,
Connie Bruner,,3849,,,8035331946,,,,2145 slab landing rd,,Neeses,SC,29107,,,,,,,,,No,,,,,,,,,,,,,,,,,,,,,,,,,,,,,
Connie Dickson,,8166,Connie,Dickson,(704) 868-6712,ccalaway34@yahoo.com,,,126 Edisto Drive,,Santee,SC,29142,,,,,,,,,Yes,,,,,,,,,,,,,,,,,,,,,,,,,,,,,
Connie Gibson,,8059,Connie ,Gibson,(843) 229-4951,i892@aol.com,,,10 Thomas Walter Circle,,Santee,SC,29142,,,,,,,,,Yes,,,,,,,,,,,,,,,,,,,,,,,,,,,,,
Connie Lawrence,,1411,,,8038544025,,,,924 Moultrie Dr,,Santee,SC,29142,,,,,,,,,No,,,,,,,,,,,,,,,,,,,,,,,,,,,,,
Connie Martin ,,4018,Connie,Martin ,8033088180,,,,115 Randazzo Ct. ,,Elloree        ,SC,29047,,,,,,,,,No,,,,,,,,,,,,,,,,,,,,,,,,,,,,,
Connie Maxwell Children's Home,,2681,,,8035362456,,,,3105 5 Chop Rd,,Orangeburg,SC,29115,,,,,,,,,No,,,,,,,,,,,,,,,,,,,,,,,,,,,,,
Connie Scott,,4869,Connie,Scott,7274653637,,,,113 Wateree Dr,,Santee,SC,29142,,,,,,,"#fiberCustomer, #residential",,No,,,,,,,,,,,,,,,,,,,,,,,,,,,,,
Connie Stillinger,,8539,Connie,Stillinger,(803) 480-4418,cbstillinger@gmail.com,,,753 Striped Bass Ct,,Santee,SC,29142,,,,,,,,,Yes,,,,,,,,,,,,,,,,,,,,,,,,,,,,,
Connor's Health Care for Women,,3950,Tara,Stokes,(803) 531-1516,,,,1181 Hutto Rd,,Orangeburg ,SC,29118,,,,,,,,,No,,,,,,,,,,,,,,,,,,,,,,,,,,,,,
Constance Hilton,,6064,Constance,Hilton,(843) 452-8497,,,,991 Vance Road ,,Vance,SC,29163,,,,,,,,,Yes,,,,,,,,,,,,,,,,,,,,,,,,,,,,,
Construction Dynamics Inc.,,871,,,8032380482,,,,1709 Bass Drive,,Santee,SC,,,,,,,,,,No,,,,,,,,,,,,,,,,,,,,,,,,,,,,,
Contessa Glover,,2169,,,8038291510,,,,830 Reevesville Rd.  Apt. 1,,Bowman,SC,29018,,,,,,,,,No,,,,,,,,,,,,,,,,,,,,,,,,,,,,,
Contrina Mack,,1937,,,8038293427,,,,969 Dairy Ave,,Bowman,SC,29018,,,,,,,,,No,,,,,,,,,,,,,,,,,,,,,,,,,,,,,
Cool Cat Cafe,,3026,,,8035352250,,,,2710 North Rd,377 Brookside Dr (billing),Orangeburg,SC,29115,,,,,,,,,No,,,,,,,,,,,,,,,,,,,,,,,,,,,,,
Cooper Britton,,8507,Cooper,Britton,(843) 670-4529,ceritt2139@gmail.com,,,150 Par Ct,,Santee,South Carolina,29142-9477,,,,,,,,,Yes,,,,,,,,,,,,,,,,,,,,,,,,,,,,,
Cooperative Church Minitries,,5674,Cooperative,Church Minitries,(803) 531-4913,,,,2570 Saint Matthews Road Northeast,,Orangeburg,SC,29118,,,,,,,,,No,,,,,,,,,,,,,,,,,,,,,,,,,,,,,
Cooperative Church Mistries,,3785,,,8035314913,,,,899 Russel Street,,Orangeburg,SC,,,,,,,,,,No,,,,,,,,,,,,,,,,,,,,,,,,,,,,,
Corbett's Flowers,,53,,,8035348204,,,,1521 Middleton Street,,Orangeburg,SC,29115,,,,,,,,,No,,,,,,,,,,,,,,,,,,,,,,,,,,,,,
Cordova Fabrications,,5549,,,8035365457,,,,199 Whirlwind Road,,Cordova ,SC,29039,,,,,,,,,No,,,,,,,,,,,,,,,,,,,,,,,,,,,,,
Cordova Fire Department,,3794,,,,,,,117 Flash Over Lane,P.O. Box 1,Cordova,SC,29039,,,,,,,,,No,,,,,,,,,,,,,,,,,,,,,,,,,,,,,
Coreane Darby,,1060,,,8034859163,,,,692 Sugar Hill Rd,PO Box 111,Holly Hill,SC,29059,,,,,,,,,No,,,,,,,,,,,,,,,,,,,,,,,,,,,,,
Corey  Merritt,,5651,,,8024619621,,,,020 Pee Dee dr,,Santee ,SC,29142,,,,,,,,,No,,,,,,,,,,,,,,,,,,,,,,,,,,,,,
Corey Watson,,2972,,,8034928617,,,,351 Lullwater Rd sc,,Eutawville,SC,29048,,,,,,,,,No,,,,,,,,,,,,,,,,,,,,,,,,,,,,,
Corey Westbrook,,8154,Corey,Westbrook,(843) 200-1609,Badtriton@gmail.com,,,118 Broad River Drive,,Santee,SC,29142,,,,,,,,,Yes,,,,,,,,,,,,,,,,,,,,,,,,,,,,,
Corey Williams,,1596,,,8034963869,,,,630 Pineland St.,,Vance,SC,29163,,,,,,,,,No,,,,,,,,,,,,,,,,,,,,,,,,,,,,,
Corinthian Winton,,8402,Corinthian,Winton,(843) 301-4585,CorinthianWinton@gmail.com,,,125 Stono Cir,,Santee,South Carolina,29142-9512,,,,,,,,,Yes,,,,,,,,,,,,,,,,,,,,,,,,,,,,,
Cornelius Sumpter,,961,,,,,,,3285 Old State Rd,,Santee,SC,29042,,,,,,,,,No,,,,,,,,,,,,,,,,,,,,,,,,,,,,,
Cornelius Sumpter,,1176,,,,,,,,,,,,,,,,,,,,No,,,,,,,,,,,,,,,,,,,,,,,,,,,,,
Cornerstone Community Church,,54,Cornerstone,Community Church,(803) 539-3952,,,,1481 Chestnut St,,Orangeburg,SC,29115,Tracy,Dempsey,(803) 747-4093,tracy@mycornerstone.me,,,,,No,,,,,,,,,,,,,,,,,,,,,,,,,,,,,
Coronica Jefferson,,2564,,,8037071337,,,,680 Rail Road Rd,,Elloree,SC,29047,,,,,,,,,No,,,,,,,,,,,,,,,,,,,,,,,,,,,,,
Corteria F Baxter,,2495,,,8038293436,,,,608 Candlewood Ct,,Bowman,SC,29018,,,,,,,,,No,,,,,,,,,,,,,,,,,,,,,,,,,,,,,
Cory Andrews,,3775,,,8439928584,,,,183 Ballards Ln,,Santee,SC,29142,,,,,,,,,No,,,,,,,,,,,,,,,,,,,,,,,,,,,,,
Cotton Gin Church,,5982,Kathy,Reeves,(843) 560-0707,,,,6813 Johnston Avenue,,Reevesville,SC,29471,,,,,,,,,Yes,,,,,,,,,,,,,,,,,,,,,,,,,,,,,
Cotton Lane Farms ,,4082,,,8036089599,,,,1739 Farmers Road,,Elloree,SC,29047,John,,(803) 308-2333,,,,,,No,,,,,,,,,,,,,,,,,,,,,,,,,,,,,
Coulter Clinic,,5266,,,8037072926,,,,941 Summers ave,,Orangeburg ,SC,,,,,,,,,,No,,,,,,,,,,,,,,,,,,,,,,,,,,,,,
Country Club of Orangeburg,,55,,,,,,,P.O. Box 1105,,Orangeburg,SC,29116-1105,,,,,,,,,No,,,,,,,,,,,,,,,,,,,,,,,,,,,,,
Country Hearth Inn,,1317,,,8435632277,,,,104 Interstate Dr,,St. George,SC,29477,,,,,,,,,No,,,,,,,,,,,,,,,,,,,,,,,,,,,,,
Country Inn,,3083,,,8432859000,,,,220 Holiday Dr,,Summerville,SC,29483,,,,,,,,,No,,,,,,,,,,,,,,,,,,,,,,,,,,,,,
Country Inn & Suites (Orangeburg) - GM Reggie Matthews ,,2942,,,8039285300,,,,731 Citadel Rd,,Orangeburg,SC,29118,,,,,,,,,No,,,,,,,,,,,,,,,,,,,,,,,,,,,,,
County Electric Supply,,56,,,,,,,1929 Augusta Highway,,Lexington,SC,29072,,,,,,,,,No,,,,,,,,,,,,,,,,,,,,,,,,,,,,,
County of Orangeburg,,2589,Bill,Clark,8035331000,,,,1437 Amelia St,,Orangeburg,SC,29115,,,,,,,,,No,,,,,,,,,,,,,,,,,,,,,,,,,,,,,
Courtesy Management,,57,Courtesy,Management,8035399955,,,,3840 Marie St,,Orangeburg,SC,29115,,,,,,,,,No,,,,,,,,,,,,,,,,,,,,,,,,,,,,,
Courtesy Reality,,488,,,,,,,2247 State Park Rd. ,,Santee,SC,29142,,,,,,,,,No,,,,,,,,,,,,,,,,,,,,,,,,,,,,,
Courtney Adams,,714,,,8038972133,,,,6743 Old Number Six Hwy,,Elloree,SC,29047,,,,,,,,,No,,,,,,,,,,,,,,,,,,,,,,,,,,,,,
Courtney Baker,,3660,,,8037599185,,,,232 Nimbes Road,,Vance,SC,29163,,,,,,,,,No,,,,,,,,,,,,,,,,,,,,,,,,,,,,,
Courtney Collier,,579,,,8034963581,,,,4538 Old State Rd,,Holly Hill ,SC,29059,,,,,,,,,No,,,,,,,,,,,,,,,,,,,,,,,,,,,,,
Courtney Frost,,7959,Courtney,Frost,,,,307 Winding Brook Drive,,,Cameron,SC,29030,,,,,,,,,Yes,,,,,,,,,,,,,,,,,,,,,,,,,,,,,
Courtney Kinley,,2302,,,8033479725,,,,449 Bay St,,Elloree,SC,29047,,,,,,,,,No,,,,,,,,,,,,,,,,,,,,,,,,,,,,,
Courtney Mcclorin,,3856,,,8038370075,,,,949 Moss Street,,Bowman,SC,,,,,,,,,,No,,,,,,,,,,,,,,,,,,,,,,,,,,,,,
Courtney Smith,,7864,Courtney,Smith,(803) 571-2902,,,,419 Collins Avenue,,Barnwell,SC,29812,,,,,,,,,Yes,,,,,,,,,,,,,,,,,,,,,,,,,,,,,
Courtney Tant,,3238,,,8436181701,,,,132 Salisberry Rd,,Holly Hill,SC,,,,,,,,,,No,,,,,,,,,,,,,,,,,,,,,,,,,,,,,
Courtney Wallick,,4918,Richard,Saunders,8435323211,,,,431 Ballard ln,,Santee,SC,,,,,,,,,,No,,,,,,,,,,,,,,,,,,,,,,,,,,,,,
Courtney Wetzel,,5023,Courtney,Wetzel,(610) 442-3629,,,,118 Saluda Drive,,Santee ,SC,29142,,,,,,,"#fiberCustomer, #residential",,No,,,,,,,,,,,,,,,,,,,,,,,,,,,,,
Coy Cuttino,,523,,,8036822332,,,,1322 Nate Store Rd   ,,Elloree     ,SC,29047,,,,,,,,,No,,,,,,,,,,,,,,,,,,,,,,,,,,,,,
Coy Ott,,688,,,8037070708,,,,4594 Cleveland Street,,Elloree,SC,29047,,,,,,,,,No,,,,,,,,,,,,,,,,,,,,,,,,,,,,,
CPM Federal Credit Union,,58,,,,,,,P O Box  62229,,Charleston ,SC,29419-2229,,,,,,,,,No,,,,,,,,,,,,,,,,,,,,,,,,,,,,,
CPS,,4269,,,8035363201,,,,1076 Cross Creek Rd,,Orangeburg,SC,29115,,,,,,,,,No,,,,,,,,,,,,,,,,,,,,,,,,,,,,,
Cracker Barrel,,8473,Cracker,Barrel,(813) 286-0047,luis.ramirez@netwolves.com,,,250 Britain St,,Santee,South Carolina,29142-8936,,,,,,,,,Yes,,,,,,,,,,,,,,,,,,,,,,,,,,,,,
Craig Eppling,,5524,Craig,Eppling,9727684656,,,,315 Santee Dr,,Santee,SC,29142,,,,,,,"#fiberCustomer, #residential",,No,,,,,,,,,,,,,,,,,,,,,,,,,,,,,
Craig Land Sales,,2138,,,8034923073,,,,332 Bass Dr.,,Santee,SC,29142,,,,,,,,,No,,,,,,,,,,,,,,,,,,,,,,,,,,,,,
Craig Miller,,8522,Craig,Miller,(843) 718-5163,craigmiller81@gmail.com,,,223 Cooper Dr,,Santee,South Carolina,29142-9319,,,,,,,,,Yes,,,,,,,,,,,,,,,,,,,,,,,,,,,,,
Craig's Place & Deli,,6261,Becky,Armstrong,(803) 854-4601,,,,9083 Old Number Six Hwy,,Santee,SC,29142,,,,,,,,,Yes,,,,,,,,,,,,,,,,,,,,,,,,,,,,,
Craig's Place Cafe & Deli,,7862,Becky,Armstrong,(803) 854-4601,,,,9083 Old Number Six Hwy,C,Santee,SC,29142,,,,,,,,,Yes,,,,,,,,,,,,,,,,,,,,,,,,,,,,,
Craigs Used Cars,,3625,,,,,,,3273 Slab Landing Road,,Orangeburg,SC,29115,,,,,,,,,No,,,,,,,,,,,,,,,,,,,,,,,,,,,,,
Creative Kids Daycare ,,4677,,,8037599100,,,,742 Bass Dr ,,Santee ,SC,29142,,,,,,,,,No,,,,,,,,,,,,,,,,,,,,,,,,,,,,,
Credit Central Inc,,59,,,,,,,919 Chestnut St,,Orangeburg,SC,29115,,,,,,,,,No,,,,,,,,,,,,,,,,,,,,,,,,,,,,,
Creel Flueharty,,5632,Creel,Flueharty,8038543925,,,,7L Thomas Walker Circle,,Santee,SC,29142,,,,,,,,,No,,,,,,,,,,,,,,,,,,,,,,,,,,,,,
Croft House,,2013,,,8036480771,,,,256 York Street,,Aiken,SC,29801,,,,,,,,,No,,,,,,,,,,,,,,,,,,,,,,,,,,,,,
Crosby Backhoe & Bushhogging,,1794,,,8035390140,,,,3621 Twelve Oaks Lane,,Orangeburg,SC,,,,,,,,,,No,,,,,,,,,,,,,,,,,,,,,,,,,,,,,
Crossroads Insurance Agency,,60,Crossroads,Insurance Agency,(803) 534-0952,,,,1724 Neeeses Hwy,,Orangeburg,SC,29115,,,,,,,,,No,,,,,,,,,,,,,,,,,,,,,,,,,,,,,
Crown Inn,,,,,8035347180,,,,2805 Bamberg Rd,,Orangeburg,SC,29115,,,,,,,#Hospitality,,No,,,,,,,,,,,,,,,,,,,,,,,,,,,,,
Crystal Green,,7973,Crystal,Green,(803) 860-0072,,,,1969 Till Road,,Orangeburg,SC,29115,,,,,,,,,Yes,,,,,,,,,,,,,,,,,,,,,,,,,,,,,
Crystal Isaac,,301,,,8039749272,,,,180 Cantey Drive,Apt. 231,Santee,SC,29142,,,,,,,,,No,,,,,,,,,,,,,,,,,,,,,,,,,,,,,
Crystal Jackson,,5353,,,8033785822,,,,162 Haestad Court,,Neeses,SC,29107,,,,,,,,,No,,,,,,,,,,,,,,,,,,,,,,,,,,,,,
Crystal Javaux,,8533,Crystal,Javaux,(843) 708-0032,javauxproperties@yahoo.com,,,507 Ballard Ln,,Santee,South Carolina,29142-8560,,,,,,,,,Yes,,,,,,,,,,,,,,,,,,,,,,,,,,,,,
Crystal Jefferson,,526,Crystal,Jefferson,(803) 347-9466,,,,,,,,,,,,,,,"#fiberCustomer, #residential",,No,,,,,,,,,,,,,,,,,,,,,,,,,,,,,
Crystal McFadden,,8487,Crystal,McFadden,(843) 991-0402,crystalmcfadden77@gmail.com,,,653 Perch Ln,,Santee,SC,29142,,,,,,,,,Yes,,,,,,,,,,,,,,,,,,,,,,,,,,,,,
Crystal White,,348,,,8034927196,,,,357 Torrington Rd.,,Eutawville,SC,29048,,,,,,,,,No,,,,,,,,,,,,,,,,,,,,,,,,,,,,,
Crystal Williams,,2860,,,2285477403,,,,538 horse pond rd,,Eloree,SC,,,,,,,,,,No,,,,,,,,,,,,,,,,,,,,,,,,,,,,,
Crystal Williamson,,5241,Crystal,Williamson,8035089955,,,,200 old jack rd,,Barnwell,SC,29182,,,,,,,,,No,,,,,,,,,,,,,,,,,,,,,,,,,,,,,
CSR  (Personal),,4231,,,,,,,,,,,,,,,,,,,,No,,,,,,,,,,,,,,,,,,,,,,,,,,,,,
CTI,,265,,,7736674585,,,,16W235 83rd Street Suite A,,Burr Ridge,IL,60527,,,,,,,,,No,,,,,,,,,,,,,,,,,,,,,,,,,,,,,
Culler Builders,,2702,,,8035338110,,,,372 Saint Paul St,,Orangeburg,SC,29115,,,,,,,,,No,,,,,,,,,,,,,,,,,,,,,,,,,,,,,
Culler Law Firm,,5563,Culler,Law Firm,(803) 536-5055,,,,1540 Russel Street Suite 103,,Orangeburg,SC,29115,,,,,,,,,No,,,,,,,,,,,,,,,,,,,,,,,,,,,,,
Culler Macalhany Funeral Home ,,4545,,,8032472651,,,,P.O Box 96,,North ,SC,29112,,,,,,,,,No,,,,,,,,,,,,,,,,,,,,,,,,,,,,,
Culler Poultry,,61,,,8033081262,,,,1001 Sulton St.,PO Box 927,Orangeburg,SC,29116,,,,,,,,,No,,,,,,,,,,,,,,,,,,,,,,,,,,,,,
Culler-Holstein Gin,,8253,Jim,Holstein,(803) 682-2521,cullerholsteingin@tds.net,,Swansea Culler-Hostein Gin,225 West 5th Street,,Swansea,SC,29160,,,,,,,,,Yes,,,,,,,,,,,,,,,,,,,,,,,,,,,,,
Cupside Down Cafe,,3610,,,8034131166,,,,950 Chestnut St,,Orangeburg,SC,29115,,,,,,,,,No,,,,,,,,,,,,,,,,,,,,,,,,,,,,,
Curry Insurance Agency,,3609,Tresslyn,Irving,8035360889,,,,1417 Amelia Street,,Orangeburg,SC,29115,,,,,,,,,No,,,,,,,,,,,,,,,,,,,,,,,,,,,,,
Curtis Atterberrry,,3362,,,8035161153,,,,6174 norway rd                                    ,,Norway,SC,29113,,,,,,,,,No,,,,,,,,,,,,,,,,,,,,,,,,,,,,,
Curtis Atterberry,,3632,,,8033472533,,,,6174 Norway Road,,Norway,SC,29113,,,,,,,,,No,,,,,,,,,,,,,,,,,,,,,,,,,,,,,
Curtis Carr,,5810,Curtis,Carr,3043208688,,,,102 Broad River Dr,,Santee,SC,29142,,,,,,,"#fiberCustomer, #residential",,No,,,,,,,,,,,,,,,,,,,,,,,,,,,,,
Curtis Goodwin,,2960,,,8035969063,,,,1612 Lindstedt Ln,,Holly Hill,SC,29059,,,,,,,,,No,,,,,,,,,,,,,,,,,,,,,,,,,,,,,
Curtis Mack,,1947,,,8038293858,,,,3795 Homestead Rd ,,Bowman,SC,,,,,,,,,,No,,,,,,,,,,,,,,,,,,,,,,,,,,,,,
Curtis S. Ott II,,410,,,8432004125,,,,326 Holstein Rd ,,Bowman,SC,29018,,,,,,,,,No,,,,,,,,,,,,,,,,,,,,,,,,,,,,,
Curtis Sumpter,,2827,,,8035391855,,,,122 Altamese Drive,,Holly Hill,SC,29059,,,,,,,,,No,,,,,,,,,,,,,,,,,,,,,,,,,,,,,
Curtis Thomas,,6040,Curtis,Thomas,(803) 387-9446,curtis.thomas70@gmail.com,,,1357 Shannon Street Northeast,,Orangeburg,SC,29118,,,,,,,,,Yes,,,,,,,,,,,,,,,,,,,,,,,,,,,,,
Curtis Welch,,6350,Curtis,Welch,(843) 999-8306,,,,1035 Deer Trail Road,,Santee,SC,29142,,,,,,,,,Yes,,,,,,,,,,,,,,,,,,,,,,,,,,,,,
Curves of Santee,,512,,,8038543280,,,,9397 Old Number Six Hwy   ,,Santee,SC,29142,,,,,,,,,No,,,,,,,,,,,,,,,,,,,,,,,,,,,,,
CVS Pharmacy Santee,,7904,Megan,Kennedy,(800) 377-7744,prequalservices@dsrglobal.com,Prequal Provisioning Analyst,,8910 Old Number Six Highway,,Santee,SC,29142,,,,,,,,,Yes,,,,,,,,,,,,,,,,,,,,,,,,,,,,,
CWH Industries,,62,CWH,Industries,8035346876,,,,1150 Crosscreek Road,,Orangeburg,SC,29115,,,,,,,,,No,,,,,,,,,,,,,,,,,,,,,,,,,,,,,
Cynthia & Luther M. Smith,,93,,,8038972446,,,,1258 Midway Rd,,Elloree,SC,29047,,,,,,,,,No,,,,,,,,,,,,,,,,,,,,,,,,,,,,,
Cynthia Douglas,,3101,Cynthia,Douglas,(803) 854-2103,,,,1040 Sanoree Drive,,Santee,SC,29142,,,,,,,"#fiberCustomer, #residential, #VoIP",,No,,,,,,,,,,,,,,,,,,,,,,,,,,,,,
Cynthia Dunston,,8220,Cynthia,Dunston,(843) 330-6800,,,,9 Andre Michaux Road,,Santee,SC,29142,,,,,,,,,Yes,,,,,,,,,,,,,,,,,,,,,,,,,,,,,
Cynthia E Williams,,2650,Cynthia,E Williams,(803) 974-1744,,,,141 Park St,,Bowman,SC,29018,,,,,,,,,No,,,,,,,,,,,,,,,,,,,,,,,,,,,,,
Cynthia Evans,,2117,Cynthia,Evans,(803) 854-2001,,,,113 Janmar Ln,,Santee,SC,29142,,,,,,,,,No,,,,,,,,,,,,,,,,,,,,,,,,,,,,,
Cynthia Felder,,3389,,,8035355105,,,,1844 baker st,,Orangeburg ,SC,29115,,,,,,,,,No,,,,,,,,,,,,,,,,,,,,,,,,,,,,,
Cynthia Fogle,,5968,Cynthia,Fogle,(803) 387-4465,,,Home,114 Friendship Road,,Santee,SC,29142,,,,,,,,,Yes,,,,,,,,,,,,,,,,,,,,,,,,,,,,,
Cynthia Fogle,,2136,,,8038543909,,,,121 citation dr,,Elloree,SC,,,,,,,,,,No,,,,,,,,,,,,,,,,,,,,,,,,,,,,,
Cynthia Gilliard,,8292,Cynthia,Gilliard,(252) 626-1148,,,,120 Congaree Ct,,Santee,South Carolina,29142,,,,,,,,,Yes,,,,,,,,,,,,,,,,,,,,,,,,,,,,,
Cynthia Green,,2228,,,8039971163,,,,116 Doberman Ln.,,Cameron,SC,,,,,,,,,,No,,,,,,,,,,,,,,,,,,,,,,,,,,,,,
Cynthia Grooms,,8140,Cynthia ,Grooms,(843) 830-2067,CindyGrooms1@yahoo.com,,,119 Ballard Lane,,Santee,SC,29142,,,,,,,,,Yes,,,,,,,,,,,,,,,,,,,,,,,,,,,,,
Cynthia Hutchinson,,2522,,,8039740189,,,,2139 Tee Vee Rd,,Elloree,SC,,,,,,,,,,No,,,,,,,,,,,,,,,,,,,,,,,,,,,,,
Cynthia M. South-Ott,,6069,Cynthia,Ott,(803) 387-7864,cindyott63@gmail.com,,,19 Peter Colinson Rd,,Santee,SC,29142,,,,,,,,,Yes,,,,,,,,,,,,,,,,,,,,,,,,,,,,,
Cynthia Mitchell,,4880,,,8033081266,,,,691 Berry Street,,Orangeburg,SC,29115,,,,,,,,,No,,,,,,,,,,,,,,,,,,,,,,,,,,,,,
Cynthia Ranallo,,8393,Cynthia,Ranallo,(757) 754-1381,Cranallo56@gmail.com,,,8 Andre Michaux Rd,,Santee,South Carolina,29142-8303,,,,,,,,,Yes,,,,,,,,,,,,,,,,,,,,,,,,,,,,,
Cynthia Shingler,,4218,,,8037590272,,,,861 Toney Bay Road,,Holly Hill,SC,29059,,,,,,,,,No,,,,,,,,,,,,,,,,,,,,,,,,,,,,,
Cynthia Shingler,,1121,,,8034967827,,,,861 Toney Bay Rd.,,Holly Hill,SC,29059,,,,,,,,,No,,,,,,,,,,,,,,,,,,,,,,,,,,,,,
Cynthia Williams,,5770,Cynthia,Williams,(803) 570-9786,CIndyWill59@gmail.com,,,161 Sycamore Street,,Bowman,SC,29018,,,,,,,,,No,,,,,,,,,,,,,,,,,,,,,,,,,,,,,
Cynthia Wise,,4707,,,8033879914,,,,828 Antioch rd Santee sc ,,,,,,,,,,,,,No,,,,,,,,,,,,,,,,,,,,,,,,,,,,,
Cyristal Ravenell,,4506,,,8039741094,,,,511 Mt olive rd ,,Santee ,SC,29142,,,,,,,,,No,,,,,,,,,,,,,,,,,,,,,,,,,,,,,
Cyristal Williamson,,4630,,,8035089955,,,,200 Old Jack rd ,,Barnwell 29812,SC,29812,,,,,,,,,No,,,,,,,,,,,,,,,,,,,,,,,,,,,,,
D Oliver Weathers Jr,,2087,,,8038292881,,,,111 Sycamore St,PO box 386,Bowman,SC,,,,,,,,,,No,,,,,,,,,,,,,,,,,,,,,,,,,,,,,
D&B Taxes,,507,,,8038544516,,,,738 Bass Drive,,Santee,SC,29142,,,,,,,,,No,,,,,,,,,,,,,,,,,,,,,,,,,,,,,
D. R. Horton Office,,8355,D.,R. Horton Office,,,,,176 William Clark Blvd,,Santee,South Carolina,29142,,,,,,,,,Yes,,,,,,,,,,,,,,,,,,,,,,,,,,,,,
DA Walters,,5095,,,8435601909,,,,6680 Johnston Ave,,Reevesville,SC,,,,,,,,,,No,,,,,,,,,,,,,,,,,,,,,,,,,,,,,
Daequan Ellison,,8158,Daequan,Ellison,(803) 971-0531,dae.ellison@gmail.com,,,5050 Myrtle Drive,,Santee,SC,29142,,,,,,,,,Yes,,,,,,,,,,,,,,,,,,,,,,,,,,,,,
Dagen Schofield,,8515,Dagen,Schofield,(803) 747-6240,DagenSchofield@gmail.com,,,117 Ballard Ln,117,Santee,South Carolina,29142-8563,,,,,,,,,Yes,,,,,,,,,,,,,,,,,,,,,,,,,,,,,
Daimon Rush,,3098,Daimon,Rush,8038579669,,,,547 Laura St,,Bowman,SC,29018,,,,,,,,,No,,,,,,,,,,,,,,,,,,,,,,,,,,,,,
Daisie Rivera,,3828,,,8038544007,,,,105 Milwaukee Ct,,Santee,SC,29142,,,,,,,,,No,,,,,,,,,,,,,,,,,,,,,,,,,,,,,
Dalaisha Mazyck,,8422,Dalaisha,Mazyck,(803) 747-1922,dalaishamazyck@gmail.com,,,772 Striped Bass Ct,,Santee,SC,29142,,,,,,,,,Yes,,,,,,,,,,,,,,,,,,,,,,,,,,,,,
Dale Cozart,,3017,Dale,Cozart,(843) 697-2103,,,,306 Broad River Dr,,Santee,SC,29142,,,,,,,"#fiberCustomer, #residential",,No,,,,,,,,,,,,,,,,,,,,,,,,,,,,,
Dale Davis,,2858,Dale,Davis,8036825428,,,,599 candlewood Ct,,Bowman,SC,,,,,,,,,,No,,,,,,,,,,,,,,,,,,,,,,,,,,,,,
Dale Holbach,,2557,,,,,,,1303 Cleveland St,,Elloree,SC,29047,,,,,,,,,No,,,,,,,,,,,,,,,,,,,,,,,,,,,,,
Dale Holback,,1955,,,8038974763,,,,1303 Cleveland St,,Elloree,SC,29047,,,,,,,,,No,,,,,,,,,,,,,,,,,,,,,,,,,,,,,
Dale Kittrell,,4448,,,8035345324,,,,1521 Hudson Rd,,Cope,SC,,,,,,,,,,No,,,,,,,,,,,,,,,,,,,,,,,,,,,,,
Dale Saulisbury,,1613,,,8433432028,,,,501 Santee Dr,,Santee,SC,,,,,,,,"#fiberCustomer, #residential",,No,,,,,,,,,,,,,,,,,,,,,,,,,,,,,
Dale Vieau,,1431,,,8434373947,,,,7421 Charleston Hwy,,Bowman,SC,29018,,,,,,,,,No,,,,,,,,,,,,,,,,,,,,,,,,,,,,,
Dale Wilsey,,2486,Dale,Wilsey,8038544280,,,,133 Cooper Circle,,Santee,SC,,,,,,,,"#fiberCustomer, #residential, #VoIP",,No,,,,,,,,,,,,,,,,,,,,,,,,,,,,,
Damien Prezzy,,2250,,,8038544359,,,,2388 Bass Dr,,Santee,SC,29142,,,,,,,,,No,,,,,,,,,,,,,,,,,,,,,,,,,,,,,
Dan Atkinson,,1953,,,8034963205,,,,4027 Old State Road,,Santee,SC,29142,,,,,,,,,No,,,,,,,,,,,,,,,,,,,,,,,,,,,,,
Dan Atkinson,,1487,,,8432144957,,,,4027 Old State Rd.,,Santee,SC,29142,,,,,,,,,No,,,,,,,,,,,,,,,,,,,,,,,,,,,,,
Dan Clossman,,1415,,,8033954618,,,,1110 Pickett Level Rd,,Elloree,SC,29047,,,,,,,,,No,,,,,,,,,,,,,,,,,,,,,,,,,,,,,
Dan Crumpler,,3578,,,8644142093,,,,181 Ballard Lane,,Santee,SC,29142,,,,,,,,,No,,,,,,,,,,,,,,,,,,,,,,,,,,,,,
Dan Donald & Kim Nguyen,,5639,Dan,Donald & Kim Nguyen,6784648261,,,,2512 Cleveland Street,,Elloree,SC,29047,,,,,,,,,No,,,,,,,,,,,,,,,,,,,,,,,,,,,,,
Dan Hansen,,8296,Dan,Hansen,(803) 718-8918,,TV Sign Installer,,,,,,,,,,,,,,,Yes,,,,,,,,,,,,,,,,,,,,,,,,,,,,,
Dan Hopla,,3090,Dan,Hopla,(843) 206-4886,,,,227 Green St,,Santee,SC,,,,,,,,"#fiberCustomer, #residential",,No,,,,,,,,,,,,,,,,,,,,,,,,,,,,,
Dan Howard,,1619,,,4356196969,,,,407 Rigby St,,Reevesville,SC,29471,,,,,,,,,No,,,,,,,,,,,,,,,,,,,,,,,,,,,,,
Dan Johnson,,4862,Dan,Johnson,(843) 469-7568,dpjohnson82@gmail.com,,,140 Green Court,,Santee,SC,29142,,,,,,,,,No,,,,,,,,,,,,,,,,,,,,,,,,,,,,,
Dan McAnnar,,2559,,,8438137480,,,,1121 Whisperwood Rd,,Cameron,SC,29030,,,,,,,,,No,,,,,,,,,,,,,,,,,,,,,,,,,,,,,
Dan Womack,,1642,,,8036824823,,,,116 Chicora Wood Ct,,Orangeburg,SC,,,,,,,,,,No,,,,,,,,,,,,,,,,,,,,,,,,,,,,,
Dana Carter,,1736,,,8437092783,,,,199 Santee Lumber Ln.,,Santee,SC,29142,,,,,,,,,No,,,,,,,,,,,,,,,,,,,,,,,,,,,,,
Dana Ellis,,8392,Dana,Ellis,(413) 464-5152,dellis5272@yahoo.com,,,233 2nd St,,Santee,South Carolina,29142-8840,,,,,,,,,Yes,,,,,,,,,,,,,,,,,,,,,,,,,,,,,
Dana Smoak,,569,,,8038293048,,,,421 Dibble St.,,Bowman,SC,29018,,,,,,,,,No,,,,,,,,,,,,,,,,,,,,,,,,,,,,,
Dana Suttle,,6164,Dana,Suttle,(864) 399-3189,,,,131 Saluda Drive,,Santee,SC,29142,,,,,,,"#fiberCustomer, #residential",,Yes,,,7721,,,,,,,,,,,,,,,,,,,,,,,,,,
Dana Williams,,5881,Dana,Williams,(803) 707-8282,,,,439 Santee Drive,,Santee,SC,29142,,,,,,,"#fiberCustomer, #residential",,Yes,,,,,,,,,,,,,,,,,,,,,,,,,,,,,
Dane Felder,,5772,,,8036829528,,,,146 gerber lane,,Santee,SC,29142,,,,,,,,,No,,,,,,,,,,,,,,,,,,,,,,,,,,,,,
Dane Murray,,4864,,,8435631572,,,,195 East Main St,,Harleyville,SC,29448,,,,,,,,,No,,,,,,,,,,,,,,,,,,,,,,,,,,,,,
Dangerfield Engeering,,4650,,,8033541393,,,,1250 Brickle St,,Orangeburg,SC,29118,,,,,,,,,No,,,,,,,,,,,,,,,,,,,,,,,,,,,,,
Daniel & Roxanne Brown,,4115,,,8346702922,,,,161 Hecar Dr,,Bowman,SC,29018,,,,,,,,,No,,,,,,,,,,,,,,,,,,,,,,,,,,,,,
Daniel Beckman,,8069,Daniel,Beckman,(240) 274-4736,,,,420 Santee Drive,,Santee,SC,29142,,,,,,,"#fiberCustomer, #residential",,Yes,,,,,,,,,,,,,,,,,,,,,,,,,,,,,
Daniel Dougherty,,8455,Daniel,Dougherty,(615) 557-7042,ddough42@gmail.com,,,764 Striped Bass Ct,,Santee,SC,29142,,,,,,,,,Yes,,,,,,,,,,,,,,,,,,,,,,,,,,,,,
Daniel Hartzog,,4072,,,8036714622,,,,776 Old Salem Rd,,Barnwell,SC,,,,,,,,,,No,,,,,,,,,,,,,,,,,,,,,,,,,,,,,
Daniel J Devine,,4533,,,8036823787,,,,135 Schwartz Drive,,HollyHill,SC,29059,,,,,,,,,No,,,,,,,,,,,,,,,,,,,,,,,,,,,,,
Daniel Keller,,5286,Daniel,Keller,(803) 747-4456,,,,9373 Old Number 6 Hwy,,Santee,SC,,,,,,,,,,No,,,,,,,,,,,,,,,,,,,,,,,,,,,,,
Daniel Kemmerlin,,5516,,,8033089746,,,,190 Pepsie Street,,Orangeburg,SC,29115,,,,,,,,,No,,,,,,,,,,,,,,,,,,,,,,,,,,,,,
Daniel Lopez,,3769,,,,,,,2208 Slab Landing Road,,Neeses,SC,29107,,,,,,,,,No,,,,,,,,,,,,,,,,,,,,,,,,,,,,,
Daniel Lopez,,3499,,,8033872767,,,,2208 slab landing rd,,Neeses,SC,29107,,,,,,,,,No,,,,,,,,,,,,,,,,,,,,,,,,,,,,,
Daniel McMahon,,1402,,,8038974681,,,,2826 Cleveland St,,Elloree,SC,29047,,,,,,,,,No,,,,,,,,,,,,,,,,,,,,,,,,,,,,,
Daniel Parler,,1652,,,8033787692,,,,1175 Midway road,,Elloree,SC,29047,,,,,,,,,No,,,,,,,,,,,,,,,,,,,,,,,,,,,,,
Daniel Swisher,,3851,,,3047022997,,,,901 Middle Williow RD,,Aiken,SC,29107,,,,,,,,,No,,,,,,,,,,,,,,,,,,,,,,,,,,,,,
Daniel Tweito,,5525,,,8036032201,,,,,,,,,,,,,,,,,No,,,,,,,,,,,,,,,,,,,,,,,,,,,,,
Daniel Weigand,,5584,Daniel,Weigand,8036146318,,,,118 Broad River Dr,,Santee,SC,29142,,,,,,,"#fiberCustomer, #residential",,No,,,,,,,,,,,,,,,,,,,,,,,,,,,,,
Daniel's Pharmacy,,64,,,,,,,P.O. Box 310,,Norway,SC,29113,,,,,,,,,No,,,,,,,,,,,,,,,,,,,,,,,,,,,,,
Danielle Larson,,4325,,,6054842014,,,,129 Ballard Lane,,Santee,SC,29142,,,,,,,,,No,,,,,,,,,,,,,,,,,,,,,,,,,,,,,
Danielle Mack,,6073,Danielle,Mack,(803) 308-3234,,,,,,,,,,,,,,,,,Yes,,,,,,,,,,,,,,,,,,,,,,,,,,,,,
Danielle Matascik,,5634,Danielle,Matascik,7245136736,,,,1035 Deer Trail Road,,Santee,SC,29142,,,,,,,,,No,,,,,,,,,,,,,,,,,,,,,,,,,,,,,
Danielle Richbury,,5447,,,8035962065,,,,141 Project Road ,,Bowman,SC,29018,,,,,,,,,No,,,,,,,,,,,,,,,,,,,,,,,,,,,,,
Danielle Scarletta,,6282,Danielle,Scarletta,(513) 255-7179,,,,1110 Moultrie Dr,,Santee,SC,29142,,,,,,,"#fiberCustomer, #residential",,Yes,,,,,,,,,,,,,,,,,,,,,,,,,,,,,
Danielle Shelly,,7827,Danielle,Shelly,(707) 771-1925,,,,137 3rd Street,,Santee,SC,29142,,,,,,,"#fiberCustomer, #residential",,Yes,,,,,,,,,,,,,,,,,,,,,,,,,,,,,
Danielle Smith,,3860,,,8433127080,,,,118 Second Steet,,Eutawville,SC,29048,,,,,,,,,No,,,,,,,,,,,,,,,,,,,,,,,,,,,,,
Danisha Reed,,732,,,8033785752,,,,123 Cream Puff Circle,,Elloree,SC,29047,,,,,,,,,No,,,,,,,,,,,,,,,,,,,,,,,,,,,,,
Dann Thomas,,5792,,,8038266389,,,,32 Bluebird Trail,,St matthews,SC,29135,,,,,,,,,No,,,,,,,,,,,,,,,,,,,,,,,,,,,,,
Dannette Reed,,5804,,,8036820773,,,,1875 Tractor Rd,,Bamberg,SC,29003,,,,,,,,,No,,,,,,,,,,,,,,,,,,,,,,,,,,,,,
Danny Canady,,6007,Danny Canady,,(803) 308-7175,Dannycanady96@gmail.com,,Home,405 Santee Drive,,Santee,SC,29142,,,,,,,"#fiberCustomer, #residential",,Yes,,,,,,,,,,,,,,,,,,,,,,,,,,,,,
Danny Carson,,625,,,8036822610,,,,209 Old River Rd,,Elloree,SC,29047,,,,,,,,,No,,,,,,,,,,,,,,,,,,,,,,,,,,,,,
Danny Cumbee ,,4329,Danny,Cumbee ,(803) 682-5512,,,,350 chapel creek dr,,Santee,SC,29042,,,,,,,,,No,,,,,,,,,,,,,,,,,,,,,,,,,,,,,
Danny Philpot,,6189,Danny,Philpot,(803) 682-2683,,,,,,,,,,,,,,,,,Yes,,,,,,,,,,,,,,,,,,,,,,,,,,,,,
Danny Schofield,,8143,Danny,Schofield,(843) 469-9374,bafuboon@live.com,,,117 Ballard Lane,,Santee,SC,29142,,,,,,,,,Yes,,,,,,,,,,,,,,,,,,,,,,,,,,,,,
Danny Weathers,,2704,,,8032748174,,,,1604 Classic Rd,,Branchville ,SC,29432,,,,,,,,,No,,,,,,,,,,,,,,,,,,,,,,,,,,,,,
Danny Williams,,5591,,,8035363022,,,,,,,,,,,,,,,,,No,,,,,,,,,,,,,,,,,,,,,,,,,,,,,
Dantzler Farms,,464,Dantzler,Farms,8034963395,,,,2344 Bonner Ave   ,,Santee,SC,29142,,,,,,,,,No,,,,,,,,,,,,,,,,,,,,,,,,,,,,,
Dantzler Farms (Gina Dantzler),,2172,Dantzler,Farms (Gina Dantzler),(803) 496-4400,,,,140 Chamblee Ln.,,Santee,SC,29142,,,,,,,,,No,,,,,,,,,,,,,,,,,,,,,,,,,,,,,
Danyell Dowling,,1069,,,8435096623,,,,125 Elaine Dr,,Elloree,SC,29047,,,,,,,,,No,,,,,,,,,,,,,,,,,,,,,,,,,,,,,
Daren Fanning,,5860,Daren,Fanning,(803) 682-5226,,,,180 Walsh Rd,,Neeses,SC,29107,,,,,,,,,No,,,,,,,,,,,,,,,,,,,,,,,,,,,,,
Darius Williams,,7863,Darius,Williams,(803) 707-9399,,,,211 New Meadow Drive,,Reevesville,SC,29471,,,,,,,,,Yes,,,,,,,,,,,,,,,,,,,,,,,,,,,,,
Darla Buwalda,,5963,Darla,Buwalda,(803) 571-1313,,,,126 Sandy Meadow Lane,,Barnwell,SC,29812,,,,,,,,,Yes,,,,,,,,,,,,,,,,,,,,,,,,,,,,,
Darla Ott,,1358,Darla,Ott,8039286489,,,,7112 Charleston hwy,P.O. box 676,Bowman,SC,29018,,,,,,,,,No,,,,,,,,,,,,,,,,,,,,,,,,,,,,,
Darleen Wornick,,2572,,,8035365347,,,,4211 Cannon Bridge Road,,Cope ,SC,29038,,,,,,,,,No,,,,,,,,,,,,,,,,,,,,,,,,,,,,,
Darlene Falso,,7870,Darlene,Falso,(315) 368-8190,Defalso5@gmail.com,,,456 Delk Avenue,,Barnwell,SC,29812,,,,,,,,,Yes,,,,,,,,,,,,,,,,,,,,,,,,,,,,,
Darlene Heaton,,4253,Darlene,Heaton,8037478578,,,,387 Barkley Street,,Elloree,SC,29047,,,,,,,,,No,,,,,,,,,,,,,,,,,,,,,,,,,,,,,
Darlene Holt,,879,,,8038291711,,,,527 Dibble Street,,Bowman,SC,29018,,,,,,,,,No,,,,,,,,,,,,,,,,,,,,,,,,,,,,,
Darlene Jefferson,,5504,,,8039749295,,,,3251 Tee Vee Road,,Santee ,SC,29142,,,,,,,,,No,,,,,,,,,,,,,,,,,,,,,,,,,,,,,
Darlene M. Taylor,,4611,,,8036714885,,,,284 Creech rd,,Barnwell,SC,29812,,,,,,,,,No,,,,,,,,,,,,,,,,,,,,,,,,,,,,,
Darlene Polin,,1091,,,8038291593,,,,527 Dibble Street,,Bowman,SC,29018,,,,,,,,,No,,,,,,,,,,,,,,,,,,,,,,,,,,,,,
Darlene Smith-Haynes,,8411,Darlene,Smith-Haynes,(803) 290-4889,DarlenevSmith@yahoo.com,,Home,516 Palmetto Pkwy,,Orangeburg,South Carolina,29115-2764,,,,,,,,,Yes,,,,,,,,,,,,,,,,,,,,,,,,,,,,,
Darline Scott,,432,,,8038540118,,,,322 Broad River Dr,,Santee,SC,29142,,,,,,,"#fiberCustomer, #residential",,No,,,,,,,,,,,,,,,,,,,,,,,,,,,,,
Daron Matayabas,,8045,Daron,Matayabas,(843) 452-0326,Matayabas.dw@gmail.com,,,6095 Old Number Six Highway,,Elloree,SC,29047,,,,,,,,,Yes,,,,,,,,,,,,,,,,,,,,,,,,,,,,,
Darrel Anderson,,3065,,,8038971029,,,,103 Red Cyprus Landing,,Elloree ,SC,29047,,,,,,,,,No,,,,,,,,,,,,,,,,,,,,,,,,,,,,,
Darrell Klauck,,6024,Darrell,Klauck,(907) 744-6091,,,,435 East Barkley Street,,Elloree,SC,29047,,,,,,,,,Yes,,,,,,,,,,,,,,,,,,,,,,,,,,,,,
Darrell W. Manning,,5475,,,8283171060,,,,375 Hunger piller st,,Elloree,SC,,,,,,,,,,No,,,,,,,,,,,,,,,,,,,,,,,,,,,,,
Darryl  R. Rivers,,8425,Darryl ,River,(803) 496-4941,darrylrivers13@gmail.com,,,166 Edisto Dr,,Santee,South Carolina,29142-9403,,,,,,,,,Yes,,,,,,,,,,,,,,,,,,,,,,,,,,,,,
Darryl Rivers,,4175,,,8037591011,,,,1719 Midway Road,,Cameron,SC,29030,,,,,,,,,No,,,,,,,,,,,,,,,,,,,,,,,,,,,,,
Daryl,,1593,,,8433240130,,,,,,,,,,,,,,,,,No,,,,,,,,,,,,,,,,,,,,,,,,,,,,,
Daryl Elmore,,4028,,,8036148393,,,,202 Johnson Dr,,Santee,SC,29142,,,,,,,,,No,,,,,,,,,,,,,,,,,,,,,,,,,,,,,
Davanian Murray,,4932,,,8033473546,,,,1651 John Wesley dr,,Orangeburg ,SC,29118,,,,,,,,,No,,,,,,,,,,,,,,,,,,,,,,,,,,,,,
Dave Cenkner,,8053,Pam,Cenkner,(843) 367-5830,pjcenkner@msn.com,,,614 Santee Drive,,Santee,SC,29142,,,,,,,"#fiberCustomer, #residential",,Yes,,,,,,,,,,,,,,,,,,,,,,,,,,,,,
Dave Dulany,,8171,Dave,Dulany,(843) 816-3578,Dsquared29910dave@yahoo.com,,,140 Edisto Drive,,Santee,SC,29142,,,,,,,,,Yes,,,,,,,,,,,,,,,,,,,,,,,,,,,,,
Davett Stukes,,656,,,8036823195,,,,6940 Old Number Six Hwy,,Elloree,SC,29047,,,,,,,,,No,,,,,,,,,,,,,,,,,,,,,,,,,,,,,
David & Laurie Whitehead CPA,,4498,,,8034967366,,,,P.O. Box 357,,Holly Hill,SC,29059,,,,,,,,,No,,,,,,,,,,,,,,,,,,,,,,,,,,,,,
David & Lisa Felder,,2166,David,& Lisa Felder,(803) 290-4604,,,,809 Dibble St,,Bowman,SC,,,,,,,,,,No,,,,,,,,,,,,,,,,,,,,,,,,,,,,,
David & Ruth Osteen,,5811,,,8036699502,,,,3119 old number six hwy,,Elloree,SC,,,,,,,,,,No,,,,,,,,,,,,,,,,,,,,,,,,,,,,,
David and Cathleen Walters,,5705,Cathleen,Walters,(843) 817-2245,,,Owned,341 Green Street,,Santee,SC,29142,David,Walters,(843) 276-0679,,,,"#fiberCustomer, #residential",,No,,,,,,,,,,,,,,,,,,,,,,,,,,,,,
David Benninger,,5293,David,Benninger,8036621259,,,,104 Cooper Dr,,Santee,SC,,,,,,,,"#fiberCustomer, #residential",,No,,,,,,,,,,,,,,,,,,,,,,,,,,,,,
David Benninger ,,5378,,,,,,,,,,,,,,,,,,,,No,,,,,,,,,,,,,,,,,,,,,,,,,,,,,
David Berry,,815,David,Berry,8437012768,,,,520 Friendship Rd.,,Reevesville,SC,,,,,,,,,,No,,,,,,,,,,,,,,,,,,,,,,,,,,,,,
David Bochette,,4284,,,8438268271,,,,2433 old state road,,Cameron,SC,,,,,,,,,,No,,,,,,,,,,,,,,,,,,,,,,,,,,,,,
David Bulick,,8417,David,Bulick,(843) 817-2700,dbul2112@gmail.com,,,50 Andre Michaux Rd,,Santee,South Carolina,29142-8303,,,,,,,,,Yes,,,,,,,,,,,,,,,,,,,,,,,,,,,,,
David Bull,,2608,David,Bull,8037071934,,,,143 Kiefer Ct,,Cameron,SC,,,,,,,,,,No,,,,,,,,,,,,,,,,,,,,,,,,,,,,,
David Charls,,5831,,,8438139633,,,,132 Tall Tree Ln,,Cameron,SC,29030,,,,,,,,,No,,,,,,,,,,,,,,,,,,,,,,,,,,,,,
David Coates,,5452,David,Coates,8039844246,,,,470 Santee Dr,,Santee,SC,29142,,,,,,,"#fiberCustomer, #residential",,No,,,,,,,,,,,,,,,,,,,,,,,,,,,,,
David Crain,,8538,David,Crain,(843) 714-1285,wescrain@live.com,,,213 First St,,Santee,South Carolina,29142-8836,,,,,,,,,Yes,,,,,,,,,,,,,,,,,,,,,,,,,,,,,
David D. Hutson            ,,444,David,Hutson              ,(803) 496-4378,david@batesinsg.com,,,1170 Avinger Dr             ,,Vance,SC,29163,,,,,,,,,No,,,,,,,,,,,,,,,,,,,,,,,,,,,,,
David Daniels,,2213,,,8038973062,,,,352 E. Hampton,,Elloree,SC,29047,,,,,,,,,No,,,,,,,,,,,,,,,,,,,,,,,,,,,,,
David Dees,,2550,David,Dees,(803) 387-1524,,,,127 Patro Lane,,Cameron,SC,29030,,,,,,,,,No,,,,,,,,,,,,,,,,,,,,,,,,,,,,,
David Fredericks,,4490,,,3522092283,,,,193 Ballard Court,,Santee,SC,29142,,,,,,,,,No,,,,,,,,,,,,,,,,,,,,,,,,,,,,,
David Goldmintz,,4830,David,Goldmintz,8437549899,,,,4135 Nesses hwy,,Nesses,SC,,,,,,,,,,No,,,,,,,,,,,,,,,,,,,,,,,,,,,,,
David Gulley,,4145,,,8037071066,,,,100 KillDeer Court,,Cameron,SC,29030,,,,,,,,,No,,,,,,,,,,,,,,,,,,,,,,,,,,,,,
David Gurganus,,1810,,,8038292363,,,,561 Wintercreek rd,,Bowman,SC,,,,,,,,,,No,,,,,,,,,,,,,,,,,,,,,,,,,,,,,
David Haddock,,6336,David,Haddock,(359) 699-7980,,,,4460 Deerfield Drive,,Orangeburg,SC,29118,,,,,,,,,Yes,,,,,,,,,,,,,,,,,,,,,,,,,,,,,
David Heffner,,3368,,,8035313969,,,,1851 Taylor Blvd,,Orangeburg,SC,29118,,,,,,,,,No,,,,,,,,,,,,,,,,,,,,,,,,,,,,,
David Heilman,,8327,David,Heilman,(843) 452-9599,david@wappoofinancialgroup.com,,,601 Ballard Ln,,Santee,South Carolina,29142-8561,,,,,,,,,Yes,,,,,,,,,,,,,,,,,,,,,,,,,,,,,
David Henrich,,5575,,,8037280094,,,,195 Ballard Lane,,Santee,SC,29142,,,,,,,,,No,,,,,,,,,,,,,,,,,,,,,,,,,,,,,
David Hewett,,4560,David,Hewett,(803) 854-4694,,,,1020 Moultrie Dr,,Santee,South Carolina,29142-9461,,,,,,,,,No,,,,,,,,,,,,,,,,,,,,,,,,,,,,,
David J. Willi,,4178,,,8439065077,,,,251 Delk Avenue,,Hilda,SC,29813,,,,,,,,,No,,,,,,,,,,,,,,,,,,,,,,,,,,,,,
David Johnson,,1594,,,8038971158,,,,4533 Cleveland St,,Elloree,SC,,,,,,,,,,No,,,,,,,,,,,,,,,,,,,,,,,,,,,,,
David Johnson,,1253,,,8439060614,,,,286 Ibis Point Road,,Santee,SC,29142,,,,,,,,,No,,,,,,,,,,,,,,,,,,,,,,,,,,,,,
David Johnson,,453,,,8033312291,,,,461 Palmwood St      ,,Santee,SC,29142,,,,,,,,,No,,,,,,,,,,,,,,,,,,,,,,,,,,,,,
David Kay,,594,,,8038544411,,,,122 Wateree Dr,,Santee,SC,29142,,,,,,,"#fiberCustomer, #residential",,No,,,,,,,,,,,,,,,,,,,,,,,,,,,,,
David L Walters,,2877,David,L Walters,8435632405,,,,402 Rigby St,,Reevesville,SC,29471,,,,,,,,,No,,,,,,,,,,,,,,,,,,,,,,,,,,,,,
David Linard,,3158,,,3013677281,,,,113 Red Cyprus Landing,,Elloree,SC,29047,,,,,,,,,No,,,,,,,,,,,,,,,,,,,,,,,,,,,,,
David Linder,,5614,,,,,,,1310 Silversprings Rd, ,Livingston,SC,,,,,,,,,,No,,,,,,,,,,,,,,,,,,,,,,,,,,,,,
David Madden,,1660,,,8034606038,,,,8010 Old State Rd,,Cameron,SC,29030,,,,,,,,,No,,,,,,,,,,,,,,,,,,,,,,,,,,,,,
David McCall,,1991,David,McCall,8035338513,,,,331 Brookside NW,,Orangeburg,SC,29115,,,,,,,,,No,,,,,,,,,,,,,,,,,,,,,,,,,,,,,
David Mcdonough,,5036,David,Mcdonough,(843) 514-9106,,,,456 Santee Drive,,Santee,SC,,,,,,,,"#fiberCustomer, #residential",,No,,,,,,,,,,,,,,,,,,,,,,,,,,,,,
David Molinaro,,4945,,,5126906544,,,,,,,,,,,,,,,,,No,,,,,,,,,,,,,,,,,,,,,,,,,,,,,
David Osteen,,7943,David,Osteen,(423) 560-0035,HandymanDavidjr@yahoo.com,,,228 1st Street,,Santee,SC,29142,,,,,,,"#residential, #fiberCustomer",,Yes,,,,,,,,,,,,,,,,,,,,,,,,,,,,,
David Pauling,,1778,,,8038972104,,,,775 Hardware St,,Elloree,SC,,,,,,,,,,No,,,,,,,,,,,,,,,,,,,,,,,,,,,,,
David Pendarvis,,2558,,,8038292031,,,,306 Country Rd,,Bowman,SC,29018,,,,,,,,,No,,,,,,,,,,,,,,,,,,,,,,,,,,,,,
David Pendarvis,,807,,,8038291231,,,,5877 Charleston Hwy,,Bowman,SC,29018,,,,,,,,,No,,,,,,,,,,,,,,,,,,,,,,,,,,,,,
David Pendarvis,,3599,,,8038370364,,,,147 Country Rd,,Bowman,SC,29018,,,,,,,,,No,,,,,,,,,,,,,,,,,,,,,,,,,,,,,
David Phillips,,8209,David,Phillips,(843) 830-9326,Chiefdnp@aol.com,,Service,5 Andre Michaux Road,,Santee,SC,29142,,,,,,,,,Yes,,,,,,,,,,,,,,,,,,,,,,,,,,,,,
David Price,,2500,,,8038232041,,,,5395 Cameron Rd      ,,Cameron,SC,,,,,,,,,,No,,,,,,,,,,,,,,,,,,,,,,,,,,,,,
David Pruett,,5376,David,Pruett,8437938063,,,,109 Santee Cooper Anx,,Santee,SC,,,,,,,,,,No,,,,,,,,,,,,,,,,,,,,,,,,,,,,,
David Rawlinson,,5991,David,Ralwinson,(803) 417-8239,,,,116 Broad River Drive,,Santee,SC,29142,,,,,,,"#fiberCustomer, #residential",,Yes,,,,,,,,,,,,,,,,,,,,,,,,,,,,,
David Reynolds,,2833,David,Reynolds,(843) 261-3554,,,,8237 Old State Rd,,Cameron,SC,29030,,,,,,,,,No,,,,,,,,,,,,,,,,,,,,,,,,,,,,,
David Sebastian,,8594,David,Sebastian,(845) 857-5241,Iamsebastian2001@gmail.com,,,4 Andre Michaux Road,,Santee,SC,29142,,,,,,,,,Yes,,,,,,,,,,,,,,,,,,,,,,,,,,,,,
David Smart,,716,,,8034965831,,,,142 Soybean Drive,,Holly Hill,SC,29059,,,,,,,,,No,,,,,,,,,,,,,,,,,,,,,,,,,,,,,
David Smith,,439,,,8034928240,,,,443 Acme Street                ,,Eutawville,SC,29048,,,,,,,,,No,,,,,,,,,,,,,,,,,,,,,,,,,,,,,
David Stark,,5535,David,Stark,8432001445,,,New Home,108 Broad River Drive,,Santee,SC,29142,Lauree,Stark,(843) 991-2509,,,,"#fiberCustomer, #residential",,No,,,,,,,,,,,,,,,,,,,,,,,,,,,,,
David Talley,,470,,,8038545700,,,,128 Wateree Dr.,,Santee,SC,,,,,,,,"#fiberCustomer, #residential",,No,,,,,,,,,,,,,,,,,,,,,,,,,,,,,
David Weathers,,620,,,8034963459,,,,124 Isgett Lane,,Holly Hill,SC,29059,,,,,,,,,No,,,,,,,,,,,,,,,,,,,,,,,,,,,,,
David Williams,,4156,,,8037070330,,,,121 Balloon Lane,,Orangeburg,SC,29115,,,,,,,,,No,,,,,,,,,,,,,,,,,,,,,,,,,,,,,
David Williams ,,4267,,,8034509338,,,,1334 highway 304,,Blackville,SC,29817,,,,,,,,,No,,,,,,,,,,,,,,,,,,,,,,,,,,,,,
David Willison,,7927,David,Willison,(843) 696-9057,,,,261 Ballard Lane,,Santee,SC,29142,Kelly,Willison,(803) 203-9323,,,,,,Yes,,,,,,,,,,,,,,,,,,,,,,,,,,,,,
Davis Burney,,5165,Davis,Burney,8038549696,,,,451 Santee Dr ,,Santee,SC,,,,,,,,"#fiberCustomer, #residential",,No,,,,,,,,,,,,,,,,,,,,,,,,,,,,,
Davis Electronics,,4514,,,8036640074,,,,2809 Norway Road,,Neeses Sc,,29107,,,,,,,,,No,,,,,,,,,,,,,,,,,,,,,,,,,,,,,
Davis Law Firm,,65,Davis,Law Firm,(803) 531-3888,,,,149 Centre St,,Orangeburg,SC,29115,,,,,,,,,No,,,,,,,,,,,,,,,,,,,,,,,,,,,,,
Dawann Gadson,,461,,,8034962893,,,,164 Bridle Path Rd             ,,Vance,SC,29163,,,,,,,,,No,,,,,,,,,,,,,,,,,,,,,,,,,,,,,
Dawn Kellerman,,6236,Dawn,Kellerman,(732) 379-7438,,,,434 Santee Drive,,Santee,SC,29142,,,,,,,"#fiberCustomer, #residential",,Yes,,,,,,,,,,,,,,,,,,,,,,,,,,,,,
Daynisha Greene    ,,1860,Daynisha,Greene    ,(803) 974-0096,,,,746 Linwood St,,Elloree,SC,29142,,,,,,,,,No,,,,,,,,,,,,,,,,,,,,,,,,,,,,,
Days Inn ,,1019,,,8035340500,,,,3840 Marie St,,Orangeburg,SC,29115,,,,,,,,,No,,,,,,,,,,,,,,,,,,,,,,,,,,,,,
Days Inn (by I-26),,3742,,,8035340500,,,,3402 Five Chop Rd,,Orangeburg,SC,29115,,,,,,,,,No,,,,,,,,,,,,,,,,,,,,,,,,,,,,,
Days Inn by Wyndham ,,8519,Bobby,,(864) 223-1818,daysinnofgreenwood@yahoo.com,,,233 Birchtree Dr,,Greenwood,SC,29649,,,,,,,,,Yes,,,,,,,,,,,,,,,,,,,,,,,,,,,,,
DBCS LLC,,3437,,,,,,,131 Poplar St, RM 114,Bowman,SC,,,,,,,,,,No,,,,,,,,,,,,,,,,,,,,,,,,,,,,,
DCWA,,5339,,,,,,,967 Orangebug rd,,Summervile ,SC,29483,,,,,,,,,No,,,,,,,,,,,,,,,,,,,,,,,,,,,,,
Dealer Speciality of SC,,5264,Leroy,Jordan,(843) 693-2071,,,,2420 Slab Landing,,Orangeburg,SC,,,,,,,,,,No,,,,,,,,,,,,,,,,,,,,,,,,,,,,,
Dean Flansburg,,5183,Dean,Flansburg,8035348742,,,,1579 Marshall St,,,SC,,,,,,,,,,No,,,,,,,,,,,,,,,,,,,,,,,,,,,,,
Dean Hutto,,4258,,,8034964479,,,,444 Shulerbelt rd,,Holly Hill,SC,29059,,,,,,,,,No,,,,,,,,,,,,,,,,,,,,,,,,,,,,,
Deandra Butler,,5960,Deandra,Butler,(803) 308-1290,,,Home,135 Topeka Lane,,Holly Hill,SC,29059,,,,,,,,,Yes,,,,,,,,,,,,,,,,,,,,,,,,,,,,,
Deandra Seaberry,,5232,,,8033081290,,,,135 Topeka Lane,,Holly Hill,SC,,,,,,,,,,No,,,,,,,,,,,,,,,,,,,,,,,,,,,,,
Deandrea Brown,,5051,,,8039741145,,,,292 Rexford ct,,Santee,SC,,,,,,,,,,No,,,,,,,,,,,,,,,,,,,,,,,,,,,,,
Deandrea Joe,,4969,,,8436701614,,,,804 Representive Circle,,Orangeburg,SC,,,,,,,,,,No,,,,,,,,,,,,,,,,,,,,,,,,,,,,,
Deans LTD,,1366,,,8035366902,,,,1185 Russel St,,Orangeburg,SC,29118,,,,,,,,,No,,,,,,,,,,,,,,,,,,,,,,,,,,,,,
Deans Personal Care & Companion Services,,8463,Leonard,Lawrence,(803) 378-0654,lenny_lawrence1@yahoo.com,,,1591 Amelia St,,Orangeburg,South Carolina,29115-6076,,,,,,,,,Yes,,,,,,,,,,,,,,,,,,,,,,,,,,,,,
Debbie  Beach,,1210,,,8038374101,,,,5483 Old Number Six Hwy,,Elloree,SC,29047,,,,,,,,,No,,,,,,,,,,,,,,,,,,,,,,,,,,,,,
Debbie Ardis,,564,,,8034969119,,,,216 Corsica Ct.,,Holly Hill,SC,29059,,,,,,,,,No,,,,,,,,,,,,,,,,,,,,,,,,,,,,,
Debbie Bennett,,974,,,8039749242,,,,2851 cleveland St,,Elloree,SC,29047,,,,,,,,,No,,,,,,,,,,,,,,,,,,,,,,,,,,,,,
Debbie Braswell,,2755,,,8034131166,,,,1083 Roquemore Drive,,Orangeburg,SC,,,,,,,,,,No,,,,,,,,,,,,,,,,,,,,,,,,,,,,,
Debbie Braswell ,,3571,,,9048689909,,,,950 Chestnut,,Orangeburg,SC,29115,,,,,,,,,No,,,,,,,,,,,,,,,,,,,,,,,,,,,,,
Debbie Davis,,2577,Debbie,Davis,(803) 707-2019,,,,591 Candlewood Ct,,Bowman,SC,29018,,,,,,,,,No,,,,,,,,,,,,,,,,,,,,,,,,,,,,,
Debbie Glover,,1782,,,8038293856,,,,512 Country Rd.,,Bowman,SC,,,,,,,,,,No,,,,,,,,,,,,,,,,,,,,,,,,,,,,,
Debbie Hagan,,5572,,,3865309970,,,,124 Cooper Dr,,Santee,SC,29142,,,,,,,"#fiberCustomer, #residential",,No,,,,,,,,,,,,,,,,,,,,,,,,,,,,,
Debbie L. Greene,,4891,,,8036640343,,,,59 Nighthawk Lane,,Cameron,SC,29135,,,,,,,,,No,,,,,,,,,,,,,,,,,,,,,,,,,,,,,
Debbie Mack,,2930,,,8038266210,,,,91 Zeagler Rd,,Cameron ,SC,29030,,,,,,,,,No,,,,,,,,,,,,,,,,,,,,,,,,,,,,,
Debbie Martin,,436,Debbie,Martin,(843) 291-8313,,,,328 Lanier Rd                         ,,Holly Hill,SC,29059,Ashlee,Gainey,(843) 291-8313,,Daughter,,,,No,,,,,,,,,,,,,,,,,,,,,,,,,,,,,
Debbie O'Neil,,5654,Debbie,O'Neil,(864) 804-3894,,,,109 Wateree Dr,,Santee,SC,29142,,,,,,,"#fiberCustomer, #residential",,No,,,,,,,,,,,,,,,,,,,,,,,,,,,,,
Debbie Ott,,3602,,,8035364790,,,,1264 Moore Rd,,Orangeburg,SC,29118,,,,,,,,,No,,,,,,,,,,,,,,,,,,,,,,,,,,,,,
Debbie Rivers,,2330,,,8039373101,,,,129 Frazier Lane,,Cordova ,SC,29039,,,,,,,,,No,,,,,,,,,,,,,,,,,,,,,,,,,,,,,
Debbie Rowland,,5404,,,,,,,377 sleepy hollow rd,,Cameron,,,,,,,,,,,No,,,,,,,,,,,,,,,,,,,,,,,,,,,,,
Debbie Walters,,634,,,8435633800,,,,201 Harley Rd,,Reevesville,SC,29471,,,,,,,,,No,,,,,,,,,,,,,,,,,,,,,,,,,,,,,
Debbie Webb,,8431,Debbie,Webb,(724) 596-0520,Debbiewebb740@gmail.com,,,410 Santee Dr,,Santee,South Carolina,29142-9305,,,,,,,,,Yes,,,,,,,,,,,,,,,,,,,,,,,,,,,,,
Debby Beener,,3960,,,8037071977,,,,1724 Old Riley Street,,Orangeburg,SC,29118,,,,,,,,,No,,,,,,,,,,,,,,,,,,,,,,,,,,,,,
Debi Hagen,,5553,,,3865309770,,,,124 Cooper Dr,,Santee,SC,29142,,,,,,,"#fiberCustomer, #residential",,No,,,,,,,,,,,,,,,,,,,,,,,,,,,,,
Debora Johnson,,7829,Debora,Johnson,(803) 707-3981,Debora.47@hotmail.com,,,280 Laura Street,,Bowman,SC,29018,,,,,,,,,Yes,,,,,,,,,,,,,,,,,,,,,,,,,,,,,
Deborah Allison,,3031,,,8035314959,,,,113 Mozel Ln,,Bowman,SC,29018,,,,,,,,,No,,,,,,,,,,,,,,,,,,,,,,,,,,,,,
Deborah Bennett,,4900,Deborah,Bennett,8438226698,,,,32 Andre Muchex Road,,Santee,SC,29142,,,,,,,,,No,,,,,,,,,,,,,,,,,,,,,,,,,,,,,
Deborah Blodgett,,8185,Deborah,Blodgett,(240) 298-6144,dlb_ldb@yahoo.com,,,154 Acorn Ln,,Santee,SC,29142,,,,,,,,,Yes,,,,,,,,,,,,,,,,,,,,,,,,,,,,,
Deborah Carrington,,3013,,,8037079522,,,,664 Camp Rd,,,SC,,,,,,,,,,No,,,,,,,,,,,,,,,,,,,,,,,,,,,,,
Deborah Cole,,2061,Deborah,Cole,8035151768,,,,4629 Cleveland Street,,Elloree,SC,29047,,,,,,,,,No,,,,,,,,,,,,,,,,,,,,,,,,,,,,,
Deborah Daniels,,4635,,,,,,,352 Hampton St   ,,Elloree      ,SC,29047,,,,,,,,,No,,,,,,,,,,,,,,,,,,,,,,,,,,,,,
Deborah Gerrald,,4125,,,8035314443,,,,231 Asberry Ct,,Holly Hill,SC,29059,,,,,,,,,No,,,,,,,,,,,,,,,,,,,,,,,,,,,,,
Deborah Gibbs,,6329,Deborah,gibbs,(404) 869-8831,,,Home,163 Brock Drive,,Eutawville,SC,29048,,,,,,,,,Yes,,,,,,,,,,,,,,,,,,,,,,,,,,,,,
Deborah Holladay,,6151,Deborah,Holladay,(803) 759-1791,holladay87@yahoo.com,,,140 Wateree Drive,,Santee,SC,29142,,,,,,,"#fiberCustomer, #residential",,Yes,,,,,,,,,,,,,,,,,,,,,,,,,,,,,
Deborah Housden,,3681,Deborah,Housden,8039740416,,,,230 Cooper Dr ,,Santee,SC,29142,,,,,,,"#fiberCustomer, #residential",,No,,,,,,,,,,,,,,,,,,,,,,,,,,,,,
Deborah Jenkins,,7820,Deborah,Jenkins,(818) 441-3786,debdebj@aol.com,,,10 Peter Colinson Road,,Santee,SC,29142,,,,,,,,,Yes,,,,,,,,,,,,,,,,,,,,,,,,,,,,,
Deborah M. Beatty,,7875,Deborah,M. Beatty,(862) 926-9677,,,,177 Mall Street,,Santee,SC,29118,,,,,,,,,Yes,,,,,,,,,,,,,,,,,,,,,,,,,,,,,
Deborah McMichaeux,,8055,Deborah ,McMichaeux,(704) 575-1542,dsmcmicheaux@gmail.com,,,12 Andre Michaux Road,,Santee,SC,29142,,,,,,,,,Yes,,,,,,,,,,,,,,,,,,,,,,,,,,,,,
Deborah Ravenell,,6056,Deborah,Ravenell,(803) 614-2044,,,,1915 Bonner Avenue,,Santee,SC,29142,,,,,,,,,Yes,,,,,,,,,,,,,,,,,,,,,,,,,,,,,
Deborah Roland,,5223,,,8038232155,,,,377 Sleepy Hollow Rd,,Cameron ,SC,29030,,,,,,,,,No,,,,,,,,,,,,,,,,,,,,,,,,,,,,,
Deborah Rose,,5529,Deborah,Rose,8036821927,,,,475 Santee Dr,,Santee,SC,29142,,,,,,,"#fiberCustomer, #residential",,No,,,,,,,,,,,,,,,,,,,,,,,,,,,,,
Deborah Ross  ,,4595,,,8038738212,,,,393 Wannamaker St   ,,Orangeburg ,SC,29115,,,,,,,,,No,,,,,,,,,,,,,,,,,,,,,,,,,,,,,
Deborah Shuler,,816,,,8038266404,,,,85 Albergotti Ln,,Elloree,SC,29047,,,,,,,,,No,,,,,,,,,,,,,,,,,,,,,,,,,,,,,
Deborah Shuler,,2282,,,8033607294,,,,85 Albergotti Lane,,Elloree,SC,29047,,,,,,,,,No,,,,,,,,,,,,,,,,,,,,,,,,,,,,,
Deborah Tyler,,3371,,,8038373111,,,,1709 Middle Willow Rd,,Norway,SC,,,,,,,,,,No,,,,,,,,,,,,,,,,,,,,,,,,,,,,,
Debra Frazier,,4293,,,8033784378,,,,393 Wannamaker St,,Orangeburg,SC,29115,,,,,,,,,No,,,,,,,,,,,,,,,,,,,,,,,,,,,,,
Debra Geddings,,1374,,,8038972383,,,,187 Sunset Dr,,Elloree,SC,29047,,,,,,,,,No,,,,,,,,,,,,,,,,,,,,,,,,,,,,,
Debra Gibson,,375,,,8034923465,,,,121 Lakeland Circle,,Santee,SC,29142,,,,,,,,,No,,,,,,,,,,,,,,,,,,,,,,,,,,,,,
Debra Giet,,8001,Debra,Giet,(843) 296-5971,Dgiet01@gmail.com,,,440 Chapel Creek Drive,,Santee,SC,29142,,,,,,,,,Yes,,,,,,,,,,,,,,,,,,,,,,,,,,,,,
Debra Hutto,,7970,Debra,Hutto,(843) 563-1361,,,,211 2nd Street,,Santee,SC,29142,,,,,,,"#fiberCustomer, #residential",,Yes,,,,,,,,,,,,,,,,,,,,,,,,,,,,,
Debra Jones,,5956,Debra,Jones,(803) 543-6115,,,,144 Oak Street,,Bowman,SC,29018,,,,,,,,,Yes,,,,,,,,,,,,,,,,,,,,,,,,,,,,,
Debra Lambrit,,695,,,8038549136,,,,821 Antioch Rd,,Santee,SC,29142,,,,,,,,,No,,,,,,,,,,,,,,,,,,,,,,,,,,,,,
Debra Reisert,,344,,,3524455470,,,,696 Picket Level Rd.,,Elloree,SC,29047,,,,,,,,,No,,,,,,,,,,,,,,,,,,,,,,,,,,,,,
Debra Shuler ,,2288,,,,,,,5 Albergotti Lane,,Elloree,SC,29047,,,,,,,,,No,,,,,,,,,,,,,,,,,,,,,,,,,,,,,
Debra Smoak,,4739,,,8037072445,,,,3830 Neeses Highway,,Orangeburg,SC,29115,,,,,,,,,No,,,,,,,,,,,,,,,,,,,,,,,,,,,,,
Debra Walters,,2793,Debra,Walters,(843) 560-1909,,,,6680 Johnson Ave,,Reevesville,SC,29471,,,,,,,,,No,,,,,,,,,,,,,,,,,,,,,,,,,,,,,
Debra Wright,,1268,,,8038974620,,,,223 Sorin Cir,,Elloree,SC,29047,,,,,,,,,No,,,,,,,,,,,,,,,,,,,,,,,,,,,,,
Dedra Brown,,1208,,,8432913839,,,,1027 Pineland Rd,,Vance,SC,29163,,,,,,,,,No,,,,,,,,,,,,,,,,,,,,,,,,,,,,,
Dedra Washington-Sumpter,,2715,,,8033780258,,,,175 Spyglass Rd,,Santee,SC,29142,,,,,,,,,No,,,,,,,,,,,,,,,,,,,,,,,,,,,,,
Deidra Sumpter,,465,,,8034969757,,,,175 Spyglass Rd   ,,Santee,SC,29142,,,,,,,,,No,,,,,,,,,,,,,,,,,,,,,,,,,,,,,
Deidre Carr,,2142,,,8038378075,,,,269 Treadwell St.,,Orangeburg,SC,29115,,,,,,,,,No,,,,,,,,,,,,,,,,,,,,,,,,,,,,,
Deidre Oliver,,1331,,,8038972470,,,,111 Shady Park Lane,,Elloree,SC,29047,,,,,,,,,No,,,,,,,,,,,,,,,,,,,,,,,,,,,,,
Deirdre Hartzog,,3170,,,8432911205,,,,122 Railroad Ave,,Reevesville,SC,29471,,,,,,,,,No,,,,,,,,,,,,,,,,,,,,,,,,,,,,,
Deirdre Mack,,4908,,,8035088638,,,,445 Dantzler st ,,Orangeburg,SC,,,,,,,,,,No,,,,,,,,,,,,,,,,,,,,,,,,,,,,,
Del Whittle,,4775,Del,Whittle,8038545054,,,,1055 Moultrie Dr,,Santee,SC,29142,,,,,,,"#fiberCustomer, #residential",,No,,,,,,,,,,,,,,,,,,,,,,,,,,,,,
Delaine P Clark,,5603,Delaine,P Clark,(803) 682-3152,,,,324 Broad River Dr,,Santee,SC,29142,,,,,,,"#fiberCustomer, #residential",,No,,,,,,,,,,,,,,,,,,,,,,,,,,,,,
Delaine Randolph,,7926,Delaine ,Randolph,(470) 785-0298,,,,180 Cantey Drive,225,Santee,SC,29142,,,,,,,,,Yes,,,,,,,,,,,,,,,,,,,,,,,,,,,,,
Deleasera Brown,,5583,Deleasera,Brown,(803) 596-8945,,,,750 Laura St,,Bowman,SC,29018,,,,,,,,,No,,,,,,,,,,,,,,,,,,,,,,,,,,,,,
Delmar & Carol Rivers,,4197,Delmar,& Carol Rivers,8038232223,,,,8044 Old State Road,,Cameron,SC,29030,,,,,,,,,No,,,,,,,,,,,,,,,,,,,,,,,,,,,,,
Delores Davis,,904,,,8033783411,,,,120 Walker Dr,,Eutawville,SC,29048,,,,,,,,,No,,,,,,,,,,,,,,,,,,,,,,,,,,,,,
Deloris  Stokes,,5753,,,8033874883,,,,7387 five chop rd,,Santee ,SC,29142,,,,,,,,,No,,,,,,,,,,,,,,,,,,,,,,,,,,,,,
Deloris Blauvelt,,7907,Deloris,Blauvelt,(803) 971-8011,,,,6 L Andre Michaux Rd,,Santee,SC,29142,,,,,,,,,Yes,,,,,,,,,,,,,,,,,,,,,,,,,,,,,
Deloris Glover,,3562,,,8033782834,,,,123 Tropicana Court,,Bowman ,SC,29018,,,,,,,,,No,,,,,,,,,,,,,,,,,,,,,,,,,,,,,
Deloris James,,1790,,,8038542359,,,,106 Flash Ln,,Santee,SC,29142,,,,,,,,,No,,,,,,,,,,,,,,,,,,,,,,,,,,,,,
Deloris Stokes,,5439,,,8033874883,,,,240 Brim Street,,Santee,SC,29142,,,,,,,,,No,,,,,,,,,,,,,,,,,,,,,,,,,,,,,
Deloris Weatherford,,354,,,8039710010,,,,174 Salisberry Rd.,,Holly Hill,SC,29059,,,,,,,,,No,,,,,,,,,,,,,,,,,,,,,,,,,,,,,
Delphine Fogle,,2156,,,8037070387,,,,187 November Rd,,Santee,SC,29142,,,,,,,,,No,,,,,,,,,,,,,,,,,,,,,,,,,,,,,
Delphine Mack,,3078,,,8035344396,,,,156 Arant Dr,,Bowman,SC,29018,,,,,,,,,No,,,,,,,,,,,,,,,,,,,,,,,,,,,,,
Delta Hotel,,6017,Delta,Motel,(803) 460-4087,,,,1825 Bass Drive,,Santee,SC,29142,,,,,,,,,Yes,,,,,,,,,,,,,,,,,,,,,,,,,,,,,
Delta Motel,,327,Delta,Motel,8038545900,,,,1825 Bass Dr.,,Santee,SC,29142,,,,,,,,,No,,,,,,,,,,,,,,,,,,,,,,,,,,,,,
Delta Of Eutawville,,1201,Willis,High,8034929201,,,,226 Porcher Ave.,,Eutawville,SC,29048,,,,,,,,,No,,,,,,,,,,,,,,,,,,,,,,,,,,,,,
Delta Pharmacy LLC,,1122,,,8038972131,,,,2611 Cleveland St,PO Box 100,Elloree,SC,29047,,,,,,,,,No,,,,,,,,,,,,,,,,,,,,,,,,,,,,,
Delvin Lawton,,1551,,,8037076008,,,,734 Linwood St,,Elloree,SC,29047,,,,,,,,,No,,,,,,,,,,,,,,,,,,,,,,,,,,,,,
Dema Westling,,6013,Dema,Westling,(843) 708-9009,,,Home,104 Santee Cooper Annex,,Santee,SC,29142,,,,,,,,,Yes,,,,,,,,,,,,,,,,,,,,,,,,,,,,,
Dematria Asbury,,619,,,8034967522,,,,149 Compton Ct,,Vance,SC,29163,,,,,,,,,No,,,,,,,,,,,,,,,,,,,,,,,,,,,,,
Demeitra King,,2319,,,8037470076,,,,133 Big Phils Ct.,,Santee,SC,29142,,,,,,,,,No,,,,,,,,,,,,,,,,,,,,,,,,,,,,,
Demetera Glover,,1722,,,8033874646,,,,278 Corn St,,Bowman ,SC,29018,,,,,,,,,No,,,,,,,,,,,,,,,,,,,,,,,,,,,,,
Demetrio Chaplin,,8240,Demetrio,Chaplin,(843) 364-3757,chaplindemetrio@gmail.com,,,147 William Clark Boulevard,,Santee,SC,29142,,,,,,,,,Yes,,,,,,,,,,,,,,,,,,,,,,,,,,,,,
Demetro Cruz,,322,,,8038972454,,,,4 Bob White Road,,Elloree,SC,29047,,,,,,,,,No,,,,,,,,,,,,,,,,,,,,,,,,,,,,,
Demontriz Britt,,3821,,,,,,,2858 Homestead Road,,Bowman,SC,29018,,,,,,,,,No,,,,,,,,,,,,,,,,,,,,,,,,,,,,,
Demontrize Britt,,2350,,,8038293292,,,,2858 Homestead Rd.,,Bowman,SC,29018,,,,,,,,,No,,,,,,,,,,,,,,,,,,,,,,,,,,,,,
Dempsey Wood Products,,68,Cherie,Stover,(803) 533-0158,,,,PO Drawer 38,,Rowesville,SC,29133,,,,,,,,,No,,,,,,,,,,,,,,,,,,,,,,,,,,,,,
Dena Brown,,7899,Dena,Brown,(704) 756-9539,dena@cbd-coastal.com,,,449 Santee Drive,,Santee,SC,29142,,,,,,,"#fiberCustomer, #residential",,Yes,,,,,,,,,,,,,,,,,,,,,,,,,,,,,
Denean Carson,,3830,,,8037478226,,,,599 Picket Level Rd,,Elloree,SC,29047,,,,,,,,,No,,,,,,,,,,,,,,,,,,,,,,,,,,,,,
Denice Seabrooks,,948,,,8038543962,,,,117 Sheard Dr,,Santee,SC,29142,,,,,,,,,No,,,,,,,,,,,,,,,,,,,,,,,,,,,,,
Denis Knauer,,6257,Denis,Knauer,(813) 230-4109,,,,8101 Old Number Six Highway,,Santee,SC,29142,,,,,,,,,Yes,,,,,,,,,,,,,,,,,,,,,,,,,,,,,
Denise Algood,,2909,,,8035349183,,,,1725 Sunset st,,Orangeburg,SC,29115,,,,,,,,,No,,,,,,,,,,,,,,,,,,,,,,,,,,,,,
Denise Bellinger,,1809,,,8034964786,,,,1662 Pineland,,Vance,SC,29136,,,,,,,,,No,,,,,,,,,,,,,,,,,,,,,,,,,,,,,
Denise Haselden,,4716,,,8032256084,,,,133 Mistyglen Rd,,Elloree,SC,29047,,,,,,,,,No,,,,,,,,,,,,,,,,,,,,,,,,,,,,,
Denise Haselden,,4369,,,8432897548,,,,179 Cooter Head Road,,Elloree,SC,29047,,,,,,,,,No,,,,,,,,,,,,,,,,,,,,,,,,,,,,,
Denise Holley ,,5360,Denise,Holley ,(803) 707-3859,,,,1313 Huntington Dr,,Orangeburg ,SC,,,,,,,,,,No,,,,,,,,,,,,,,,,,,,,,,,,,,,,,
Denise Marion,,2849,,,8032239541,,,,895 Whitman St,,Orangeburg,SC,,,,,,,,,,No,,,,,,,,,,,,,,,,,,,,,,,,,,,,,
Denise Morgan,,2593,,,8033879702,,,,3246 Columbia Rd,,Orangeburg,SC,29118,,,,,,,,,No,,,,,,,,,,,,,,,,,,,,,,,,,,,,,
Denise Owens,,1472,,,8034965419,,,,663 Cranbrook Dr,,Holly Hill,SC,29059,,,,,,,,,No,,,,,,,,,,,,,,,,,,,,,,,,,,,,,
Denise Panos,,8552,Denise,Panos,(843) 687-6726,dpanos1977@gmail.com,,,5 John Fothergill Cir,,Santee,South Carolina,29142-8306,,,,,,,,,Yes,,,,,,,,,,,,,,,,,,,,,,,,,,,,,
Denise Pfaff,,8211,Denise,Pfaff,(803) 347-0431,47denisepfaff@gmail.com,,,328 Hampton Street,,Elloree,SC,29047,,,,,,,,,Yes,,,,,,,,,,,,,,,,,,,,,,,,,,,,,
Denise R Bellagamba,,8306,Denise,Bellagamba,(980) 636-7568,Denise102001@yahoo.com,,,115 Stono Circle,,Santee,SC,29142,,,,,,,,,Yes,,,,,,,,,,,,,,,,,,,,,,,,,,,,,
Denmark Lumber,,1332,Tim,Ellis,8037934237,,,,7771 Voorhees Road,P O Box  342,Denmark,SC,29042,,,,,,,,,No,,,,,,,,,,,,,,,,,,,,,,,,,,,,,
Dennis Arant,,1694,,,8039249281,,,,448 Santee Dr,,Santee,SC,,,,,,,,"#fiberCustomer, #residential",,No,,,,,,,,,,,,,,,,,,,,,,,,,,,,,
Dennis Bates,,7846,Dennis,Bates,(843) 714-0116,,,,425 Saint Matthews Road,,Saint Matthews,SC,29135,,,,,,,,,Yes,,,,,,,,,,,,,,,,,,,,,,,,,,,,,
Dennis Borman,,5397,,,,,,,,,,,,,,,,,,,,No,,,,,,,,,,,,,,,,,,,,,,,,,,,,,
Dennis Borman,,584,Dennis,Borman,(803) 662-4976,,,,325 Hampton St,PO Box 587,Elloree ,SC,29047,,,,,,,,,No,,,,,,,,,,,,,,,,,,,,,,,,,,,,,
Dennis Merson,,4839,Dennis,Merson,(803) 877-1853,,,,124 Todd Creek Rd,,Orangeburg,SC,29017,,,,,,,,,No,,,,,,,,,,,,,,,,,,,,,,,,,,,,,
Dennis Merson,,4860,,,,,,,,,,,,,,,,,,,,No,,,,,,,,,,,,,,,,,,,,,,,,,,,,,
Dennis Reinhard,,1690,Dennis,Reinhard,8036644128,,,,216 Broad River Dr,,Santee ,SC,29142,,,,,,,"#fiberCustomer, #residential",,No,,,,,,,,,,,,,,,,,,,,,,,,,,,,,
Dennis Vulgamore,,7892,Dennis,Vulgamore,(407) 230-2612,BenVee@aol.com,,,208 Cooper Drive,,Santee,SC,29142,,,,,,,"#fiberCustomer, #residential",,Yes,,,,,,,,,,,,,,,,,,,,,,,,,,,,,
Denzelle Robinson,,3335,,,8033872128,,,,1961 Allen St,,Orangeburg,SC,29115,,,,,,,,,No,,,,,,,,,,,,,,,,,,,,,,,,,,,,,
Deon Cain,,4670,,,8033487635,,,,1091 Fairfield Street,,Orangeburg,SC,29115,,,,,,,,,No,,,,,,,,,,,,,,,,,,,,,,,,,,,,,
Deon Clark,,1781,Deon,Clark,8038293507,,,,416 Project Rd.,,Bowman,SC,29142,,,,,,,,,No,,,,,,,,,,,,,,,,,,,,,,,,,,,,,
Deon Lambright,,1995,,,8039719259,,,,178 Sweet Bay Lane,,Santee,SC,29142,,,,,,,,,No,,,,,,,,,,,,,,,,,,,,,,,,,,,,,
Deonna Pratt,,2028,,,8034104511,,,,2395 Toney Bay Rd,,Holly Hill,SC,29059,,,,,,,,,No,,,,,,,,,,,,,,,,,,,,,,,,,,,,,
Department of Public Utilities,,69,Julian,Bair,(803) 837-0434,,,,P O Box 1057,,Orangeburg ,SC,29116,Willie,Wearing,(803) 268-4206,,,,,,No,,,,,,,,,,,,,,,,,,,,,,,,,,,,,
Derek Dashnaw,,5733,,,8437275294,,,,4521 Cleveland Street,,Elloree,SC,29047,,,,,,,,,No,,,,,,,,,,,,,,,,,,,,,,,,,,,,,
Derek Lancaster,,4791,,,8039718887,,,,198 Pepsie st,,Nesses,SC,,,,,,,,,,No,,,,,,,,,,,,,,,,,,,,,,,,,,,,,
Derek Rickenbaker,,7858,Derek,Rickenbaker,(803) 308-4002,,,,,,,,,,,,,,,,,Yes,,,,,,,,,,,,,,,,,,,,,,,,,,,,,
Deric Wood,,2441,,,7046516065,,,,141 Saluda Dr,,Santee,SC,29142,,,,,,,"#fiberCustomer, #residential",,No,,,,,,,,,,,,,,,,,,,,,,,,,,,,,
Deron Williams,,8434,Deron,Williams,(843) 557-3119,williamsd53@winthrop.edu,,,741 Striped Bass,,Santee,SC,29142,,,,,,,,,Yes,,,,,,,,,,,,,,,,,,,,,,,,,,,,,
Derrick Dash,,417,,,8038972854,,,,740 Linwood St,,Elloree,SC,29047,,,,,,,,,No,,,,,,,,,,,,,,,,,,,,,,,,,,,,,
Derrick Pelzer,,1395,Derrick,Pelzer,8039971466,,,,172 Pedegree Ln,,Santee,SC,29142,,,,,,,,,No,,,,,,,,,,,,,,,,,,,,,,,,,,,,,
Derrick Pelzer Shop,,4228,,,8038543982,,,,350 Pine St  ,,Bowman,SC,,,,,,,,,,No,,,,,,,,,,,,,,,,,,,,,,,,,,,,,
Derrick Smalls,,1451,Derrick,Smalls,8033831342,derricksmlls89@gmail.com,,,1025 Deer Trail Dr,,Santee,SC,29142,,,,,,,"#fiberCustomer, #residential",,No,,,,,,,,,,,,,,,,,,,,,,,,,,,,,
Deryl Tourville,,3045,,,8035312663,,,,110 governors creek,,Orangeburg,SC,,,,,,,,,,No,,,,,,,,,,,,,,,,,,,,,,,,,,,,,
Deshaun Watson,,4944,,,,,,,2295 Myers st,,Orangeburg ,SC,,,,,,,,,,No,,,,,,,,,,,,,,,,,,,,,,,,,,,,,
Deshawn Gamble,,2431,,,,,,,1159 Fairfield St,,Orangeburg,SC,29115,,,,,,,,,No,,,,,,,,,,,,,,,,,,,,,,,,,,,,,
Design Mojo,,5334,,,4403216441,,,,250 Old Number Six Hwy,,Santee,SC,,,,,,,,,,No,,,,,,,,,,,,,,,,,,,,,,,,,,,,,
Desire Diller,,1450,,,8033084606,,,,126 Newfield Cir.,,Elloree,SC,29047,,,,,,,,,No,,,,,,,,,,,,,,,,,,,,,,,,,,,,,
Desiree Matheny,,736,,,5352080203,,,,235 Catherine Way,,Elloree,SC,29047,,,,,,,,,No,,,,,,,,,,,,,,,,,,,,,,,,,,,,,
Desiree Ross,,5737,,,8038783315,,,,1525 Broughton st,,Orangeburg ,SC,29115,,,,,,,,,No,,,,,,,,,,,,,,,,,,,,,,,,,,,,,
Desmond Sweeper,,3531,,,8038540091,,,,779 Antioch Rd,,Santee,SC,29142,,,,,,,,,No,,,,,,,,,,,,,,,,,,,,,,,,,,,,,
Destinee Hudson,,4919,Destinee,Hudson,8033083881,,,,179 Cooter head rd,,Elloree,SC,,,,,,,,,,No,,,,,,,,,,,,,,,,,,,,,,,,,,,,,
Destiny Bayne,,3153,,,8033786177,,,,6076 Old Number 6 Hwy,,Elloree,SC,29047,,,,,,,,,No,,,,,,,,,,,,,,,,,,,,,,,,,,,,,
Devetti Rush,,4682,,,8033082291,,,,1205 Fairfield Street,,Orangeburg,SC,29115,,,,,,,,,No,,,,,,,,,,,,,,,,,,,,,,,,,,,,,
Devin Gadson,,4473,Devin,Gadson,8437548054,,,,6753 Johnston ave,,Reevesville,SC,29471,,,,,,,,,No,,,,,,,,,,,,,,,,,,,,,,,,,,,,,
Devin Stephenson,,8607,Devin,Stephenson,(843) 609-6626,houstondevin24@yahoo.com,,,487 Santee Dr,,Santee,South Carolina,29142-9304,,,,,,,,,Yes,,,,,,,,,,,,,,,,,,,,,,,,,,,,,
Devins Flowers,,70,,,,,,,1940 St Matthews Road,,Orangeburg,SC,29118,,,,,,,,,No,,,,,,,,,,,,,,,,,,,,,,,,,,,,,
Devon Fuller,,4992,,,8039379154,,,,205 Oakley ln,,Holly Hill,SC,,,,,,,,,,No,,,,,,,,,,,,,,,,,,,,,,,,,,,,,
Devon Fuller,,5000,,,8039379154,,,,205 Oakley Lane,,Holly Hill,SC,29059,,,,,,,,,No,,,,,,,,,,,,,,,,,,,,,,,,,,,,,
Devon Howard,,1255,,,4356680746,,,,6188 Badham Road,,Reevesville,SC,,,,,,,,,,No,,,,,,,,,,,,,,,,,,,,,,,,,,,,,
Devorio Jamison,,3944,,,8033089536,,,,306 jamison ave,,Orangeburg,SC,29115,,,,,,,,,No,,,,,,,,,,,,,,,,,,,,,,,,,,,,,
DG Motors ,,4511,,,8035347602,,,,1445 Broughton St,,Orangeburg ,SC,29115,,,,,,,,,No,,,,,,,,,,,,,,,,,,,,,,,,,,,,,
Dharmistha Patel,,5979,Dharmistha,Patel,(443) 248-9116,,,,117 Cooper Drive,,Santee,SC,29142,,,,,,,"#fiberCustomer, #residential",,Yes,,,,,,,,,,,,,,,,,,,,,,,,,,,,,
Diabetes Control Center,,71,.,Goodwin,8035366339,,,,1707 Village Parkway,,Orangeburg ,SC,29118,,,,,,,,,No,,,,,,,,,,,,,,,,,,,,,,,,,,,,,
Diakesia Thigpen,,775,,,8034963059,,,,940 Whitesands Rd.,,Holly Hill,SC,29059,,,,,,,,,No,,,,,,,,,,,,,,,,,,,,,,,,,,,,,
Diana Trif,,3656,Diana,Trif,(803) 410-8395,,,,821 Lakeland Circle Apt C1,                       ,Santee,SC,29142,,,,,,,,,No,,,,,,,,,,,,,,,,,,,,,,,,,,,,,
Diandra Hilliard,,7931,Diandra,Hilliard,(803) 974-9007,queenofcuspin803@gmail.com,,,164 Hollis Road,,Santee,SC,29142,,,,,,,,,Yes,,,,,,,,,,,,,,,,,,,,,,,,,,,,,
Diandra Smith,,2920,,,8642511703,,,,150 Hollis Rd,,Santee,SC,29142,,,,,,,,,No,,,,,,,,,,,,,,,,,,,,,,,,,,,,,
Diane Belinger,,685,,,8033783082,,,,355 Noel Dr,,Vance,SC,29163,,,,,,,,,No,,,,,,,,,,,,,,,,,,,,,,,,,,,,,
Diane Bochette,,2524,Diane,Bochette,8036824966,,,,2450 Old State Rd,,Cameron,SC,29030,,,,,,,,,No,,,,,,,,,,,,,,,,,,,,,,,,,,,,,
Diane Council,,4542,,,8036824787,,,,227 Jack Branch Road,,Santee,SC,,,,,,,,,,No,,,,,,,,,,,,,,,,,,,,,,,,,,,,,
Diane Etheredge,,2476,,,8032255238,,,,620 Hampton St,,Elloree,SC,29047,,,,,,,,,No,,,,,,,,,,,,,,,,,,,,,,,,,,,,,
Diane Haigler,,5621,,,8438128866,,,,8357 Old state rd,,Cameron,SC,29030,,,,,,,,,No,,,,,,,,,,,,,,,,,,,,,,,,,,,,,
Diane Hamma,,1637,,,8038544382,,,,331 Santee Drive,,Orangeburg,SC,29142,,,,,,,"#fiberCustomer, #residential",,No,,,,,,,,,,,,,,,,,,,,,,,,,,,,,
Diane Harvey Mitchum,,1042,,,8039749279,,,,499 Santee Dr.,,Santee,SC,29142,,,,,,,"#fiberCustomer, #residential",,No,,,,,,,,,,,,,,,,,,,,,,,,,,,,,
Diane Houser,,2050,,,8033872082,,,,125 Cocktail Ln,,Holly Hill,SC,29059,,,,,,,,,No,,,,,,,,,,,,,,,,,,,,,,,,,,,,,
Diane Klein,,6065,Diane,Klein,(305) 331-7589,,,,133 Heaton Road,,Reevesville,SC,29142,,,,,,,,,Yes,,,,,,,,,,,,,,,,,,,,,,,,,,,,,
Diane Large,,2025,Diane,Large,8037075061,,,,30 Andre Michaux Rd,,Santee,SC,29142,,,,,,,,,No,,,,,,,,,,,,,,,,,,,,,,,,,,,,,
Diane Miller,,3953,Diane,Miller,8033001717,,,,425 Huttos Chapel Road,,Hilda,SC,29813,,,,,,,,,No,,,,,,,,,,,,,,,,,,,,,,,,,,,,,
Diane Mitchum,,4467,,,8036141400,,,,194 Noonie Curve Rd,,Santee,SC,29142,,,,,,,,,No,,,,,,,,,,,,,,,,,,,,,,,,,,,,,
Diane Mitchum,,1172,,,8034962537,,,,194 Noonie Curve Rd,,Santee,SC,29142,,,,,,,,,No,,,,,,,,,,,,,,,,,,,,,,,,,,,,,
Diane Nelson,,1592,Diane,Nelson,8038543504,,,,116 Wateree Dr,,Santee,SC,29142,,,,,,,"#fiberCustomer, #residential",,No,,,,,,,,,,,,,,,,,,,,,,,,,,,,,
Diane Profit,,2561,,,8033789282,,,,7513 old number 6 hwy,,Santee,SC,29142,,,,,,,,,No,,,,,,,,,,,,,,,,,,,,,,,,,,,,,
Diane Tilley,,8256,Diane,Tilley,(803) 915-5728,AdrienneTilley@yahoo.com,,,820 Wolfe Street,,Elloree,SC,29047,,,,,,,,,Yes,,,,,,,,,,,,,,,,,,,,,,,,,,,,,
Dianne Britt,,3628,,,,,,,110 Oak Street,,Bowman,SC,29018,,,,,,,,,No,,,,,,,,,,,,,,,,,,,,,,,,,,,,,
Dianne Council,,4523,,,8036822196,,,,227 jack branch,,Santee ,SC,29142,,,,,,,,,No,,,,,,,,,,,,,,,,,,,,,,,,,,,,,
Dianne Dash,,2575,,,8033473163,,,,150 lloyd st,,Orangeburg,SC,29115,,,,,,,,,No,,,,,,,,,,,,,,,,,,,,,,,,,,,,,
Dianyell Rivers ,,4597,,,8038579421,,,,134 buckhead dr,,Elloree,SC,29047,,,,,,,,,No,,,,,,,,,,,,,,,,,,,,,,,,,,,,,
Diargo Summers,,3945,,,8033871899,,,,789 manning st,,Orangeburg,SC,29115,,,,,,,,,No,,,,,,,,,,,,,,,,,,,,,,,,,,,,,
Diargo Summers,,2311,,,8038292105,,,,821 Bowman Branch Hwy,,Bowman,SC,29018,,,,,,,,,No,,,,,,,,,,,,,,,,,,,,,,,,,,,,,
Dick Crawford,,2408,Dick,Crawford,(803) 531-4101,,,,3477 Timberline Drive,,Orangeburg,SC,29118,,,,,,,,,No,,,,,,,,,,,,,,,,,,,,,,,,,,,,,
Dick Schumann,,388,,,8035130919,,,,121 Oak Hollow Dr.,,Santee,SC,29142,,,,,,,,,No,,,,,,,,,,,,,,,,,,,,,,,,,,,,,
Dick Stober,,2840,,,8432973216,,,,420 Fairway Ln,,Santee,SC,29142,,,,,,,,,No,,,,,,,,,,,,,,,,,,,,,,,,,,,,,
Digesh Gajjar,,1618,,,8038544545,,,,350 Chapel Creek Dr.,,Santee,SC,29142,,,,,,,,,No,,,,,,,,,,,,,,,,,,,,,,,,,,,,,
DIME Inc,,2070,Mike,Gillard,8038606487,,,,8831 Old Number Six Hwy.,,Santee,SC,29142,,,,,,,,,No,,,,,,,,,,,,,,,,,,,,,,,,,,,,,
Dimitrios Vail,,2141,,,8036646926,,,,377 Harvard Ln.,,Santee,SC,29142,,,,,,,,,No,,,,,,,,,,,,,,,,,,,,,,,,,,,,,
Dinehbhai Patel,,1463,Vicky,.,4782905525,,,,821 Lakeland Cir. Apt C7,,Santee,SC,29142,,,,,,,,,No,,,,,,,,,,,,,,,,,,,,,,,,,,,,,
Dion Shivers,,5290,,,8037473761,,,,565 Mount Olive Rd,,Santee,SC,29142,,,,,,,,,No,,,,,,,,,,,,,,,,,,,,,,,,,,,,,
Dionne Summers,,980,,,8038291000,,,,1010 Dibble St.,,Bowman,SC,29018,,,,,,,,,No,,,,,,,,,,,,,,,,,,,,,,,,,,,,,
Direct Mortgage,,72,,,,,,,1848 Broughton Street,,Orangeburg,SC,29118,,,,,,,,,No,,,,,,,,,,,,,,,,,,,,,,,,,,,,,
Diron Stephens ,,5147,,,8038579822,,,,7423 Charleston Highway ,,Bowman,SC,,,,,,,,,,No,,,,,,,,,,,,,,,,,,,,,,,,,,,,,
Diversified Medical Services,,3819,,,,,,,200 Foster Brothers Drive,,West Columbia ,SC,29172,,,,,,,,,No,,,,,,,,,,,,,,,,,,,,,,,,,,,,,
Dixie Cleaners,,529,Robbie,Mims,8034963424,,,,407 Gardner Blvd,,Holly Hill,SC,29059,,,,,,,,,No,,,,,,,,,,,,,,,,,,,,,,,,,,,,,
Dodges Stores,,6077,Jim,King,(720) 252-6455,,,,1801 Old Edisto Drive,,Orangeburg,SC,29115,,,,,,,,,Yes,,,,,,,,,,,,,,,,,,,,,,,,,,,,,
Dohovan Grubbs,,5682,,,8037590774,,,,202  oak hollow dr ,,Santee ,SC,,,,,,,,,,No,,,,,,,,,,,,,,,,,,,,,,,,,,,,,
Dollar Discount,,73,,,,,,,945 Chestnut Street,,Orangeburg,SC,29115,,,,,,,,,No,,,,,,,,,,,,,,,,,,,,,,,,,,,,,
Dollar General - Bowman,,2604,,,,,,,6508 Charleston Hwy,,Bowman,SC,29018,,,,,,,,,No,,,,,,,,,,,,,,,,,,,,,,,,,,,,,
Dollar General - Elloree,,2607,,,,,,,6629 Old Number 6 Hwy,,Elloree,SC,29047,,,,,,,,,No,,,,,,,,,,,,,,,,,,,,,,,,,,,,,
Dollar General - Santee,,2605,,,,,,,9120 Old Six Hwy,,Santee,SC,29142,,,,,,,,,No,,,,,,,,,,,,,,,,,,,,,,,,,,,,,
Dollar General - Santee,,2606,,,,,,,9120 Old Number 6 Hwy,,Santee,SC,29142,,,,,,,,,No,,,,,,,,,,,,,,,,,,,,,,,,,,,,,
Doloris Blauvelt,,3305,,,8038540098,,,,2031 Tee Vee Rd ,,Elloree,SC,29047,,,,,,,,,No,,,,,,,,,,,,,,,,,,,,,,,,,,,,,
Domenick Testi,,6197,Domenick ,Testi,(352) 210-0792,,,,169 1st Street,,Santee,SC,29142,,,,,,,"#residential, #fiberCustomer",,Yes,,,,,,,,,,,,,,,,,,,,,,,,,,,,,
Domi Logistics,,5822,Sequoia,,(803) 878-3954,,,,1050 Crosscreek Dr,,Orangeburg,SC,29115,Tony,,(561) 323-3011,,,,,,No,,,,,,,,,,,,,,,,,,,,,,,,,,,,,
Domingo Insurance Group,,5997,Anita,Domingo,(843) 809-2322,,,," River Plaza, 220 Old Number Six Hwy",,Santee,SC,29142,,,,,,,,,Yes,,,,,,,,,,,,,,,,,,,,,,,,,,,,,
Dominick Williams,,3360,,,8032900605,,,,616 presidential dr ,,Orangeburg,SC,29115,,,,,,,,,No,,,,,,,,,,,,,,,,,,,,,,,,,,,,,
Dominique Johnson,,8570,Dominique,Johnson,(843) 568-0291,dominique.johnson2830@gmail.com,,,657 Perch Dr,,Santee,SC,29142,,,,,,,,,Yes,,,,,,,,,,,,,,,,,,,,,,,,,,,,,
Dominique Martin,,2269,,,8034043318,,,,413 Sheard Dr,,Santee,SC,29142,,,,,,,,,No,,,,,,,,,,,,,,,,,,,,,,,,,,,,,
Don DeLucia,,3558,,,8668350594,,,,1030 & 1072 Chestnut Street,,Orangeburg,SC,29115,,,,,,,,,No,,,,,,,,,,,,,,,,,,,,,,,,,,,,,
Don Harris,,1011,,,8038232426,,,,10029 Old State Rd.,,Cameron,SC,,,,,,,,,,No,,,,,,,,,,,,,,,,,,,,,,,,,,,,,
Don Hilton,,2913,,,8439349144,,,,151 Michelle St,,Eutawville,SC,29048,,,,,,,,,No,,,,,,,,,,,,,,,,,,,,,,,,,,,,,
Don Motta ,,380,,,8038543023,,,,1060 Chapel Branch Rd.,,Santee,SC,29142,,,,,,,,,No,,,,,,,,,,,,,,,,,,,,,,,,,,,,,
Don Nicholas,,2170,Don,Nicholas,8038542929,,,,465 Santee Dr,,Santee,SC,29142,,,,,,,"#fiberCustomer, #residential",,No,,,,,,,,,,,,,,,,,,,,,,,,,,,,,
Don Rivers,,678,,,8435634167,,,,139 Bluewood Lane,,Reevesville,SC,29471,,,,,,,,,No,,,,,,,,,,,,,,,,,,,,,,,,,,,,,
Don Trielle,,3306,,,8035343339,,,,143 Arant Dr,,Bowman,SC,29018,,,,,,,,,No,,,,,,,,,,,,,,,,,,,,,,,,,,,,,
Don's Auto Electric,,4534,,,8035361902,,,,2215 Old Edisto Drive,,Orangeburg,SC,29115,,,,,,,,,No,,,,,,,,,,,,,,,,,,,,,,,,,,,,,
Don's Car Crushing,,3126,,,8433191298,,,,PO Box 189,,Hemingway,SC,29554,,,,,,,,,No,,,,,,,,,,,,,,,,,,,,,,,,,,,,,
Donald (Shot) Clariday,,2164,Donald,(Shot) Clariday,8035347393,,,,1294 St Matthews Rd,,Orangeburg,SC,29118,,,,,,,,,No,,,,,,,,,,,,,,,,,,,,,,,,,,,,,
Donald Antal,,1734,Donald,Antal,8038600347,,,,497 Santee Dr.,,Santee,SC,29142,,,,,,,"#fiberCustomer, #residential",,No,,,,,,,,,,,,,,,,,,,,,,,,,,,,,
Donald Brett Yongue,,3146,,,8035359059,,,,4851 Cameron Rd,,Cameron,SC,29030,,,,,,,,,No,,,,,,,,,,,,,,,,,,,,,,,,,,,,,
Donald Burgbacher,,1788,,,8038540330,,,,304 Broad River Dr,,Santee,SC,29142,,,,,,,"#fiberCustomer, #residential",,No,,,,,,,,,,,,,,,,,,,,,,,,,,,,,
Donald Chaplin,,648,,,8435601875,,,,102 Whetsell St.,,Reevesville,SC,29471,,,,,,,,,No,,,,,,,,,,,,,,,,,,,,,,,,,,,,,
Donald Dunson,,4952,Donald,Dunson,(843) 754-6754,,,,206 First Street,,Santee,SC,,,,,,,,,,No,,,,,,,,,,,,,,,,,,,,,,,,,,,,,
Donald G Fluharty,,3977,,,8038543766,,,,26R Andre Michaux Rd,,Santee,SC,29142,,,,,,,,,No,,,,,,,,,,,,,,,,,,,,,,,,,,,,,
Donald Harmon,,4169,,,,,,,6019 Five Chop Road,,Elloree,SC,29047,,,,,,,,,No,,,,,,,,,,,,,,,,,,,,,,,,,,,,,
Donald Hodgman ,,5449,,,6035451927,,,,130 Sun Set dr,,Elloree,SC,,,,,,,,,,No,,,,,,,,,,,,,,,,,,,,,,,,,,,,,
Donald Houser,,3634,Donald,Houser,8033478814,,,,6648 Vance Road,,Bowman,SC,29018,,,,,,,,,No,,,,,,,,,,,,,,,,,,,,,,,,,,,,,
Donald Murray,,4413,,,8038544027,,,,101 Birdie Ct ,,Santee ,SC,29142,,,,,,,,,No,,,,,,,,,,,,,,,,,,,,,,,,,,,,,
Donald Parler,,3652,,,8039288677,,,,1121 Nelson St,,Orangeburg,SC,29118,,,,,,,,,No,,,,,,,,,,,,,,,,,,,,,,,,,,,,,
Donald Peters,,4129,,,,,,,208 Cooper Dr,,Santee,SC,29142,,,,,,,"#fiberCustomer, #residential",,No,,,,,,,,,,,,,,,,,,,,,,,,,,,,,
Donald Rohn       ,,513,,,8038542022,,,,405 Santee Drive  ,,Santee,SC,29142,,,,,,,"#fiberCustomer, #residential",,No,,,,,,,,,,,,,,,,,,,,,,,,,,,,,
Donald Schnieders,,6019,Donald,Schneiders,(910) 758-4708,schniedersdonald@yahoo.com,,,117 Pineridge Road,,Elloree,SC,29047,,,,,,,,,Yes,,,,,,,,,,,,,,,,,,,,,,,,,,,,,
Donald Shivers ,,4112,,,8034966606,,,,7609 Old number 6 hwy,,Santee,SC,29142,,,,,,,,,No,,,,,,,,,,,,,,,,,,,,,,,,,,,,,
Donald Shuler,,8061,Donald,Shuler,(803) 840-4558,,,,9373 Old Number Six Highway,,Santee,SC,29142,,,,,,,,,Yes,,,,,,,,,,,,,,,,,,,,,,,,,,,,,
Donald Strock,,5248,Donald,Strock,8038601580,,,,110 Micanopy Court,,Santee,SC,29142,,,,,,,,,No,,,,,,,,,,,,,,,,,,,,,,,,,,,,,
Donald Strock,,5850,,,,,,,110 micanopy ct,,Santee,SC,29142,,,,,,,,,No,,,,,,,,,,,,,,,,,,,,,,,,,,,,,
Donald Vardsveen,,2893,,,5409033869,,,,211 Cooper Dr,,Santee,SC,29142,,,,,,,"#fiberCustomer, #residential",,No,,,,,,,,,,,,,,,,,,,,,,,,,,,,,
Donald West,,1780,Donald,West,(803) 829-3496,,,,6426 Charleston Hwy,,Bowman,SC,29018,,,,,,,,,No,,,,,,,,,,,,,,,,,,,,,,,,,,,,,
Donald Whitehead,,1284,,,8038973177,,,,133 Elaine RD,,Elloree,SC,29047,,,,,,,,,No,,,,,,,,,,,,,,,,,,,,,,,,,,,,,
Donell Allen,,549,,,8037942820,,,,149 Beaver Creek Rd.,,Swansea,SC,29163,,,,,,,,,No,,,,,,,,,,,,,,,,,,,,,,,,,,,,,
Donella Squire,,8452,Donella,Squire,(618) 694-3447,donigirl71@yahoo.com,,,737 Striped Bass Ct,,Santee,SC,29142,,,,,,,,,Yes,,,,,,,,,,,,,,,,,,,,,,,,,,,,,
Donna and Jimmy Dean Elkins,,5499,,,8036712093,,,,63 Creech Road,,Hilda,SC,29813,,,,,,,,,No,,,,,,,,,,,,,,,,,,,,,,,,,,,,,
Donna Byrd,,1349,,,8288509896,,,,503 Ballards Ln,,Santee,SC,,,,,,,,,,No,,,,,,,,,,,,,,,,,,,,,,,,,,,,,
Donna Cuttino,,3203,,,,,,,1332 Nates Store Rd,,Elloree,SC,29047,,,,,,,,,No,,,,,,,,,,,,,,,,,,,,,,,,,,,,,
Donna Dion,,3290,,,7724737731,,,,145 Saluda Dr,,Santee,SC,29142,,,,,,,"#fiberCustomer, #residential",,No,,,,,,,,,,,,,,,,,,,,,,,,,,,,,
Donna Folk ,,4288,,,8038789591,,,,1161 Waring St ,,Orangeburg ,SC,29115,,,,,,,,,No,,,,,,,,,,,,,,,,,,,,,,,,,,,,,
Donna Green,,285,,,8038542485,,,,108 Cooper Circle,,Santee,SC,29142,,,,,,,"#fiberCustomer, #residential",,No,,,,,,,,,,,,,,,,,,,,,,,,,,,,,
Donna Hood,,8007,Donna,Hood,(843) 817-2907,Donnahood11@gmail.com,,,164 Kiefer Court,,Orangeburg,SC,29115,,,,,,,,,Yes,,,,,,,,,,,,,,,,,,,,,,,,,,,,,
Donna Hutto,,8232,Donna,Hutto,(803) 541-1707,,,,195 Delk Avenue,,Barnwell,SC,29812,,,,,,,,,Yes,,,,,,,,,,,,,,,,,,,,,,,,,,,,,
Donna Lucus,,829,,,8038293437,,,,1183 Flatwoods Rd,,Reevesville,SC,29471,,,,,,,,,No,,,,,,,,,,,,,,,,,,,,,,,,,,,,,
Donna Mintz,,956,,,8034969102,,,,1664 Coach Rd,,Holly Hill,SC,29059,,,,,,,,,No,,,,,,,,,,,,,,,,,,,,,,,,,,,,,
Donna O Greene,,1689,Donna,O Greene,8038232052,,,,307 Winding Brook Dr    ,,Cameron,SC,29030,,,,,,,,,No,,,,,,,,,,,,,,,,,,,,,,,,,,,,,
Donna Outlaw,,910,,,8036007106,,,,218 Golden Starr Rd.,,Santee,SC,29142,,,,,,,,,No,,,,,,,,,,,,,,,,,,,,,,,,,,,,,
Donna Reynolds,,6323,Donna,Reynolds,(803) 904-2024,,,,534 Lafayette Alley,,Elloree,SC,29047,,,,,,,,,Yes,,,,,,,,,,,,,,,,,,,,,,,,,,,,,
Donna Ulmer,,683,,,8033093036,,,,5461 Old Number Six Hwy,,Elloree,SC,29047,,,,,,,,,No,,,,,,,,,,,,,,,,,,,,,,,,,,,,,
Donna Wimberly,,646,,,8435632294,,,,423 Rigby St,,Reevesville,SC,29471,,,,,,,,,No,,,,,,,,,,,,,,,,,,,,,,,,,,,,,
Donnie Bair,,3234,Donnie,Bair,8038543132,,,,136 Green St,,Santee,SC,29142,,,,,,,"#fiberCustomer, #residential",,No,,,,,,,,,,,,,,,,,,,,,,,,,,,,,
Donnie Hilliard,,486,,,8038542245,,,,406 Chapel Creek Dr       ,,Santee,SC,29142,,,,,,,,,No,,,,,,,,,,,,,,,,,,,,,,,,,,,,,
Donnie Shuler,,3233,,,8033084729,,,,225 Garbarone rd,,Elloree,SC,29047,,,,,,,,,No,,,,,,,,,,,,,,,,,,,,,,,,,,,,,
Donovan Grubbs,,5172,Donovan,Grubbs,(803) 759-5156,Skinnyman2005@gmail.com,,,202 Oak Hollow Dr,,Santee,South Carolina,29142-9412,Kayla,Grubbs,(843) 478-8763,,,,,,No,,,,,,,,,,,,,,,,,,,,,,,,,,,,,
Donovan Syders,,3149,,,8036649340,,,,122 Nimmons Rd,,Orangeburg,SC,29118,,,,,,,,,No,,,,,,,,,,,,,,,,,,,,,,,,,,,,,
Dorchester County Authority (Water Tower),,1683,Dorchester,County Authority (Water Tower),(843) 875-0140,,,,140 North Main St,,Summerville ,SC,,,,,,,,,,No,,,,,,,,,,,,,,,,,,,,,,,,,,,,,
Dorchester Irrigation & Grain,,2082,Larry,.,8036644685,,,,688 Neeses Hwy,,Orangeburg,SC,29115,,,,,,,,,No,,,,,,,,,,,,,,,,,,,,,,,,,,,,,
Dorchester Solicitor's Office,,5532,Dorchester,Solicitor's Office,(843) 871-1264,,,,140 N Main St #102,,Summerville,SC,29483,,,,,,,,,No,,,,,,,,,,,,,,,,,,,,,,,,,,,,,
Doretha Adidarko,,8682,Doretha,Adidarko,(804) 238-6839,doesokol2@gmail.com,,,604 Perch Ln,,Santee,South Carolina,29142,,,,,,,,,Yes,,,,,,,,,,,,,,,,,,,,,,,,,,,,,
Dorethea Asbury,,4307,Dorethea,Asbury,8036829706,,,,3350 Tee vee Road,,Santee,SC,29142,,,,,,,,,No,,,,,,,,,,,,,,,,,,,,,,,,,,,,,
Dorethea Asbury,,3825,,,,,,,3350 Tee Vee Road,,Santee,SC,29142,,,,,,,,,No,,,,,,,,,,,,,,,,,,,,,,,,,,,,,
Doris Branham,,2503,Doris,Branham,(803) 260-7672,,,,13 Thomas Walter Circle,,Santee,SC,29142,,,,,,,,,No,,,,,,,,,,,,,,,,,,,,,,,,,,,,,
Doris Gombas,,7945,Doris,Gombas,(803) 707-8104,,,,35 Peter Colinson Road,,Santee,SC,29142,,,,,,,,,Yes,,,,,,,,,,,,,,,,,,,,,,,,,,,,,
Doris Tucker,,2253,,,8038292905,,,,523 Dibble St (new),524 Dibble St ( old ) ,Bowman,SC,29018,,,,,,,,,No,,,,,,,,,,,,,,,,,,,,,,,,,,,,,
Dorothy Brown,,2707,,,8039749362,,,,180 Cantey Dr,Apt 226,Santee,SC,29142,,,,,,,,,No,,,,,,,,,,,,,,,,,,,,,,,,,,,,,
Dorothy Canty,,3180,,,8039740326,,,,8477 Old Number Hwy,,,SC,,,,,,,,,,No,,,,,,,,,,,,,,,,,,,,,,,,,,,,,
Dorothy Geary,,8118,Dorothy,Geary,(252) 617-7683,Dgeary8487@gmail.com,,,9 Andre Michaux Road,,Santee,SC,29142,,,,,,,,,Yes,,,,,,,,,,,,,,,,,,,,,,,,,,,,,
Dorothy Greene,,1661,,,8038378892,,,,677 Wolfe St,,Elloree,SC,,,,,,,,,,No,,,,,,,,,,,,,,,,,,,,,,,,,,,,,
Dorothy Haigler,,2237,,,8038974304,,,,136 Moorer Dr,,Elloree,SC,29047,,,,,,,,,No,,,,,,,,,,,,,,,,,,,,,,,,,,,,,
Dorothy Haines,,1910,Dorothy,Haines,8038543904,,,,127 Saluda Dr,,Santee,SC,,,,,,,,"#fiberCustomer, #residential",,No,,,,,,,,,,,,,,,,,,,,,,,,,,,,,
Dorothy James,,1027,,,8034963717,,,,106 Rodeo Way,,Holly Hill,SC,,,,,,,,,,No,,,,,,,,,,,,,,,,,,,,,,,,,,,,,
Dorothy Linder,,3145,,,8035342420,,,,1650 Shillings Bridge Rd,,Orangeburg,SC,,,,,,,,,,No,,,,,,,,,,,,,,,,,,,,,,,,,,,,,
Dorothy Mack,,2961,,,8038291024,,,,205 Avens Ct,,Bowman,SC,29018,,,,,,,,,No,,,,,,,,,,,,,,,,,,,,,,,,,,,,,
Dorothy Mack,,1512,Dorothy,Mack,(803) 496-8375,,,,180 Bridle Path Road,,Vance,SC,29163,,,,,,,,,No,,,,,,,,,,,,,,,,,,,,,,,,,,,,,
Dorothy Myers,,2400,Dorothy,Myers,(803) 347-3878,,,,1581 vance rd,,Vance,SC,29163,,,,,,,,,No,,,,,,,,,,,,,,,,,,,,,,,,,,,,,
Dorothy's ,,1074,,,,,,,,,,,,,,,,,,,,No,,,,,,,,,,,,,,,,,,,,,,,,,,,,,
Dorothy's Collectibles,,842,,,8435639759,,,,105 Wildwood Rd,,Reevesville,SC,29471,,,,,,,,,No,,,,,,,,,,,,,,,,,,,,,,,,,,,,,
Dorris Branham,,939,,,8034788224,,,,1088 Rugby Ave.,,Summerton,SC,29148,,,,,,,,,No,,,,,,,,,,,,,,,,,,,,,,,,,,,,,
Dorthia Sistrunk,,3573,,,8035969169,,,,3487 Neeses Hwy,,Orangeburg ,SC,29115,,,,,,,,,No,,,,,,,,,,,,,,,,,,,,,,,,,,,,,
Dorthy Stokes,,1984,,,8038972170,,,,916 Laval Rd,,Santee,SC,29142,,,,,,,,,No,,,,,,,,,,,,,,,,,,,,,,,,,,,,,
Dorthy White,,5111,,,8034964166,,,,7019 Five Chop rd,,Santee,SC,,,,,,,,,,No,,,,,,,,,,,,,,,,,,,,,,,,,,,,,
Dothan Trees,,4709,Dothan,Trees,(803) 531-1876,,,,164 Wild Hearts Road,,Cameron,SC,29030,Laken,,(803) 496-6600,,,,,,No,,,,,,,,,,,,,,,,,,,,,,,,,,,,,
Dotsie Canaday,,4854,Dotsie,Canaday,8435634771,,,,3496 Reevesville rd,,Reevesville,SC,,,,,,,,,,No,,,,,,,,,,,,,,,,,,,,,,,,,,,,,
Dottie Babb,,1638,Dottie,Babb,(803) 347-4543,,,,1121 Putter Path,,Orangeburg,SC,,,,,,,,,,No,,,,,,,,,,,,,,,,,,,,,,,,,,,,,
Double Radius,,924,,,7049276100,,,,2022 Van Buren Ave. Suite 100,,Indian Trail,SC,28079,,,,,,,,,No,,,,,,,,,,,,,,,,,,,,,,,,,,,,,
Doug Griggs,,4951,,,8034969494,,,,1225 Carolina Ave,,HollyHill,SC,29059,,,,,,,,,No,,,,,,,,,,,,,,,,,,,,,,,,,,,,,
Doug Hair,,4957,Doug,Hair,(803) 837-0652,dhair@ntinet.com,,,2033 St Matthews Road,,Orangeburg,SC,29118,,,,,,,,,No,,,,,,,,,,,,,,,,,,,,,,,,,,,,,
Doug Shuler,,1469,,,8036820418,,,,151 Grans Place Ln,P.O. box 491,Santee,SC,29142,,,,,,,,,No,,,,,,,,,,,,,,,,,,,,,,,,,,,,,
Doug Shuler,,2404,,,,,,,129 Gransplace Lane,,Santee,SC,29142,,,,,,,,,No,,,,,,,,,,,,,,,,,,,,,,,,,,,,,
Doug Skane,,8132,Doug,Skane,(803) 854-3019,,,,241 Partridge Run Road,,Santee,SC,29142,,,,,,,,,Yes,,,,,,,,,,,,,,,,,,,,,,,,,,,,,
Douglas Barnard,,4884,,,8035346063,,,,1207 Stacey Bridge Rd,,Orangeburg,SC,29118,,,,,,,,,No,,,,,,,,,,,,,,,,,,,,,,,,,,,,,
Douglas Bledsoe,,1409,,,,,,,650 Hampton Street,,Elloree,,29047,,,,,,,,,No,,,,,,,,,,,,,,,,,,,,,,,,,,,,,
Douglas Dion,,570,,,8038540942,,,,124 Wateree Dr    ,,Santee,SC,29048,,,,,,,"#fiberCustomer, #residential",,No,,,,,,,,,,,,,,,,,,,,,,,,,,,,,
Douglas Hildebrand,,4361,,,8039280996,,,,387 Big Buck blvd ,,Orangeburg,,29115,,,,,,,,,No,,,,,,,,,,,,,,,,,,,,,,,,,,,,,
Douglas Waymer,,822,,,8034963420,,,,436 Jackson Belt Rd,,Holly Hill,SC,29059,,,,,,,,,No,,,,,,,,,,,,,,,,,,,,,,,,,,,,,
Dr Augustine,,5820,,,8035315864,,,,1133 Cook Road,,Orangeburg,SC,29118,,,,,,,,,No,,,,,,,,,,,,,,,,,,,,,,,,,,,,,
Dr Eugene Atkinson,,4701,,,8035361950,,,,1681 Carolina ave,,Orangeburg,SC,29115,,,,,,,,,No,,,,,,,,,,,,,,,,,,,,,,,,,,,,,
Dr Gross,,3032,,,8036825813,,,,970 Holly St,,Orangeburg,SC,29115,,,,,,,,,No,,,,,,,,,,,,,,,,,,,,,,,,,,,,,
Dr Horton Marion Village Office,,8588,Derek,Hardee,(843) 513-2843,,,, Cypress Hollow Way,,Santee,South Carolina,29142,,,,,,,,,Yes,,,,,,,,,,,,,,,,,,,,,,,,,,,,,
Dr John Rheney,,6194,Dr,John Rheney,(803) 536-9503,,,,882 Cooke Road,,Orangeburg,SC,29118,,,,,,,,,Yes,,,,,,,,,,,,,,,,,,,,,,,,,,,,,
Dr Johns Ross,,4351,,,8035337544,,,,795 Cook Rd,,Orangeburg,SC,29115,,,,,,,,,No,,,,,,,,,,,,,,,,,,,,,,,,,,,,,
Dr Samual Lambrecht,,5151,,,,,,,,,,,,,,,,,,,,No,,,,,,,,,,,,,,,,,,,,,,,,,,,,,
Dr Samuel Lambrecht DMD,,1888,Lynne,,(803) 534-1020,,,,895 Summers Ave,,Orangeburg,SC,29115,,,,,,,,,No,,,,,,,,,,,,,,,,,,,,,,,,,,,,,
Dr. Allan Jolles ,,1298,,,8035353507,,,,125 Express Ln,,Orangeuburg,SC,29118,,,,,,,,,No,,,,,,,,,,,,,,,,,,,,,,,,,,,,,
Dr. Bert Gue,,2518,Dr.,Bert Gue,(803) 707-2408,,,,270 Mason Drive,,Orangeburg,SC,29118,,,,,,,,,No,,,,,,,,,,,,,,,,,,,,,,,,,,,,,
Dr. Charles Raine,,2554,,,8035359499,,,,1760 Village Park Drive,,Orangeburg,SC,29118,,,,,,,,,No,,,,,,,,,,,,,,,,,,,,,,,,,,,,,
Dr. Dana Fisher,,1181,,,8035362100,,,,1727 Village Park Dr,,,SC,,,,,,,,,,No,,,,,,,,,,,,,,,,,,,,,,,,,,,,,
Dr. Dawes Edwards D.M.D,,66,Joy,.,8035311799,,,,1346 Wingate St.,1572 lee blvd,Orangeburg,SC,29118,,,,,,,,,No,,,,,,,,,,,,,,,,,,,,,,,,,,,,,
Dr. Edwards,,3514,,,,,,,1346 Wingate St NE,,Orangeburg ,SC,29118,,,,,,,,,No,,,,,,,,,,,,,,,,,,,,,,,,,,,,,
Dr. Gardner Dental,,3576,Charlene,.,8035360128,,,, 161 Elliott St SE,,Orangeburg,SC,29115,,,,,,,,,No,,,,,,,,,,,,,,,,,,,,,,,,,,,,,
Dr. Gonzalez ,,4154,,,,,,,2323 St. Matthews Road,,Orangeburg,SC,29118,,,,,,,,,No,,,,,,,,,,,,,,,,,,,,,,,,,,,,,
Dr. Gordon R. Weigle,,74,,,,,,, 2850 Pelham Court,,,SC,,,,,,,,,,No,,,,,,,,,,,,,,,,,,,,,,,,,,,,,
Dr. Jimmy Gardner,,741,,,8035360058,,,,1481 Riverbank Dr                          ,,Orangeburg,SC,,,,,,,,,,No,,,,,,,,,,,,,,,,,,,,,,,,,,,,,
Dr. Joe Hendrix,,75,,,,,,,1557 Carolina Ave.,,Orangeburg,SC,29118,,,,,,,,,No,,,,,,,,,,,,,,,,,,,,,,,,,,,,,
Dr. Richard Sterling,,2256,,,8035343324,,,,2221 Saint Matthews Rd,,Orangeburg,SC,,,,,,,,,,No,,,,,,,,,,,,,,,,,,,,,,,,,,,,,
Dr. Robert Smoak,,1681,,,8035344254,,,,1739 Village Park Dr,,Orangeburg,SC,29118,,,,,,,,,No,,,,,,,,,,,,,,,,,,,,,,,,,,,,,
Dr. Wash W. Belangia,,830,,,8435633188,,,,210 Main St. ,,Reevesville,SC,,,,,,,,,,No,,,,,,,,,,,,,,,,,,,,,,,,,,,,,
Dr. Wayne Harley,,77,,,,,,,271 Wiles Street,,Orangeburg,SC,29115,,,,,,,,,No,,,,,,,,,,,,,,,,,,,,,,,,,,,,,
Dr. Williams and Gillespie ,,2016,,,8035312300,,,,1175 Cook Rd Suite 145,,Orangeburg,SC,,,,,,,,,,No,,,,,,,,,,,,,,,,,,,,,,,,,,,,,
Dr. Williamson & Gillespie,,2396,Susan,Behles,8035342116,,,,1175 Cook Rd,Suite 145,Orangeburg,SC,29118,,,,,,,,,No,,,,,,,,,,,,,,,,,,,,,,,,,,,,,
Dr. Willie Louis,,2730,Rachel,White,(803) 534-2270,,,,1102 Summers Ave,,Orangeburg,SC,29115,,,,,,,,,No,,,,,,,,,,,,,,,,,,,,,,,,,,,,,
Drayton Bryant,,78,,,,,,,P O Box 1723,,Orangeburg,SC,29116,,,,,,,,,No,,,,,,,,,,,,,,,,,,,,,,,,,,,,,
Dreama Pruett,,5984,Dreama,Pruett,(843) 817-5100,dreama@dreama.com,,Home Address,482 Santee Drive,,Santee,SC,29142,,,,,,,"#fiberCustomer, #residential",,Yes,,,,,,,,,,,,,,,,,,,,,,,,,,,,,
Dresidon Mixon,,4341,,,8033356235,,,,80 Old Salem Rd,,Barnwell,SC,29812,,,,,,,,,No,,,,,,,,,,,,,,,,,,,,,,,,,,,,,
Drew Fanning,,8456,Drew,Fanning,(803) 596-7859,,,,204 Todd Creek Rd,,Neeses,South Carolina,29107-9604,,,,,,,,,Yes,,,,,,,,,,,,,,,,,,,,,,,,,,,,,
Drew McDonald,,681,,,,,,,185 Heatleys End Rd,,Santee,SC,29142,,,,,,,,,No,,,,,,,,,,,,,,,,,,,,,,,,,,,,,
Drive Away Auto,,5953,Eric,Green,(803) 860-2373,,,9251 Old Number Six Highway,,,Santee,SC,29047,,,,,,,,,Yes,,,,,,,,,,,,,,,,,,,,,,,,,,,,,
DS of South Carolina,,63,Greg,Albergotti,(803) 536-2445,,,,P O Box 2736,,Orangeburg,SC,29116,,,,,,,,,No,,,,,,,,,,,,,,,,,,,,,,,,,,,,,
Duane Webber,,1063,Duane,Webber,(843) 817-1120,,,,2245 Tee Vee Rd,,Elloree,SC,29047,,,,,,,,,No,,,,,,,,,,,,,,,,,,,,,,,,,,,,,
Duane Weber,,1048,,,8438171120,,,,2245 Tee Vee Rd.,,Elloree,SC,29047,,,,,,,,,No,,,,,,,,,,,,,,,,,,,,,,,,,,,,,
Duckett Physical Therapy & Sports Rehab C,,79,Duckett,Physical Therapy & Sports Rehab C,8035344050,,,,1620 Broughton St.,,Orangeburg,SC,29115,,,,,,,,,No,,,,,,,,,,,,,,,,,,,,,,,,,,,,,
Dukes Auction Group,,3166,Dukes,Auction Group,8032472776,,,,5526 Savannah Hwy,,North,SC,29112,,,,,,,,,No,,,,,,,,,,,,,,,,,,,,,,,,,,,,,
Dukes Harley Funeral Home,,4649,,,8035346621,,,,3379 Columbia Rd,,Orangeburg,SC,29118,,,,,,,,,No,,,,,,,,,,,,,,,,,,,,,,,,,,,,,
Dunkin,,8635,Scott,Fogleman,,sfogleman@ddcoastal.com,,,8842 Old Number Six Highway,,Santee,SC,29142,,,,,,,,,Yes,,,,,,,,,,,,,,,,,,,,,,,,,,,,,
Dunkin Santee,,8640,Scott,Fogleman,,sfogleman@ddcoastal.com,,,8842 Old Number Six Highway,,Santee,SC,29142,,,,,,,,,Yes,,,,,,,,,,,,,,,,,,,,,,,,,,,,,
duplicate,,2419,,,,,,,,,,,,,,,,,,,,No,,,,,,,,,,,,,,,,,,,,,,,,,,,,,
duplicate,,2721,,,,,,,,,,,,,,,,,,,,No,,,,,,,,,,,,,,,,,,,,,,,,,,,,,
Dustin Bates,,8044,Dustin,Bates,(803) 707-9836,dustin@mycornerstone.me,,Cornerstone Church,1481 Chestnut Street,,Orangeburg,SC,29115,,,,,,,,,Yes,,,,,,,,,,,,,,,,,,,,,,,,,,,,,
Dustin Hunter,,4938,Dustin,Hunter,8033175357,,,,117 Wateree Dr,,Santee,SC,,,,,,,,"#fiberCustomer, #residential",,No,,,,,,,,,,,,,,,,,,,,,,,,,,,,,
Dustine Hewitt,,5657,Dustine,Hewitt,,,,,100 Saluda Drive,,Santee,SC,29142,,,,,,,"#fiberCustomer, #residential",,No,,,,,,,,,,,,,,,,,,,,,,,,,,,,,
Dwayne Beane,,2036,,,8435601119,,,,166 Judy Bay rd,,Reevesville,SC,29471,,,,,,,,,No,,,,,,,,,,,,,,,,,,,,,,,,,,,,,
Dwayne Sanders,,5744,,,8033785509,,,,6601 johnston ave,,Reevesville ,SC,29471,,,,,,,,,No,,,,,,,,,,,,,,,,,,,,,,,,,,,,,
Dwight Frierson,,2403,,,8035364047,,,,1030 Moss Ave   ,,Orangeburg,SC,29115,,,,,,,,,No,,,,,,,,,,,,,,,,,,,,,,,,,,,,,
Dwight Golson,,8169,Dwight ,Golson,(912) 373-5122,dgolson86@gmail.com,,,173 William Clark Boulevard,,Santee,SC,29142,,,,,,,,,Yes,,,,,,,,,,,,,,,,,,,,,,,,,,,,,
Dwight Hagwood,,5363,Dwight,Hagwood,(843) 412-4134,,,,134 Cooper Circle,,Santee,SC,29142,,,,,,,"#fiberCustomer, #residential",,No,,,,,,,,,,,,,,,,,,,,,,,,,,,,,
Dwight Herron,,3137,,,8039376922,,,,4137 Columbia Rd,,Orangeburg,SC,29115,,,,,,,,,No,,,,,,,,,,,,,,,,,,,,,,,,,,,,,
Dwight Mirmow,,5854,Dwight,Mirmow,8033617055,,,,119 Wateree Drive,,Santee,SC,29142,,,,,,,"#fiberCustomer, #residential",,No,,,,,,,,,,,,,,,,,,,,,,,,,,,,,
Dwight Neil ,,4358,,,8435602216,,,,609 Knott Drive ,,Eutawville ,SC,,,,,,,,,,No,,,,,,,,,,,,,,,,,,,,,,,,,,,,,
Dwight Summers Sr,,3920,,,8035361741,,,,1838 Merle Dr,,,SC,,,,,,,,,,No,,,,,,,,,,,,,,,,,,,,,,,,,,,,,
Dwight's Body Shop,,3486,Dwights,Body Shop,(803) 533-1620,,,,1461 Joe S Jeffords Hwy,,Orangeburg,SC,29115,,,,,,,,,No,,,,,,,,,,,,,,,,,,,,,,,,,,,,,
Dyanna Myers,,1202,,,8038972025,,,,189 Brass Lantern Ln,,Elloree,SC,,,,,,,,,,No,,,,,,,,,,,,,,,,,,,,,,,,,,,,,
Dylan & Veronica Scoggins,,2783,,,7065503565,,,,100 Cooper Dr,,Santee,SC,29142,,,,,,,"#fiberCustomer, #residential",,No,,,,,,,,,,,,,,,,,,,,,,,,,,,,,
Dylan Fanning,,5715,Dylan,Fanning,(803) 596-2099,,,,178 Walsh Road,,Neeses,SC,,,,,,,,,,No,,,,,,,,,,,,,,,,,,,,,,,,,,,,,
Dylan Murphy,,6229,Dylan,Murphy,(843) 812-8302,,,,1358 Lands End Road,,Orangeburg,SC,29115,,,,,,,,,Yes,,,,,,,,,,,,,,,,,,,,,,,,,,,,,
Dynisha Johnson,,2248,,,8438702862,,,,147 Netherlands Dr,,Santee,SC,29142,,,,,,,,,No,,,,,,,,,,,,,,,,,,,,,,,,,,,,,
E & R Trucking,,1070,,,8038476064,,,,137 Brookstone Rd.,,Santee,SC,29142,,,,,,,,,No,,,,,,,,,,,,,,,,,,,,,,,,,,,,,
E Place Trader World,,1580,,,8438340311,,,,701 Bass Drive,,Santee,SC,29142,,,,,,,,,No,,,,,,,,,,,,,,,,,,,,,,,,,,,,,
Eadies Construction,,8103,Megan,Lawson,(843) 875-5674,,,,147 Vacuum Lane,,Ridgeville,SC,29472,,,,,,,,,Yes,,,,,,,,,,,,,,,,,,,,,,,,,,,,,
Eamion Bradley,,2093,,,8038376305,,,,251 Rexford Ct,,Santee,SC,29142,,,,,,,,,No,,,,,,,,,,,,,,,,,,,,,,,,,,,,,
Earl Bruce,,2725,,,8035313721,,,,4860 Charleston Hwy,,Rowesville,SC,29133,,,,,,,,,No,,,,,,,,,,,,,,,,,,,,,,,,,,,,,
Earl Brunson,,2556,,,8038291687,,,,491 Bowman Branch Hwy,,Bowman,SC,29018,,,,,,,,,No,,,,,,,,,,,,,,,,,,,,,,,,,,,,,
Earl Kenley,,6150,earl,kenley,(803) 747-5716,,,,2719 West Cleveland Street,,Elloree,SC,29047,,,,,,,,,Yes,,,,,,,,,,,,,,,,,,,,,,,,,,,,,
Earl Kinley,,1856,,,8037072420,,,,321 Race Track Rd,,Elloree,SC,29047,,,,,,,,,No,,,,,,,,,,,,,,,,,,,,,,,,,,,,,
Earl Penn,,5559,Earl,Penn,8642372373,,,,122 Cooper Dr,,Santee,SC,29118,,,,,,,"#fiberCustomer, #residential",,No,,,,,,,,,,,,,,,,,,,,,,,,,,,,,
Early & Ness,,80,,,,,,,PO Box 909,,Bamberg ,SC,29003,,,,,,,,,No,,,,,,,,,,,,,,,,,,,,,,,,,,,,,
Earlyne Shuler,,3162,,,8038543970,,,,469 Santee Dr,,Santee,SC,29142,,,,,,,"#fiberCustomer, #residential",,No,,,,,,,,,,,,,,,,,,,,,,,,,,,,,
Earnestine Felder,,2863,,,8035347728,,,,151 Mozell Ln,,Bowman,SC,29018,,,,,,,,,No,,,,,,,,,,,,,,,,,,,,,,,,,,,,,
Earnestine Fogle,,3228,,,8038543239,,,,174 Santee Lumber Rd,,Santee,SC,29142,,,,,,,,,No,,,,,,,,,,,,,,,,,,,,,,,,,,,,,
Eartha Tate,,3547,,,8035344916,,,,146 Sweet Maple Dr,,Orangeburg,SC,29118,,,,,,,,,No,,,,,,,,,,,,,,,,,,,,,,,,,,,,,
Ebone Smith,,4893,,,8033085315,,,,2027 Tee Vee rd ,,Elloree,SC,,,,,,,,,,No,,,,,,,,,,,,,,,,,,,,,,,,,,,,,
Eboni White,,8467,Eboni,White,(843) 475-6278,white.e.m.81@gmail.com,,,123 Congaree Ct,,Santee,South Carolina,29142-9513,,,,,,,,,Yes,,,,,,,,,,,,,,,,,,,,,,,,,,,,,
Ebonie Darby,,4964,,,8038786478,,,,310 Galveston Drive,,Elloree,SC,29047,,,,,,,,,No,,,,,,,,,,,,,,,,,,,,,,,,,,,,,
Ebonique Moorer,,5383,,,8036645055,,,,2851 Cleveland st ,,Santee ,SC,Santee,,,,,,,,,No,,,,,,,,,,,,,,,,,,,,,,,,,,,,,
Ebonique Moorer,,772,,,8038542665,,,,308 Wactor Dr,,Santee,SC,29142,,,,,,,,,No,,,,,,,,,,,,,,,,,,,,,,,,,,,,,
EconLodge,,5469,,,8036640263,,,,1415 John C Calhoun Dr,,Orangeburg,SC,29115,,,,,,,,,No,,,,,,,,,,,,,,,,,,,,,,,,,,,,,
Econolodge santee,,1145,Viren,Patel,(803) 854-3870,Virenp21@gmail.com,,Econolodge,9112 Old Number Six Highway,,Santee,SC,29142,,,,,,,,,No,,,,,,,,,,,,,,,,,,,,,,,,,,,,,
Ecoscape,,4210,,,8039285380,,,,174 Millennium Drive,,Orangeburg,SC,29115,,,,,,,,,No,,,,,,,,,,,,,,,,,,,,,,,,,,,,,
Ed and Elaine Calianese,,8148,Elaine,Calianese,(803) 854-3011,,,,671 Plantation Drive,,Santee,SC,29142,,,,,,,,,Yes,,,,,,,,,,,,,,,,,,,,,,,,,,,,,
Ed Lebenhaft,,1685,Ed,Lebenhaft,(803) 496-4205,edleban@outlook.com,,,115 Birdie Ct,,Santee,SC,29142,,,,,,,,,No,,,,,,,,,,,,,,,,,,,,,,,,,,,,,
Ed Mowry,,8653,Ed,Mowry,(803) 535-2873,,,,4450 Columbia Rd,,Orangeburg,South Carolina,29118-9320,,,,,,,,,Yes,,,,,,,,,,,,,,,,,,,,,,,,,,,,,
Ed Ravenell,,733,,,8034965452,,,,511 Mount Olive Rd,,Santee,SC,29142,,,,,,,,,No,,,,,,,,,,,,,,,,,,,,,,,,,,,,,
Eddie Lesaine,,3743,,,,,,,199 Ballard Lane,,Santee,SC,29142,,,,,,,,,No,,,,,,,,,,,,,,,,,,,,,,,,,,,,,
Eddie Macon,,4235,Eddie,Macon,8037596784,,,,167 Strong Drive,,Holly Hill,SC,29059,,,,,,,,,No,,,,,,,,,,,,,,,,,,,,,,,,,,,,,
Eddie Wingard,,3119,Eddie,Wingard,(803) 378-3161,wingardswood@aol.com,,,165 September Ln,,Neeses,SC,29107,,,,,,,,,No,,,,,,,,,,,,,,,,,,,,,,,,,,,,,
Eden Hood,,3829,,,8035962822,,,,580 Rainbow Court,,Orangeburg,SC,29115,,,,,,,,,No,,,,,,,,,,,,,,,,,,,,,,,,,,,,,
Edgar Hosey,,3735,,,8033006931,,,,501 Casa Ct,,Orangeburg,,29118,,,,,,,,,No,,,,,,,,,,,,,,,,,,,,,,,,,,,,,
Edgar Thompson,,6275,Edgar,Thompson,(717) 870-8922,,,,197 Ballards Lane,,Santee,SC,29142,,,,,,,,,Yes,,,,,,,,,,,,,,,,,,,,,,,,,,,,,
Edie Shelton,,2354,,,8033086709,,,,6066 Old # 6 Hwy,,Elloree,SC,29047,,,,,,,,,No,,,,,,,,,,,,,,,,,,,,,,,,,,,,,
Edisto Carriers,,3171,,,,,,,7 Lombardi Ct,,Orangeburg,SC,29118,,,,,,,,,No,,,,,,,,,,,,,,,,,,,,,,,,,,,,,
Edisto Drive Comunity Center ,,4565,,,8036629191,,,,2020 Sharperson dr,,Orangeburg ,SC,29115,,,,,,,,,No,,,,,,,,,,,,,,,,,,,,,,,,,,,,,
Edisto Engineering Inc,,82,Edisto,Engineering Inc,(803) 536-1104,,,,650 Broughton St,,Orangeburg  ,SC,29115,,,,,,,,,No,,,,,,,,,,,,,,,,,,,,,,,,,,,,,
Edisto Habitat for Humanity,,2010,Edisto,Habitat for Humanity,(803) 536-2300,edistohsh@ntinet.com,,,260 John C Calhoun Drive,,Orangeburg,SC,29118,Mary Margaret,,(803) 539-2242,,,,,,No,,,6622,,,,,,,,,,,,,,,,,,,,,,,,,,
Edisto Heating & Cooling Inc,,83,,,8035361908,,,,2105 Legrand Smoak Street,,Cordova ,SC,29039,,,,,,,,,No,,,,,,,,,,,,,,,,,,,,,,,,,,,,,
"Edisto Mobile Home Supply, Hardware & Parts",,8002,Richard,Sease,(803) 534-6600,,,,3223 Bamberg Rd,,Orangeburg,SC,29115,,,,,,,,,Yes,,,,,,,,,,,,,,,,,,,,,,,,,,,,,
Edisto Outdoor Advertising,,8494,Joe,Fairey,(803) 707-0319,,,,PO Box 156,,St Matthews,SC,29135,,,,,,,,,Yes,,,,,,,,,,,,,,,,,,,,,,,,,,,,,
Edisto Pet Clinic,,2193,Edisto,Pet Clinic,(803) 533-0153,,,,1309 Springdale Dr,,Orangeburg,SC,29118,,,,,,,,,No,,,,,,,,,,,,,,,,,,,,,,,,,,,,,
Edisto Vision Center,,84,Dr. Sidney F. Thomas III,.,(803) 536-3755,idoctor@aol.com,,,915 John C. Calhoun Dr.,,Orangeburg,SC,29115,Destiny,,(803) 536-3755,,,,,,No,,,,,,,,,,,,,,,,,,,,,,,,,,,,,
Edith Hilliard,,497,,,8034965946,,,,1578 Mount Olive Rd,,Holly Hill,SC,29059,,,,,,,,,No,,,,,,,,,,,,,,,,,,,,,,,,,,,,,
Edith Hilliard ,,2475,,,8038542983,,,,157 Hollis Rd,,Santee,SC,29142,,,,,,,,,No,,,,,,,,,,,,,,,,,,,,,,,,,,,,,
Edmunds Forestry,,5741,,,8037078942,,,,792 Green Street,,Orangeburg,SC,29115,,,,,,,"#fiberCustomer, #residential",,No,,,,,,,,,,,,,,,,,,,,,,,,,,,,,
Edna Carlton,,2480,Edna,Carlton,(803) 387-7150,,,,611 Santee Drive,,Santee,SC,,,,,,,,"#fiberCustomer, #residential",,No,,,,,,,,,,,,,,,,,,,,,,,,,,,,,
Edna Fischer,,2787,,,8035341121,,,,4482 columbia Rd,,Orangeburg,SC,29118,,,,,,,,,No,,,,,,,,,,,,,,,,,,,,,,,,,,,,,
Edna Rivers,,3611,,,,,,,1381 Saint Anne Street,,Orangeburg ,SC,29115,,,,,,,,,No,,,,,,,,,,,,,,,,,,,,,,,,,,,,,
Edward Adams,,2573,,,8038972176,,,,110 Live Oak Rd,,Elloree,SC,29047,,,,,,,,,No,,,,,,,,,,,,,,,,,,,,,,,,,,,,,
Edward Burch,,5237,Edward,Burch,8433733677,,,,8256 old state rd,,Cameron,SC,29030,,,,,,,,,No,,,,,,,,,,,,,,,,,,,,,,,,,,,,,
Edward Calianese,,3751,,,3153342564,,,,129 Ballard Point phase 2,,Santee,SC,29142,,,,,,,,,No,,,,,,,,,,,,,,,,,,,,,,,,,,,,,
Edward Chardo,,8155,Edward,Chardo,(207) 590-7456,edwardtchardo@gmail.com,,,12 Thomas Walter Circle,,Santee,SC,29142,,,,,,,,,Yes,,,,,,,,,,,,,,,,,,,,,,,,,,,,,
Edward Genthert,,2565,Edward,Genthert,8038540108,,,,24 Peter Collinson Rd,,Santee,SC,29142,,,,,,,,,No,,,,,,,,,,,,,,,,,,,,,,,,,,,,,
Edward Givens,,4109,Edward,Givens,(803) 226-4179,,,,6819 Barnwell Rd,,Blackville,SC,29817,,,,,,,,,No,,,,,,,,,,,,,,,,,,,,,,,,,,,,,
Edward Halcomb,,578,Edward,Halcome,(803) 974-9226,,,,31 Peter Collinson,,Santee,SC,,,,,,,,,,No,,,,,,,,,,,,,,,,,,,,,,,,,,,,,
Edward Hartzog ,,4314,,,8435601543,,,,1034 St. Julien ,,Eutawville ,SC,,,,,,,,,,No,,,,,,,,,,,,,,,,,,,,,,,,,,,,,
Edward Howell,,3981,Edward,Howell,(803) 709-0025,,,,228 Old Salem Road,,Barnwell,SC,29812,,,,,,,,,No,,,,,,,,,,,,,,,,,,,,,,,,,,,,,
Edward Jones #1955,,6269,Dustin,Leuchtefeld,(314) 515-6688,NS-Project-Rollout@edwardjones.com,,Service Location,625 Bass Drive,,Santee,SC,29142,,,,,,,,,Yes,,,,,,,,,,,,,,,,,,,,,,,,,,,,,
Edward Langston Sr,,784,Edward,Langston Sr,(803) 707-4481,,,,1474 Shulmer Rd     ,,Cameron,SC,29030,,,,,,,,,No,,,,,,,,,,,,,,,,,,,,,,,,,,,,,
Edward M. Stokes,,4167,,,8039710664,,,,710 Shuler Belt Road,,Orangeburg,SC,29059,,,,,,,,,No,,,,,,,,,,,,,,,,,,,,,,,,,,,,,
Edward Sanders,,8042,Edward,Sanders,(843) 830-3173,leeedw1943@gmail.com,,,403 Ballard Lane,,Santee,SC,29142,,,,,,,,,Yes,,,,,,,,,,,,,,,,,,,,,,,,,,,,,
Edward Shuler,,4000,Edward,Shuler,(803) 682-2643,,,,318 Harvest Dr,,Cameron,SC,29030,,,,,,,,,No,,,,,,,,,,,,,,,,,,,,,,,,,,,,,
Edward Zeigler,,2386,,,8037073687,,,,235 Garbarone Rd,,Elloree,SC,29047,,,,,,,,,No,,,,,,,,,,,,,,,,,,,,,,,,,,,,,
Edythe Williams,,2163,,,8038973030,,,,311 Sorin Circle,,Elloree,SC,29047,,,,,,,,,No,,,,,,,,,,,,,,,,,,,,,,,,,,,,,
Efrem Parler,,5459,,,8038960968,,,,3547 Kennerly Road,,Orangeburg,SC,29118,,,,,,,,,No,,,,,,,,,,,,,,,,,,,,,,,,,,,,,
Ehrhardt Speed Stop,,3122,,,8032472536,,,,PO Box 511,,Norway ,SC,29113,,,,,,,,,No,,,,,,,,,,,,,,,,,,,,,,,,,,,,,
Eileen Fitzpatrick,,8112,Eileen,Fitzpatrick,(919) 638-8355,EMF.stores@gmail.com,,,205 Myrtlewood Drive,,Santee,SC,29142,,,,,,,,,Yes,,,,,,,,,,,,,,,,,,,,,,,,,,,,,
EJ Adgerson,,1964,,,8033475022,,,,139 Brookstone Rd,,Santee,SC,29142,,,,,,,,,No,,,,,,,,,,,,,,,,,,,,,,,,,,,,,
Ekundayo A. Azibo,,3636,,,8035395013,,,,102 Jade Circle,,Orangeburg,SC,29115,,,,,,,,,No,,,,,,,,,,,,,,,,,,,,,,,,,,,,,
El Toro Bar & Grill,,8016,Jason,,(803) 535-2220,,,,885 Chestnut St,,Orangeburg,South Carolina,29115-3503,,,,,,,,,Yes,,,,,,,,,,,,,,,,,,,,,,,,,,,,,
Elaine Cave,,3220,,,8035341344,,,,1003 Todd Creek Road,,Neeses,SC,29107,,,,,,,,,No,,,,,,,,,,,,,,,,,,,,,,,,,,,,,
Elaine Dukes,,2216,Elaine,Dukes,8435634944,,,,3365 ReevesVille Rd,,Reevesville,SC,29471,,,,,,,,,No,,,,,,,,,,,,,,,,,,,,,,,,,,,,,
Elaine Goodwin,,916,Elaine,Goodwin,(732) 259-7611,,,,7416 Five Chop Rd.,,Santee,SC,29142,,,,,,,,,No,,,,,,,,,,,,,,,,,,,,,,,,,,,,,
Elaine Haigler,,1005,Elaine,Haigler,(803) 682-0331,,,,175 Harvest Drive,,Cameron,SC,,,,,,,,,,No,,,,,,,,,,,,,,,,,,,,,,,,,,,,,
Elaine Jefferson,,5667,,,8034966408,,,,3251 Tee Vee Rd,,Santee,SC,29142,,,,,,,,,No,,,,,,,,,,,,,,,,,,,,,,,,,,,,,
Elaine Mims,,4119,,,8037474744,,,,108 Project Road,,Bowman,SC,29018,,,,,,,,,No,,,,,,,,,,,,,,,,,,,,,,,,,,,,,
Elaine Pauling,,5437,Elaine,Pauling,8035701687,,,,821 wolfe street,,Elloree,SC,29047,,,,,,,,,No,,,,,,,,,,,,,,,,,,,,,,,,,,,,,
Elaine Platt,,3504,,,8033934600,,,,245 Prestige Cr,,Orangeburg,SC,29118,,,,,,,,,No,,,,,,,,,,,,,,,,,,,,,,,,,,,,,
Elaine Stroman,,3454,,,8038293195,,,,1082 country rd,,Bowman,SC,,,,,,,,,,No,,,,,,,,,,,,,,,,,,,,,,,,,,,,,
Elayne Sevigny,,4803,,,8034103055,,,,1127 Cleavland st ,,Elloree ,SC,,,,,,,,,,No,,,,,,,,,,,,,,,,,,,,,,,,,,,,,
Elbert Webster,,2448,,,7578125196,,,,116 Parklane Dr,,Santee,SC,29142,,,,,,,,,No,,,,,,,,,,,,,,,,,,,,,,,,,,,,,
Eldon Kimmel,,2395,Eldon,Kimmel,8038973101,,,,5100 Five Chop Rd,,Cameron,SC,29030,,,,,,,,,No,,,,,,,,,,,,,,,,,,,,,,,,,,,,,
Eleanor Jakeman,,921,,,8037073620,,,,7025 Sea Bluff Dr.,,Santee,SC,29142,,,,,,,,,No,,,,,,,,,,,,,,,,,,,,,,,,,,,,,
Eleanor James,,1562,,,8038540153,,,,112 Montegue St,,Santee,SC,29142,,,,,,,,,No,,,,,,,,,,,,,,,,,,,,,,,,,,,,,
Electric Yates,,4310,,,,,,,401 Ballards Ln,,Santee,SC,29142,,,,,,,,,No,,,,,,,,,,,,,,,,,,,,,,,,,,,,,
Eleventh Hour Baptist Church,,6129,Jeannette,Void,(803) 378-2888,,,,6342 Old State Road,,Holly Hill,SC,29059,,,,,,,,,Yes,,,,,,,,,,,,,,,,,,,,,,,,,,,,,
Elexis Morris,,7963,Elexis,Morris,(803) 571-7212,,,,4493 Reedy Branch Road,,Blackville,SC,,,,,,,,,,Yes,,,,,,,,,,,,,,,,,,,,,,,,,,,,,
Elexiz Foster,,5702,,,8036142628,,,,126 Mcgonigle lane,,Santee,SC,29142,,,,,,,,,No,,,,,,,,,,,,,,,,,,,,,,,,,,,,,
Elijah Fleming,,2139,,,8033785011,,,,437 Scott St.,,Orangeburg,SC,29115,,,,,,,,,No,,,,,,,,,,,,,,,,,,,,,,,,,,,,,
Elijah Flemming,,2552,,,8033785011,,,,122 Keyport ,The Ville Apartment Apt 122,Orangeburg,SC,29118,,,,,,,,,No,,,,,,,,,,,,,,,,,,,,,,,,,,,,,
Elimagbier Baez,,7972,Elimagbier,Baez,(803) 857-3653,EE.baezm@gmail.com,,,229 Cooper Drive,,Santee,SC,29142,,,,,,,"#fiberCustomer, #residential",,Yes,,,,,,,,,,,,,,,,,,,,,,,,,,,,,
Elin and Randy Reed,,6008,Elinore,Reed,(731) 363-3751,randalprestonreed@gmail.com,,,227 Green Street,,Santee,SC,29142,,,,,,,"#fiberCustomer, #residential",,Yes,,,,,,,,,,,,,,,,,,,,,,,,,,,,,
Elite Credit Services LLC,,5536,Elite,Credit Services LLC,(803) 971-0426,,,,130 Business Park Dr,,Santee,SC,29142,,,,,,,,,No,,,,,,,,,,,,,,,,,,,,,,,,,,,,,
Elizabeth Deal ,,4594,,,7177124392,,,,613 Ballard lane  ,,Santee ,SC,29142,,,,,,,,,No,,,,,,,,,,,,,,,,,,,,,,,,,,,,,
Elizabeth Gregg,,5105,Elizabeth,Gregg,8052455377,,,,100 Cooper Dr,,Santee,SC,29142,,,,,,,"#fiberCustomer, #residential",,No,,,,,,,,,,,,,,,,,,,,,,,,,,,,,
Elizabeth Hain,,475,,,8038545058,,,,26 Peter Colinson rd,,Santee,SC,29142,,,,,,,,,No,,,,,,,,,,,,,,,,,,,,,,,,,,,,,
Elizabeth Hammond,,4340,,,8038542867,,,,117 Cooper Circle,,Santee,SC,29142,,,,,,,"#fiberCustomer, #residential",,No,,,,,,,,,,,,,,,,,,,,,,,,,,,,,
Elizabeth Harrison,,5990,Elizabeth,Harrison,(843) 300-7772,,,Home,2 Thomas Walter Circle,,Santee,SC,29142,,,,,,,,,Yes,,,,,,,,,,,,,,,,,,,,,,,,,,,,,
Elizabeth Nichols,,5905,Elizabeth ,Nichols,(843) 323-6537,,,,525 Pickett Level Road,,Elloree,SC,29047,,,,,,,,,Yes,,,,,,,,,,,,,,,,,,,,,,,,,,,,,
Elizabeth Nielsen ,,5502,Elizabeth,Nielsen ,(843) 901-3325,,,,33 Andre Michaux Road,,Santee ,SC,29142,,,,,,,,,No,,,,,,,,,,,,,,,,,,,,,,,,,,,,,
Elizabeth Ramponi,,1836,,,8038543095,,,,1010 Myrtle Dr,,Santee,SC,,,,,,,,,,No,,,,,,,,,,,,,,,,,,,,,,,,,,,,,
Elizabeth Rumph,,2756,,,8037071177,,,,139 Bridge St. ,,St. Matthews,SC,,,,,,,,,,No,,,,,,,,,,,,,,,,,,,,,,,,,,,,,
Elizabeth Salazar,,2729,,,8038374293,,,,1719 Cleveland St,,Elloree,SC,29047,,,,,,,,,No,,,,,,,,,,,,,,,,,,,,,,,,,,,,,
Elizabeth Webb,,6053,Elizabeth,Webb,(803) 664-0955,,,New home,3 Peter Collinson Rd,,Santee,South Carolina,29142-8300,,,,,,,,,Yes,,,,,,,,,,,,,,,,,,,,,,,,,,,,,
Ella Jefferson,,3517,Ella,Jefferson,8033786030,,,,247 Silas Ln,,Santee,SC,29142,,,,,,,,,No,,,,,,,,,,,,,,,,,,,,,,,,,,,,,
Ella Shuler,,1526,Ella,Shuler,(803) 596-9511,,,,410 Settler Rd,,Bowman,SC,,,,,,,,,,No,,,,,,,,,,,,,,,,,,,,,,,,,,,,,
Ellen Easterlin,,3210,,,8038292918,,,,6548 Vance Rd,,Bowman,SC,29018,,,,,,,,,No,,,,,,,,,,,,,,,,,,,,,,,,,,,,,
Ellen Hicks,,2289,,,8038281350,,,,610 Avens Ct.,,Bowman,SC,29018,,,,,,,,,No,,,,,,,,,,,,,,,,,,,,,,,,,,,,,
Ellen Manson,,3903,,,8033478689,,,,30 Thunder Circle,,Santee,SC,29142,,,,,,,,,No,,,,,,,,,,,,,,,,,,,,,,,,,,,,,
Elliot Shuler,,2810,Elliot,Shuler,(803) 759-0089,,,,3627 Vance Rd,,Holly Hill,SC,,,,,,,,,,No,,,,,,,,,,,,,,,,,,,,,,,,,,,,,
Ellis Thigpen,,276,Ellis,Thigpen,8034967527,,,,2055 Antioch Rd,,Santee,SC,29142,,,,,,,,,No,,,,,,,,,,,,,,,,,,,,,,,,,,,,,
Elloree Animal Rescue,,6324,Jane,Singh,(803) 331-8267,,,,2610 East Cleveland Street,,Elloree,SC,29047,,,,,,,,,Yes,,,,,,,,,,,,,,,,,,,,,,,,,,,,,
Elloree Auto Parts,,615,Elloree,Auto Parts,8038972118,,,,2903 Clevland Street,,Elloree,SC,29047,,,,,,,,,No,,,,,,,,,,,,,,,,,,,,,,,,,,,,,
Elloree Bed & Breakfast,,423,,,8038972528,,,,660 Hampton St,,Elloree,SC,29047,,,,,,,,,No,,,,,,,,,,,,,,,,,,,,,,,,,,,,,
Elloree Boys & Girls Club,,637,John,Singh,,,,,696 Harlin St,,Elloree,SC,,,,,,,,,,No,,,,,,,,,,,,,,,,,,,,,,,,,,,,,
Elloree Family Practice - Santee,,3184,Elloree,Family Practice - Santee,(803) 854-3805,,,,8799 old number 6 Hwy,,Santee,SC,29142,,,,,,,,,No,,,,,,,,,,,,,,,,,,,,,,,,,,,,,
Elloree Family Pratice,,478,,,,,,,2734 Cleveland St         ,,Elloree,SC,,,,,,,,,,No,,,,,,,,,,,,,,,,,,,,,,,,,,,,,
Elloree Gin Co.,,85,Elloree,Gin Co.,(803) 897-2141,,,,235 Snider St,,Elloree,SC,29047,,,,,,,,,No,,,,,,,,,,,,,,,,,,,,,,,,,,,,,
Elloree Heritage Museum,,398,Elloree,Heritage Museum,(803) 897-2225,,,,2714 Cleveland Street,,Elloree,SC,29047,,,,,,,,,No,,,,,,,,,,,,,,,,,,,,,,,,,,,,,
Elloree Lake Marion Properties,,87,,,,,,,549 Stumphole Rd,,Elloree,SC,29047,,,,,,,,,No,,,,,,,,,,,,,,,,,,,,,,,,,,,,,
Elloree Motor Co. LLC,,4404,,,8037070708,,,,2406 Tee Vee rd,,Elloree,SC,29047,,,,,,,,,No,,,,,,,,,,,,,,,,,,,,,,,,,,,,,
Elloree Service Center,,3984,Sabrina,.,8037074418,,,,6410 Old Hwy 6,,Elloree,SC,29142,,,,,,,,,No,,,,,,,,,,,,,,,,,,,,,,,,,,,,,
Elloree Town Hall / Police Department,,88,Elloree,Town Hall / Police Department,(803) 897-2821,,,,2719 West Cleveland Street,,Elloree,SC,29047,,,,,,,,,No,,,,,,,,,,,,,,,,,,,,,,,,,,,,,
Elloree Training Center,,5920,Elloree,Training Center,(803) 897-2616,,,,1 Race Track Road,,Elloree,SC,29047,,,,,,,,,Yes,,,,,,,,,,,,,,,,,,,,,,,,,,,,,
Elloree Truck Stop,,4961,Jigneshkumar,Desai,8033476858,,,,6642 Old Number 6 hwy,,Elloree ,SC,,Ray,,(224) 830-1901,,,,,,No,,,,,,,,,,,,,,,,,,,,,,,,,,,,,
Elloree United Methodist Church,,875,,,8038972015,,,,501 Barkley St,,Elloree,SC,29047,,,,,,,,,No,,,,,,,,,,,,,,,,,,,,,,,,,,,,,
Elloree Water System,,1677,Elloree,Water System,(803) 897-1066,elloreewatersystem@ntinet.com,,,2623 Cleveland St,,Elloree,SC,29047,,,,,,,,,No,,,,,,,,,,,,,,,,,,,,,,,,,,,,,
Elnora Bryant,,3545,,,8034965986,,,,506 Boyer Rd,,Holly Hill ,SC,29059,,,,,,,,,No,,,,,,,,,,,,,,,,,,,,,,,,,,,,,
Eloise Nuckels,,923,,,8038545704,,,,109 Santee Cooper Annex,,Santee,SC,29142,,,,,,,,,No,,,,,,,,,,,,,,,,,,,,,,,,,,,,,
Elonda Jamison,,1945,,,8039719287,,,,220 Wactor Dr,,Santee,SC,29142,,,,,,,,,No,,,,,,,,,,,,,,,,,,,,,,,,,,,,,
Elsie Williams,,2778,,,8038542591,,,,8430 old number 6 highway,,Santee,SC,,,,,,,,,,No,,,,,,,,,,,,,,,,,,,,,,,,,,,,,
Emanuel Wright ,,4554,,,8033083479,,,,236 ayers rd,,Orangeburg ,SC,29115,,,,,,,,,No,,,,,,,,,,,,,,,,,,,,,,,,,,,,,
Ematria Asbury,,3702,,,8034960409,,,,121 Gallery Lane,,Vance,SC,29163,,,,,,,,,No,,,,,,,,,,,,,,,,,,,,,,,,,,,,,
Embark Church,,8257,Rachel,Carter,(803) 707-3761,,,,3600 Columbia Road,,Orangeburg,SC,29118,,,,,,,,,Yes,,,,,,,,,,,,,,,,,,,,,,,,,,,,,
Emery Marketing LLC,,2897,Cliff,Emery,8602121600,emerymarketing@yahoo.com,,,PO Box 2469,,Orangeburg,SC,29118,,,,,,,,,No,,,,,,,,,,,,,,,,,,,,,,,,,,,,,
Emily McMahon,,8290,Emily,McMahon,(267) 547-0590,,,,141 Acorn Ln,,Santee,South Carolina,29142-8801,,,,,,,,,Yes,,,,,,,,,,,,,,,,,,,,,,,,,,,,,
Emily Sloter,,5907,Emily,Sloter,(843) 412-9987,,,,8226 Old State Road,,Cameron,SC,29030,,,,,,,,,Yes,,,,,,,,,,,,,,,,,,,,,,,,,,,,,
Emma Adicks,,8651,Emma,Adicks,(803) 664-1107,adickslucy@gmail.com,,,9 Peter Collinson Rd,,Santee,South Carolina,29142-8300,,,,,,,,,Yes,,,,,,,,,,,,,,,,,,,,,,,,,,,,,
Emma Gilmore,,1889,,,8038549105,,,,9670 Old Number Six Hwy.,,Santee,SC,29142,,,,,,,,,No,,,,,,,,,,,,,,,,,,,,,,,,,,,,,
Emma Lamar,,2675,,,8034967797,,,,396 academy lane,,Holly Hill,SC,,,,,,,,,,No,,,,,,,,,,,,,,,,,,,,,,,,,,,,,
Emma Lamar,,3429,,,8034969820,,,,396 Academy Lance,,Holly Hill,SC,29059,,,,,,,,,No,,,,,,,,,,,,,,,,,,,,,,,,,,,,,
Emma Michels,,2085,,,4253673887,,,,104 Santee Cooper Annex,,Santee,SC,29142,,,,,,,,,No,,,,,,,,,,,,,,,,,,,,,,,,,,,,,
Emmenth Lumpkins,,8106,Emmenth,Lumpkins,(843) 729-3404,Cbaileylumpkins@yahoo.com,,,122 William Clark Boulevard,,Santee,SC,29142,,,,,,,,,Yes,,,,,,,,,,,,,,,,,,,,,,,,,,,,,
Emory Reeves,,2135,Emory,Reeves,8435639409,,,,108 Rail Road Ave,,Reevesville,SC,29471,,,,,,,,,No,,,,,,,,,,,,,,,,,,,,,,,,,,,,,
Enderly East Apartments,,1777,,,8035316493,,,,1660 Enderly St,,Orangeburg,SC,29118,,,,,,,,,No,,,,,,,,,,,,,,,,,,,,,,,,,,,,,
Endra Brown,,8076,Endra,Brown,(803) 596-4200,brownendra@yahoo.com,,,139 William Clark Blvd,,Santee,SC,29142,,,,,,,,,Yes,,,,,,,,,,,,,,,,,,,,,,,,,,,,,
Engineering Resources Corp.,,89,,,8035366808,,,,2650 St. Matthews Road,,Orangeburg,SC,29118,,,,,,,,,No,,,,,,,,,,,,,,,,,,,,,,,,,,,,,
Enos S Yoder,,5044,Enos,S Yoder,8033002007,,,,1033 Old Salem rd ,,Hilda ,SC,,,,,,,,,,No,,,,,,,,,,,,,,,,,,,,,,,,,,,,,
Equifab,,1132,Aline,Tucker,(803) 874-4858,,,,2690 Corner Thompson Hwy,,St. Matthews,SC,29135,,,,,,,,,No,,,,,,,,,,,,,,,,,,,,,,,,,,,,,
ERA Wilder (Orangeburg),,972,George,Corley,8035311001,,,,1995 Saint Matthews Rd,,Orangeburg,SC,29118,,,,,,,,,No,,,,,,,,,,,,,,,,,,,,,,,,,,,,,
ERA Wilder (Santee),,768,ERA,Wilder (Santee),(803) 854-2119,,,,250 Plaza Cir       ,,Santee,SC,,,,,,,,,,No,,,,,,,,,,,,,,,,,,,,,,,,,,,,,
Eran McClary,,3765,,,,,,,468 March Rd,,Olar,SC,29843,,,,,,,,,No,,,,,,,,,,,,,,,,,,,,,,,,,,,,,
Eric Corbell,,890,,,8038373427,,,,268 Blume Rd.,,Elloree,SC,29047,,,,,,,,,No,,,,,,,,,,,,,,,,,,,,,,,,,,,,,
Eric Cramer,,5394,Eric,Cramer,2315801641,,,,2145 Slab Landing,,Neeses,SC,29107,,,,,,,,,No,,,,,,,,,,,,,,,,,,,,,,,,,,,,,
Eric Horne,,5808,,,8033473946,,,,3215 Reevesville Road,,Bowman,SC,,,,,,,,,,No,,,,,,,,,,,,,,,,,,,,,,,,,,,,,
Eric or Desiree Matheny,,560,,,8036222182,,,,235 Catherine Way,,Elloree,SC,290-47,,,,,,,,,No,,,,,,,,,,,,,,,,,,,,,,,,,,,,,
Erica Anderson,,2377,,,8033785801,,,,2623 Duncan Chapel RD,,Bowman,SC,29018,,,,,,,,,No,,,,,,,,,,,,,,,,,,,,,,,,,,,,,
Erica Martin,,6226,Erica,Martin,(803) 566-5034,ericamartin339@yahoo.com,,,374 State Road S-38-200,,Santee,SC,29142,,,,,,,,,Yes,,,,,,,,,,,,,,,,,,,,,,,,,,,,,
Erica Mazyck,,747,,,8034965830,,,,259 Jack Branch Road,,Santee,SC,,,,,,,,,,No,,,,,,,,,,,,,,,,,,,,,,,,,,,,,
Erica S Strecker,,4658,Erica,S Strecker,(803) 747-6629,,,,193 Todd Creek RD,,Neeses,SC,29107,,,,,,,,,No,,,,,,,,,,,,,,,,,,,,,,,,,,,,,
Erica Watts,,8139,Erica,Watts,(850) 716-6245,,,,136 William Clark Boulevard,,Santee,SC,29142,,,,,,,,,Yes,,,,,,,,,,,,,,,,,,,,,,,,,,,,,
Erika Henry,,4679,,,8037959924,,,,129 Ballards Ln,,Santee,SC,29142,,,,,,,,,No,,,,,,,,,,,,,,,,,,,,,,,,,,,,,
Erika Robles,,1982,,,8038974327,,,,184 Wishbone Circle,,Elloree,SC,29047,,,,,,,,,No,,,,,,,,,,,,,,,,,,,,,,,,,,,,,
Ernest Hostetler,,1328,Ernest,Hostetler,8038542019,,,,206 Cooper Dr,,Santee,SC,29142,,,,,,,"#fiberCustomer, #residential",,No,,,,,,,,,,,,,,,,,,,,,,,,,,,,,
Ernest Mainer,,3103,,,8435634571,,,,105 Wildwood Rd,,Reevesville,SC,29471,,,,,,,,,No,,,,,,,,,,,,,,,,,,,,,,,,,,,,,
Ernest Petty,,469,Ernest,Petty,8038542306,,,,357 Barcelona Drive    ,,Santee,SC,29142,,,,,,,,,No,,,,,,,,,,,,,,,,,,,,,,,,,,,,,
Ernestine Shivers,,710,,,8038542115,,,,142 December Road,,Santee,SC,29142,,,,,,,,,No,,,,,,,,,,,,,,,,,,,,,,,,,,,,,
Escher Munoz,,8127,Escher,Munoz,(854) 207-4945,,,Home,1519 Arista Road,,Bowman,SC,29018,,,,,,,,,Yes,,,,,,,,,,,,,,,,,,,,,,,,,,,,,
Essie Montgomery,,1517,,,8038545079,,,,2271 Felderville Rd,,Santee,SC,29142,,,,,,,,,No,,,,,,,,,,,,,,,,,,,,,,,,,,,,,
Essie Stokes,,827,,,8038974942,,,,905 Harlin Street,,Elloree,SC,29047,,,,,,,,,No,,,,,,,,,,,,,,,,,,,,,,,,,,,,,
Estela Dondero,,8074,Estela,Dondero,(936) 661-7835,e-dondero@hotmail.com,,,7 Thomas Walter Circle,,Santee,SC,29142,,,,,,,,,Yes,,,,,,,,,,,,,,,,,,,,,,,,,,,,,
Esther Fogle,,3226,,,8035346468,,,,3011 Slab Landing Road,,Orangeburg,SC,,,,,,,,,,No,,,,,,,,,,,,,,,,,,,,,,,,,,,,,
Esther Thorne,,2491,,,8033477553,,,,155 Nash Rd,,Orangeburg,SC,,,,,,,,,,No,,,,,,,,,,,,,,,,,,,,,,,,,,,,,
Ethan Mizell,,5127,,,8036820200,,,,290 Bowman Branch hwy,,Bowman,SC,,,,,,,,,,No,,,,,,,,,,,,,,,,,,,,,,,,,,,,,
Ethel Hood,,2003,Ethel,Hood,(803) 897-2792,wonnieh3@gmail.com,,,9 Peter Collinson Rd,PO Box 98,Santee,South Carolina,29142-8300,,,,,,,,,No,,,,,,,,,,,,,,,,,,,,,,,,,,,,,
Ethel Thompson,,8022,Ethel,Thompson,(803) 456-4206,,,,105 Tucker Mill Circle,,Saint Matthews,SC,29135,,,,,,,,,Yes,,,,,,,,,,,,,,,,,,,,,,,,,,,,,
Ethel Wright,,466,,,8038972369,,,,1043 Harlin St,,Elloree,SC,29047,,,,,,,,,No,,,,,,,,,,,,,,,,,,,,,,,,,,,,,
Ethelene Morton,,3219,Ethelene,Morton,(803) 492-7656,,,,200 Yearling Dr,,Eutawville,SC,,,,,,,,,,No,,,,,,,,,,,,,,,,,,,,,,,,,,,,,
Eugene Coles,,5562,,,8439347620,,,,146 Saluda Dr,,Santee,SC,29142,,,,,,,"#fiberCustomer, #residential",,No,,,,,,,,,,,,,,,,,,,,,,,,,,,,,
Eugene Fagan,,2265,,,8038546329,,,,104 Wateree Annex,,Santee,SC,,,,,,,,"#fiberCustomer, #residential",,No,,,,,,,,,,,,,,,,,,,,,,,,,,,,,
Eugene L Miller II,,8187,Nettie,Miller,(843) 973-2206,nmariemast@gmail.com,,,124 William Clark Boulevard,,Santee,SC,29142,,,,,,,,,Yes,,,,,,,,,,,,,,,,,,,,,,,,,,,,,
Eugene S. Scarborough,,5472,Eugene,S. Scarborough,(803) 854-3429,,,,319 Green St ,,Santee,SC,,,,,,,,"#fiberCustomer, #residential",,No,,,,,,,,,,,,,,,,,,,,,,,,,,,,,
Eugene Walter,,4727,,,8032634899,,,,4810 Norway rd,,Norway ,SC,,,,,,,,,,No,,,,,,,,,,,,,,,,,,,,,,,,,,,,,
Eugene Walter,,1155,,,8035346509,,,,173 Club Acres Blvd,,Orangeburg,SC,29118,,,,,,,,,No,,,,,,,,,,,,,,,,,,,,,,,,,,,,,
Eugenia Mcalhany,,1510,,,8038973214,,,,156 Beckett Drive,,Eloree,SC,29047,,,,,,,,,No,,,,,,,,,,,,,,,,,,,,,,,,,,,,,
Eugenia Shaw,,5726,,,8439260972,,,,133 brim st,,Santee,SC,29142,,,,,,,,,No,,,,,,,,,,,,,,,,,,,,,,,,,,,,,
Eula Jones,,4043,,,8038293755,,,,2150 Bowman Branch Hwy,,Bowman,SC,29018,,,,,,,,,No,,,,,,,,,,,,,,,,,,,,,,,,,,,,,
Eulinda Willis,,4184,,,8035966110,,,,325 Canal St,,Bowman ,SC,29018,,,,,,,,,No,,,,,,,,,,,,,,,,,,,,,,,,,,,,,
Eulinda Willis,,1804,,,8038291092,,,,325 Canal Rd,,Bowman,SC,29018,,,,,,,,,No,,,,,,,,,,,,,,,,,,,,,,,,,,,,,
Eunice Montague,,1980,,,8038291046,,,,681 Elm St.,,Bowman,SC,29018,,,,,,,,,No,,,,,,,,,,,,,,,,,,,,,,,,,,,,,
Eunice White ,,4660,,,8034969321,,,,115 Schwartz dr,,Holly Hill,SC,29059,,,,,,,,,No,,,,,,,,,,,,,,,,,,,,,,,,,,,,,
Eutaw Outfitters,,6313,Renee,wolpert,(803) 496-6154,,,,305 Porcher Avenue,,Eutawville,SC,29048,,,,,,,,,Yes,,,,,,,,,,,,,,,,,,,,,,,,,,,,,
Eutawville Police Dept,,4576,Eutawville,Police Dept,8034927064,,,,413 Porcher Ave,,Eutawville,SC,,,,,,,,,,No,,,,,,,,,,,,,,,,,,,,,,,,,,,,,
Eva Summers,,2611,Eva,Summers,8035314293,,,,124 Ataria Street,,Orangeburg,SC,29115,,,,,,,,,No,,,,,,,,,,,,,,,,,,,,,,,,,,,,,
Eva Williams,,2278,,,8038540853,,,,288 Rexford Ct,,Santee,SC,29142,,,,,,,,,No,,,,,,,,,,,,,,,,,,,,,,,,,,,,,
Eve Nester,,6104,Eve,Nester,(803) 974-9003,,,,104 Wateree Drive,,Santee,SC,29142,,,,,,,"#fiberCustomer, #residential",,Yes,,,,,,,,,,,,,,,,,,,,,,,,,,,,,
Evelyn Duncan,,4513,,,8039711340,,,,541 Barksdale St,,Holly Hill,SC,29059,,,,,,,,,No,,,,,,,,,,,,,,,,,,,,,,,,,,,,,
Evelyn Gibson,,8034,Evelyn,Gibson,(803) 508-4585,,,,113 Robertson Circle,,Barnwell,SC,29812,,,,,,,,,Yes,,,,,,,,,,,,,,,,,,,,,,,,,,,,,
Evelyn Haye,,2406,,,8035345288,,,,3353 Neeses Hwy,,Orangeburg,SC,,,,,,,,,,No,,,,,,,,,,,,,,,,,,,,,,,,,,,,,
Evelyn Hill,,1263,,,2035832343,,,,944 Antioch Rd,,Santee,SC,29142,,,,,,,,,No,,,,,,,,,,,,,,,,,,,,,,,,,,,,,
Evelyn Jamison,,2795,,,8037472416,,,,211 Dena Ln,,,SC,,,,,,,,,,No,,,,,,,,,,,,,,,,,,,,,,,,,,,,,
Everett Culpepper,,4814,Everett,Culpepper,8037470600,,,,8243 Old State Road,A,Cameron,SC,29030,,,,,,,,,No,,,,,,,,,,,,,,,,,,,,,,,,,,,,,
Everett Thatcher ,,668,,,8038542458,,,,204 Cooper Dr.,,Santee,SC,,,,,,,,"#fiberCustomer, #residential",,No,,,,,,,,,,,,,,,,,,,,,,,,,,,,,
Everlou White,,6256,Everlou,White,(803) 974-1062,,,,6076 Old Number Six Highway,,Elloree,SC,29047,,,,,,,,,Yes,,,,,,,,,,,,,,,,,,,,,,,,,,,,,
Evette Dupree,,2229,,,8033479600,,,,136 Gerber Ln.,,Santee,SC,29142,,,,,,,,,No,,,,,,,,,,,,,,,,,,,,,,,,,,,,,
EXCEL Management Systems Inc,,1844,,,8008864925,,,,691 N. High St,,Columbus,OH,43215,,,,,,,,,No,,,,,,,,,,,,,,,,,,,,,,,,,,,,,
Express Rent-A-Car,,1261,,,8035310094,,,,1214 St. Matthews Rd.,,Orangeburg,SC,29115,,,,,,,,,No,,,,,,,,,,,,,,,,,,,,,,,,,,,,,
Ezekial Haynes,,5120,,,8438229734,,,,131 Nathan Drive,,Reevesville,SC,29471,,,,,,,,,No,,,,,,,,,,,,,,,,,,,,,,,,,,,,,
Ezekial Haynes,,5333,,,8438229734,,,,131 Nathan Dr,,Reevesville,SC,29471,,,,,,,,,No,,,,,,,,,,,,,,,,,,,,,,,,,,,,,
F1rst Fitness,,8272,F1rst,Fitness,(803) 536-0585,F1rstfitness1st@outlook.com,,,1223 Brickle St,,Orangeburg,South Carolina,29118-2501,,,,,,,,,Yes,,,,,,,,,,,,,,,,,,,,,,,,,,,,,
Fabian Brooks,,4626,Fabian,Brooks,8036620976,,,,139 Murray Rd,,Orangeburg ,SC,29115,,,,,,,,,No,,,,,,,,,,,,,,,,,,,,,,,,,,,,,
Fairey Chevrolet,,91,Elizabeth,,(803) 536-1600,,,,P O Box 2269,2885 St Matthews Road,Orangeburg,SC,29116,Ty,,(803) 743-6102,,,,,,No,,,,,,,,,,,,,,,,,,,,,,,,,,,,,
Fairfield Inn,,92,,,,,,,663 Citadel Road,,Orangeburg,SC,29115,,,,,,,,,No,,,,,,,,,,,,,,,,,,,,,,,,,,,,,
Fairfield Inn Santee,,5552,Fairfield,Inn Santee,(803) 854-7070,,,,9074 Old Number Six Hwy,PO Box 8,Santee,SC,29142,,,,,,,,,No,,,,,,,,,,,,,,,,,,,,,,,,,,,,,
Fairfield Lake Marion Realty,,501,Wendy,.,8038544555,,,,8833 Old Number Six Hwy.   ,,Santee,SC,29142,,,,,,,,,No,,,,,,,,,,,,,,,,,,,,,,,,,,,,,
Faith Pearson,,8512,Faith,Pearson,(803) 509-0488,dynashia1998@gmail.com,,, 669 Pearch Lane,,Santee,SC,29142,,,,,,,,,Yes,,,,,,,,,,,,,,,,,,,,,,,,,,,,,
Faith Tabernacle Deliverance Temple,,7941,Angela,Rumph,(678) 368-2670,,,,1161 Amelia Street,,Orangeburg,SC,29115,,,,,,,,,Yes,,,,,,,,,,,,,,,,,,,,,,,,,,,,,
Family Dentistry,,4131,,,8035342931,,,,924 Bennette St,,Orangeburg,SC,29115,,,,,,,,,No,,,,,,,,,,,,,,,,,,,,,,,,,,,,,
Family Pratice Santee,,1742,Family,Pratice Santee,(803) 347-5418,,,,8799 Old # 6 Hwy,,Santee,SC,,,,,,,,,,No,,,,,,,,,,,,,,,,,,,,,,,,,,,,,
Fannie Snider,,3015,Fannie,Snider,8035711067,,,,4619 Cleveland St,,Elloree,SC,29047,,,,,,,,,No,,,,,,,,,,,,,,,,,,,,,,,,,,,,,
Fanning Music Studio,,3519,Fanning,Music Studio,8039173362,,,,550 Todd Creek Road,,Neeses,SC,,,,,,,,,,No,,,,,,,,,,,,,,,,,,,,,,,,,,,,,
Far Low Moyd Law Firm,,3919,,,8033786937,,,,1797 Hillsboro Road Suite 4,,Orangeburg,SC,29118,,,,,,,,,No,,,,,,,,,,,,,,,,,,,,,,,,,,,,,
Farm Bureau Santee,,8557,Stan,Smith,(803) 995-3380,stansmith@scfbins.com,,Santee Office,826 Bass Drive,,Santee,SC,29142,,,,,,,,,Yes,,,,,,,,,,,,,,,,,,,,,,,,,,,,,
Farmers Gin,,4042,,,8038742003,,,,2678 Col Thompson Hwy,PO Box 316,St Matthews,SC,,,,,,,,,,No,,,,,,,,,,,,,,,,,,,,,,,,,,,,,
Farron Holt,,1703,Farron,Holt,8039286232,,,,6610 Charleston Hwy,,Bowman,SC,29018,,,,,,,,,No,,,,,,,,,,,,,,,,,,,,,,,,,,,,,
Fast Phones,,94,,,,,,,PO Box 1223,,Orangeburg,SC,29116-1223,,,,,,,,,No,,,,,,,,,,,,,,,,,,,,,,,,,,,,,
Faye Bookhart,,1700,,,8033083125,,,,180 Sunset Drive,,Elloree,SC,,,,,,,,,,No,,,,,,,,,,,,,,,,,,,,,,,,,,,,,
Faye Bookhart Miller,,22,,,8033083125,,,,2731 Cleveland St,P O Box 140,Elloree,SC,29047,,,,,,,,,No,,,,,,,,,,,,,,,,,,,,,,,,,,,,,
Faye Harrison,,4663,,,8033878163,,,,1315 Country Colony Drive,,Orangeburg,SC,29115,,,,,,,,,No,,,,,,,,,,,,,,,,,,,,,,,,,,,,,
Faye Hutson,,280,,,8034964378,,,,1170 Avinger Dr,,Vance,SC,29163,,,,,,,,,No,,,,,,,,,,,,,,,,,,,,,,,,,,,,,
Faye Livingston,,4141,,,8032472095,,,,120 Derrick St,,North,SC,29112,,,,,,,,,No,,,,,,,,,,,,,,,,,,,,,,,,,,,,,
Faye Pifer,,1561,,,8038542966,,,,70 Hunters Path,,Santee,SC,29142,,,,,,,,,No,,,,,,,,,,,,,,,,,,,,,,,,,,,,,
Faye Timmons,,7958,Faye,Timmons,(803) 974-9858,,,,,,,,,,,,,,,,,Yes,,,,,,,,,,,,,,,,,,,,,,,,,,,,,
Fedrick Buckson,,4959,,,8435602899,,,,218 New Mettow dr ,,Reevesville,SC,,,,,,,,,,No,,,,,,,,,,,,,,,,,,,,,,,,,,,,,
Felder Firm,,4020,,,8038741430,,,,PO Box 346,614 Huff Dr,St Matthews,SC,29135,,,,,,,,,No,,,,,,,,,,,,,,,,,,,,,,,,,,,,,
Felderville AME Church,,5273,,,8032908304,,,,1081 Woolbright Rod,,Santee,SC,29142,,,,,,,,,No,,,,,,,,,,,,,,,,,,,,,,,,,,,,,
Felicia & Hilton Woods,,8389,Felicia & Hilton,Woods,(843) 360-0415,woodsfelicia15@gmail.com,,,141 William Clark Blvd,,Santee,South Carolina,29142-9507,,,,,,,,,Yes,,,,,,,,,,,,,,,,,,,,,,,,,,,,,
Felicia Malvoisin,,4927,,,8037475348,,,,537 Carriage hill ,,Elloree ,SC,29047,,,,,,,,,No,,,,,,,,,,,,,,,,,,,,,,,,,,,,,
Felicia Reid,,2772,,,8035343936,,,,1597 belleville Rd,,Orangeburg,SC,29118,,,,,,,,,No,,,,,,,,,,,,,,,,,,,,,,,,,,,,,
Felicia Richardson,,1540,,,8033473594,,,,1009 Arista Rd,,Bowman,SC,29018,,,,,,,,,No,,,,,,,,,,,,,,,,,,,,,,,,,,,,,
Felicia Wageman,,3789,,,(803) 378-1059,,,,208 Trillium Court,,Santee,SC,29142,Felicia,Wageman,(803) 378-1059,,,,,,No,,,,,,,,,,,,,,,,,,,,,,,,,,,,,
Felicia Watson,,2551,,,8032901629,,,,1615 John Wesley Dr,,Orangeburg,SC,29118,,,,,,,,,No,,,,,,,,,,,,,,,,,,,,,,,,,,,,,
Felix Wilson,,1111,Felix,Wilson,(803) 406-0008,,,,109 Graveyard Rock Rd,,Santee,SC,29142,Sharon,Wilson,(803) 236-9926,,,,,,No,,,,,,,,,,,,,,,,,,,,,,,,,,,,,
Felkel Farms,,1529,,,8038972510,,,,115 Felkel Farm Rd,,Elloree,SC,29047,ZHugo,Felkel,(803) 707-3131,,,,,,No,,,,,,,,,,,,,,,,,,,,,,,,,,,,,
Fellowship of Praise,,595,Fellowship,of Praise,8038373563,,,,8280 Old Number Six Hwy.,,Santee,SC,29142,,,,,,,,,No,,,,,,,,,,,,,,,,,,,,,,,,,,,,,
Felton Lab,,4731,,,8035164600,,,,115 Lance Street,,Orangeburg,SC,29117,,,,,,,,,No,,,,,,,,,,,,,,,,,,,,,,,,,,,,,
Fenia R Ragin,,3690,,,8034396380,,,,102 Summer Lane Dr,Apt 19,Santee,SC,29142,,,,,,,,,No,,,,,,,,,,,,,,,,,,,,,,,,,,,,,
Fenn's Automotive,,3850,Fenn's,Automotive,8037931183,,,,86 East Main Street,,Barnwell,SC,29812,,,,,,,,,No,,,,,,,,,,,,,,,,,,,,,,,,,,,,,
Ferguson Green,,3617,Ferguson,Green,8038544519,,,,1302 Bonner Ave,,Santee,SC,29142,,,,,,,,,No,,,,,,,,,,,,,,,,,,,,,,,,,,,,,
FIber Technician,,5470,,,,,,,,,,,,,,,,,,,,No,,,,,,,,,,,,,,,,,,,,,,,,,,,,,
First Baptist CDC,,95,,,8035331311,,,,2865 Columbia Road,,Orangeburg,SC,29118,,,,,,,,,No,,,,,,,,,,,,,,,,,,,,,,,,,,,,,
First Baptist Church,,96,,,8035361545,,,,P O Box 637,,Orangeburg ,SC,29116,,,,,,,,,No,,,,,,,,,,,,,,,,,,,,,,,,,,,,,
First Baptist Church Bowman,,4433,,,8038292107,,,,6505 Charleston Highway,,Bowman,SC,29108,,,,,,,,,No,,,,,,,,,,,,,,,,,,,,,,,,,,,,,
First Baptist Church Elloree,,1740,Penny,.,8038972773,,,,6208 Old Number Six,,Elloree,SC,29047,,,,,,,,,No,,,,,,,,,,,,,,,,,,,,,,,,,,,,,
First Fitness,,8693,Andrea,,(803) 347-8525,ladiesfitness@msn.com,,,1223 Brickle St,,Orangeburg,South Carolina,29118-2501,,,,,,,,,Yes,,,,,,,,,,,,,,,,,,,,,,,,,,,,,
First Presbyterian Church,,3091,First,Presbyterian Church,(803) 534-0088,,,,650 Summers Ave,,Orangeburg,SC,29115,,,,,,,,,No,,,,,,,,,,,,,,,,,,,,,,,,,,,,,
First Southern Methodist Church,,3359,Linda,Argo,8039379642,,,,2456 Broughton st,,Orangeburg,SC,29115,,,,,,,,,No,,,,,,,,,,,,,,,,,,,,,,,,,,,,,
FishEagle Tours,,1684,,,8038544005,,,,271 State Park Road,,Santee,SC,,,,,,,,,,No,,,,,,,,,,,,,,,,,,,,,,,,,,,,,
Fisher Foot Clinic,,97,Fisher,Foot Clinic,(803) 536-2100,,,,135 Express Ln,,Orangeburg ,SC,29118,Dr,Bordenkecher,(404) 295-2682,,,,,,No,,,,,,,,,,,,,,,,,,,,,,,,,,,,,
Five Rivers Market,,2629,Five,Rivers Market,(803) 937-1101,,,,950 Chestnut Street,,Orangeburg,SC,29115,Drew,,(803) 747-1829,,,,,,No,,,,,,,,,,,,,,,,,,,,,,,,,,,,,
Five Rivers Market - Columbia,,3965,Five,Rivers Market - Columbia,8037471829,,,,2843 Millwood Ave,,Columbia,SC,29142,,,,,,,,,No,,,,,,,,,,,,,,,,,,,,,,,,,,,,,
Five Star Home Care Services,,5173,,,8033086255,,,,161 Center St ,,Orangeburg ,SC,,,,,,,,,,No,,,,,,,,,,,,,,,,,,,,,,,,,,,,,
Flitcha Williams ,,4583,,,8039710105,,,,857 bunch ford rd ,,Holly Hill,SC,29059,,,,,,,,,No,,,,,,,,,,,,,,,,,,,,,,,,,,,,,
Flonita Clark,,1729,,,,,,,4712 Bass Dr,,Holly Hill,SC,29059,,,,,,,,,No,,,,,,,,,,,,,,,,,,,,,,,,,,,,,
Florather Murray,,2457,,,8439064991,,,,127 mazzie drive,,Santee,SC,,,,,,,,,,No,,,,,,,,,,,,,,,,,,,,,,,,,,,,,
Florence Kolapo,,5213,,,8033476521,,,,2037 St Matthews Rd,,Orangeburg,SC,29118,,,,,,,,,No,,,,,,,,,,,,,,,,,,,,,,,,,,,,,
Florence Williams,,4939,,,,,,,,,,,,,,,,,,,,No,,,,,,,,,,,,,,,,,,,,,,,,,,,,,
Floretta Poinsette,,8381,Floretta,Poinsette,(980) 402-3954,fpoinsette7@gmail.com,,,121 Congaree Ct,,Santee,South Carolina,29142,,,,,,,,,Yes,,,,,,,,,,,,,,,,,,,,,,,,,,,,,
FM Young,,4371,,,8036323232,,,,941 Allendale Fairfax Highway,,Fairfax,SC,29827,,,,,,,,,No,,,,,,,,,,,,,,,,,,,,,,,,,,,,,
Fogle Studio,,3005,,,8035359031,,,,161 Centre Street,,Orangeburg,SC,29115,,,,,,,,,No,,,,,,,,,,,,,,,,,,,,,,,,,,,,,
Food & Nutrition at Orangeburg Medical,,5243,,,8037470985,,,,3000 St Matthews rd,,Orangeburg,SC,,,,,,,,,,No,,,,,,,,,,,,,,,,,,,,,,,,,,,,,
Food Lion,,5500,Food,Lion,(319) 248-0126,,,,697 Bass Dr,,Santee,SC,29142,,,,,,,,,No,,,,,,,,,,,,,,,,,,,,,,,,,,,,,
Forest Blunt,,4146,,,8036141434,,,,1314 Belleville Road,,Orangeburg,SC,29115,,,,,,,,,No,,,,,,,,,,,,,,,,,,,,,,,,,,,,,
Fort Motte Fire Department,,8104,Randy ,Coleman,(803) 664-1392,ftmotte603@aol.com,,,,,,,,,,,,,,,,Yes,,Call-In,,,,,,,,,,,,,,,,,,,,,,,,,,,
Foundry Press,,2879,Danna,Ackiss,(803) 534-9853,manager@foundrypress.org,Manager,,425 Broughton Street,,Orangeburg,SC,29115,Jean,Clark,(803) 290-6416,,,,,,No,,,,,,,,,,,,,,,,,,,,,,,,,,,,,
Four Holes Baptist Church,,2936,Tommy,Bozard,8035345746,,,,1622 Four Holes Road,,Orangeburg,SC,29115,Greg,Butler,(803) 664-2600,,Senior Pastor,,,,No,,,,,,,,,,,,,,,,,,,,,,,,,,,,,
Four Holes Fishing for Friends,,3796,Mark,Murphy,8035365500,,,,113 St John Rd,,Cameron,SC,29030,,,,,,,,,No,,,,,,,,,,,,,,,,,,,,,,,,,,,,,
Four Holes Sales & Service,,2635,Michelle,.,8035350371,,,,3232 Five Chop Rd,,Orangeburg,SC,29115,Junior,,(843) 296-7090,,,,,,No,,,,,,,,,,,,,,,,,,,,,,,,,,,,,
Frager Seaberry,,2204,Frager,Seaberry,(803) 854-4769,,,,177 Demo Ln,,Santee,SC,29142,,,,,,,,,No,,,,,,,,,,,,,,,,,,,,,,,,,,,,,
Fran Brailal ,,4161,,,,,,,Todd Creek RD ,,Neeses ,SC,,,,,,,,,,No,,,,,,,,,,,,,,,,,,,,,,,,,,,,,
Fran Hallman,,4410,Fran,Hallman,8035966019,,,,280 Bowman Branch Hwy,,Bowman,SC,29018,,,,,,,,,No,,,,,,,,,,,,,,,,,,,,,,,,,,,,,
Francena Williams   ,,489,,,8038540349,,,,129 Big Phils Ct   ,,Santee,SC,29142,,,,,,,,,No,,,,,,,,,,,,,,,,,,,,,,,,,,,,,
Frances Bull,,1632,,,8038542358,,,,215 Planters Trace Rd.,,Santee,SC,29142,,,,,,,,,No,,,,,,,,,,,,,,,,,,,,,,,,,,,,,
Frances Doctor,,8462,Frances,Doctor,(862) 251-3911,,,, 760 Striped Bass CT,,Santee,SC,29142,,,,,,,,,Yes,,,,,,,,,,,,,,,,,,,,,,,,,,,,,
Frances Durr,,2563,,,8032903638,,,,716 Watersprings Rd,,Orangeburg,SC,29118,,,,,,,,,No,,,,,,,,,,,,,,,,,,,,,,,,,,,,,
Frances Green-Holman,,5222,,,8034968394,,,,794 Mt. Olive Road,,Santee,SC,,,,,,,,,,No,,,,,,,,,,,,,,,,,,,,,,,,,,,,,
Frances Grubb,,3426,,,8038742046,,,,1986 Old Belleville,,St Matthews,SC,29135,,,,,,,,,No,,,,,,,,,,,,,,,,,,,,,,,,,,,,,
Frances Russell,,2298,Frances,Russell,(803) 410-2884,,,,204 Misty Glen Rd,,Elloree,SC,29047,,,,,,,,,No,,,,,,,,,,,,,,,,,,,,,,,,,,,,,
Frances Williams,,8137,Frances,Williams,(843) 813-8080,,,,435 Ballard Lane,,Santee,SC,29142,,,,,,,,,Yes,,,,,,,,,,,,,,,,,,,,,,,,,,,,,
Francine Quick,,889,,,8038544356,,,,133 Libra Rd.,,Santee,SC,29142,,,,,,,,,No,,,,,,,,,,,,,,,,,,,,,,,,,,,,,
Francis LaSala,,8407,Francis,LaSala,(520) 343-4808,flasala@me.com,,,490 Chapel Creek Dr,,Santee,South Carolina,29142-9474,,,,,,,,,Yes,,,,,,,,,,,,,,,,,,,,,,,,,,,,,
Francis Ranu,,1117,,,8038545015,,,,127 Wateree Dr,,Santee,SC,29142,,,,,,,"#fiberCustomer, #residential",,No,,,,,,,,,,,,,,,,,,,,,,,,,,,,,
Frank Atkinson,,5421,,,8436831789,,,,2407 Old State rd,,Camron,SC,,,,,,,,,,No,,,,,,,,,,,,,,,,,,,,,,,,,,,,,
Frank Bradshaw,,2337,,,8437080729,,,,130 Inman Rd,,Holly Hill,SC,29142,,,,,,,,,No,,,,,,,,,,,,,,,,,,,,,,,,,,,,,
Frank Douglas,,5645,Frank,Douglas,8038545795,,,,327 Pinewood Drive,,Santee,SC,29142,,,,,,,"#fiberCustomer, #residential",,No,,,,,,,,,,,,,,,,,,,,,,,,,,,,,
Frank Farnum,,1838,,,8035313839,,,,270 Club Acres,,Orangeburg,SC,29115,,,,,,,,,No,,,,,,,,,,,,,,,,,,,,,,,,,,,,,
Frank Hezekiah Jr,,1852,Frank,Hezekiah Jr,8038542446,,,,130 Sheard Drive,,Santee,SC,29142,,,,,,,,,No,,,,,,,,,,,,,,,,,,,,,,,,,,,,,
Frank Poling,,1077,,,,,,,109 Ragtime Trail,,Santee,SC,29142,,,,,,,,,No,,,,,,,,,,,,,,,,,,,,,,,,,,,,,
Frank Taylor,,3176,,,8035356098,,,,153 Kiefer Ct,,Cameron,SC,,,,,,,,,,No,,,,,,,,,,,,,,,,,,,,,,,,,,,,,
Frank Taylor,,3247,,,8432703883,,,,165 Kiefer Court,,Cameron,SC,,,,,,,,,,No,,,,,,,,,,,,,,,,,,,,,,,,,,,,,
Franki Milhouse,,1532,,,8036644266,,,,,,,,,,,,,,,,,No,,,,,,,,,,,,,,,,,,,,,,,,,,,,,
Frankie Birt,,2390,,,8038370909,,,,7746 Five Chop Rd,,Santee,SC,29142,,,,,,,,,No,,,,,,,,,,,,,,,,,,,,,,,,,,,,,
Frankie Locklair,,2520,,,8034963449,,,,3919 Vance Rd,,Holly Hill,SC,29059,,,,,,,,,No,,,,,,,,,,,,,,,,,,,,,,,,,,,,,
Frankie Oliver,,3712,,,,,,,515 RackTrack Road,,Elloree,SC,29047,,,,,,,,,No,,,,,,,,,,,,,,,,,,,,,,,,,,,,,
Frankie Williams,,2279,,,8038292977,,,,1652 Bowman Branch Hwy,,Bowman,SC,29018,,,,,,,,,No,,,,,,,,,,,,,,,,,,,,,,,,,,,,,
Franklin Hughes,,1361,,,8038544868,,,,2992 Tee Vee Rd.,,Santee,SC,29142,,,,,,,,,No,,,,,,,,,,,,,,,,,,,,,,,,,,,,,
Franklin Sheard,,5441,,,8039749109,,,,8503 Old Number Six Hwy,,Santee,SC,29142,,,,,,,,,No,,,,,,,,,,,,,,,,,,,,,,,,,,,,,
Franklin Shuler,,2736,,,8035366777,,,,133 Arant Dr,,Bowman,SC,29018,,,,,,,,,No,,,,,,,,,,,,,,,,,,,,,,,,,,,,,
Franklin Wilson,,6205,Franklin,Wilson,(570) 916-3510,,,,4 Andre Michaux Road,,Santee,SC,29142,,,,,,,,,Yes,,,,,,,,,,,,,,,,,,,,,,,,,,,,,
Fred Broughton,,4974,Fred,Broughton,(803) 536-1304,,,,1395 Ward Ln ,,Orangeburg ,SC,,,,,,,,,,No,,,,,,,,,,,,,,,,,,,,,,,,,,,,,
Fred Crawford,,1522,,,8438764840,,,,170 Mustang Dr.,,Bowman,SC,,,,,,,,,,No,,,,,,,,,,,,,,,,,,,,,,,,,,,,,
Fred Lenz,,8375,Fred,Lenz,(904) 501-8777,fred.lenz@aol.com,,,680 Plantation Dr,,Santee,South Carolina,29142-9469,,,,,,,,,Yes,,,,,,,,,,,,,,,,,,,,,,,,,,,,,
Fred Messa,,3976,,,,,,,117 Park Ridge Road,,Elloree,SC,29047,,,,,,,,,No,,,,,,,,,,,,,,,,,,,,,,,,,,,,,
Fred Messa,,5182,,,8038973199,,,,117 Park Ridge rd,,Santee,SC,,,,,,,,,,No,,,,,,,,,,,,,,,,,,,,,,,,,,,,,
Fred Smoak,,1143,,,8037076172,,,,630 Whistling Swan Rd,,Elloree,SC,29047,,,,,,,,,No,,,,,,,,,,,,,,,,,,,,,,,,,,,,,
Freda Summers,,4882,West,Summers,(803) 534-9645,,,,1540 Russell Street,,Orangeburg,SC,29115,,,,,,,,,No,,,,,,,,,,,,,,,,,,,,,,,,,,,,,
Freddie Griffin,,823,,,8038973095,,,,363 East Hampton St,,Elloree,SC,29047,,,,,,,,,No,,,,,,,,,,,,,,,,,,,,,,,,,,,,,
Freddrick Glenn,,3132,,,8036146174,,,,485 Freddrick St,,Orangeburg,SC,29115,,,,,,,,,No,,,,,,,,,,,,,,,,,,,,,,,,,,,,,
Frederick Felder,,5746,,,8038579636,,,,761 Magnolia Street,,Bowman,SC,29018,,,,,,,,,No,,,,,,,,,,,,,,,,,,,,,,,,,,,,,
Fredrick Buckson,,4958,,,8435602899,,,,218 New Meadow Drive,,Reevesville,SC,29471,,,,,,,,,No,,,,,,,,,,,,,,,,,,,,,,,,,,,,,
Fredrick Mallard,,440,,,8034921848,,,,141 Porcher Ave,,Eutawville  ,SC,29048,,,,,,,,,No,,,,,,,,,,,,,,,,,,,,,,,,,,,,,
Freeman Thomas Manor,,98,,,,,,,P O Box 1184,,Orangeburg,SC,29116,,,,,,,,,No,,,,,,,,,,,,,,,,,,,,,,,,,,,,,
FryeBaby's,,7990,FryeBaby's,,(803) 508-3581,KarenFrye.frye1@gmail.com,,,7263 Barnwell Rd,,Hilda,SC,29813,,,,,,,,,Yes,,,,,,,,,,,,,,,,,,,,,,,,,,,,,
Furniture Showcase,,99,,,,,,,PO Box 1326,,Orangeburg,SC,29116,,,,,,,,,No,,,,,,,,,,,,,,,,,,,,,,,,,,,,,
"G&G Paint & Wallpaper, Inc",,8047,Frank,Gillam,(803) 536-1592,,,,238 Broughton Street,,Orangeburg,SC,29115,,,,,,,,,Yes,,,,,,,,,,,,,,,,,,,,,,,,,,,,,
G. L. Smith Inc. (Smith's Gas Station),,933,,,8038542687,,,,.,,,SC,,,,,,,,,,No,,,,,,,,,,,,,,,,,,,,,,,,,,,,,
Ga,,4061,,,,,,,,,,,,,,,,,,,,No,,,,,,,,,,,,,,,,,,,,,,,,,,,,,
Gabe Fort,,4909,,,8439017485,,,,6515 Old Number 6 Hwy,,Elloree,SC,29047,,,,,,,,,No,,,,,,,,,,,,,,,,,,,,,,,,,,,,,
Gabi's Attic,,5015,Gabi's,Attic,(803) 496-8967,,,,9040 Old Hwy number 6,,Santee,SC,,,,,,,,,,No,,,,,,,,,,,,,,,,,,,,,,,,,,,,,
Gabriel Nayre,,8634,Gabriel,Nayre,(803) 974-1799,gabnay609@gmail.com,,,121 Lakeland Cir,B3,Santee,South Carolina,29142-9600,,,,,,,,,Yes,,,,,,,,,,,,,,,,,,,,,,,,,,,,,
Gadice Niller,,4420,,,8033879580,,,,110 Represetative Circle,,Orangeburg,SC,29115,,,,,,,,,No,,,,,,,,,,,,,,,,,,,,,,,,,,,,,
Gail & Larry Simpson,,3806,Gail,& Larry Simpson,(208) 859-3378,,,,10025 Marion Dr,,Santee,SC,29142,,,,,,,"#fiberCustomer, #residential",,No,,,,,,,,,,,,,,,,,,,,,,,,,,,,,
Gail Carlos,,6025,Gail,Carlos,(803) 682-3014,,,,116 Shore Drive,,Orangeburg,SC,29118,,,,,,,,,Yes,,,,,,,,,,,,,,,,,,,,,,,,,,,,,
Gail Cooke,,2562,Gail,Cooke,(803) 535-6362,,,,2546 cleveland st.,,Elloree,SC,29147,,,,,,,,,No,,,,,,,,,,,,,,,,,,,,,,,,,,,,,
Gail Hamilton,,3447,,,8038540269,,,,799 antioch rd,,Santee,SC,29142,,,,,,,,,No,,,,,,,,,,,,,,,,,,,,,,,,,,,,,
Gail Heape,,5577,,,8436974613,,,,121 Ballard Lane,,Santee,SC,29142,,,,,,,,,No,,,,,,,,,,,,,,,,,,,,,,,,,,,,,
Gail Hefner,,318,Gail,Hefner,8037475688,,,,318 Gaillard St,,Eutawville,SC,29048,,,,,,,,,No,,,,,,,,,,,,,,,,,,,,,,,,,,,,,
Gaillard Dotterer Agency,,5062,,,8035312004,,,,1628 St Matthews rd,,Orangeburg ,SC,,,,,,,,,,No,,,,,,,,,,,,,,,,,,,,,,,,,,,,,
Gala Zeigler,,4801,,,8033872557,,,,1653 Hilton St,,Orangeburg,SC,29115,,,,,,,,,No,,,,,,,,,,,,,,,,,,,,,,,,,,,,,
Gale Bostock,,5567,,,8038293268,,,,1061 Country Road,,Bowman,SC,29018,,,,,,,,,No,,,,,,,,,,,,,,,,,,,,,,,,,,,,,
Gardner Davis,,5212,Gardner,Davis,8033084478,,,,5240 Nesses Hwy,,Nesses,SC,,,,,,,,,,No,,,,,,,,,,,,,,,,,,,,,,,,,,,,,
Garland Lewis,,3116,,,4106987908,,,,155 twisted oak trail,,Elloree,SC,,,,,,,,,,No,,,,,,,,,,,,,,,,,,,,,,,,,,,,,
Garthineia Cunningham,,4662,,,3154089326,,,,98 Saluda Dr,,Elloree,SC,29142,,,,,,,"#fiberCustomer, #residential",,No,,,,,,,,,,,,,,,,,,,,,,,,,,,,,
Gary Bates,,4724,,,8033787502,,,,356 Bass Drive,,Santee,SC,29142,,,,,,,,,No,,,,,,,,,,,,,,,,,,,,,,,,,,,,,
Gary Bennet,,2792,Gary,Bennet,8039378955,,,,126 Cooper Circle,,Santee,SC,29142,,,,,,,"#fiberCustomer, #residential",,No,,,,,,,,,,,,,,,,,,,,,,,,,,,,,
Gary Blackford,,5218,,,7403348514,,,,515 Pickett Level Road,,Elloree,SC,29047,,,,,,,,,No,,,,,,,,,,,,,,,,,,,,,,,,,,,,,
Gary Cooper,,8288,Gary,Cooper,(843) 934-7881,Gary.coop.jr@gmail.com,,,128 Congaree Court,,Santee,SC,29164,,,,,,,,,Yes,,,,,,,,,,,,,,,,,,,,,,,,,,,,,
Gary Davis ,,2161,Gary,Davis ,8038545813,,,,219 Cooper dr,,Santee,SC,29142,,,,,,,"#fiberCustomer, #residential",,No,,,,,,,,,,,,,,,,,,,,,,,,,,,,,
Gary Doremus,,5110,,,8038601160,,,,PO Box 1322,,Orangeburg,SC,29116,,,,,,,,,No,,,,,,,,,,,,,,,,,,,,,,,,,,,,,
Gary Gibson,,1785,,,5136595447,,,,305 Santee Dr,,Santee,SC,29142,,,,,,,"#fiberCustomer, #residential",,No,,,,,,,,,,,,,,,,,,,,,,,,,,,,,
Gary Jenkins,,1071,Gary,Jenkins,8038543482,,,,303 Pinewood Drive,,Santee,SC,29142,,,,,,,"#fiberCustomer, #residential",,No,,,,,,,,,,,,,,,,,,,,,,,,,,,,,
Gary Kemmerlin,,3848,,,8038371845,,,,1091 Moss St,,Orangeburg,SC,29115,,,,,,,,,No,,,,,,,,,,,,,,,,,,,,,,,,,,,,,
Gary Lewis,,2470,Gary,Lewis,8038544159,,,,1040 Myrtle Dr,,Santee,SC,,,,,,,,,,No,,,,,,,,,,,,,,,,,,,,,,,,,,,,,
Gary Ludwigson,,894,Gary,Ludwigson,(843) 560-8573,,,,118 Wateree Dr,,Santee,SC,29142,,,,,,,"#fiberCustomer, #residential",,No,,,,,,,,,,,,,,,,,,,,,,,,,,,,,
Gary Mcclary ,,5246,,,,,,,346 Zimmerman Place,,Cameron,,29030,,,,,,,,,No,,,,,,,,,,,,,,,,,,,,,,,,,,,,,
Gary Turner,,1598,,,8038544135,,,,202 Cooper Dr,,Santee,SC,29142,,,,,,,"#fiberCustomer, #residential",,No,,,,,,,,,,,,,,,,,,,,,,,,,,,,,
Gastrotroenterology Associates,,5228,,,8033950967,,,,1131 Cook rd,,Orangeburg ,SC,,,,,,,,,,No,,,,,,,,,,,,,,,,,,,,,,,,,,,,,
Gates Finance & Tax,,553,Kim,Miller,,,,, 9111 Old Number Six Hwy.,,,SC,,,,,,,,,,No,,,,,,,,,,,,,,,,,,,,,,,,,,,,,
Gavin Thompson,,8207,Gavin,Thompson,(843) 751-3930,gavinthompson59@gmail.com,,,133 William Clark Boulevard,,Santee,SC,29142,,,,,,,,,Yes,,,,,,,,,,,,,,,,,,,,,,,,,,,,,
Gaye & Henry Brangle,,2587,Gaye,Brangle,(803) 937-1100,,,,5 Peter Collinson Rd,,Santee,SC,29142,Gaye,Brangle,,,,,,,No,,,,,,,,,,,,,,,,,,,,,,,,,,,,,
Gaye Lanier,,8370,Gaye,Lanier,(803) 707-1158,,,,1129 Moore Rd,,Orangeburg,South Carolina,29118-4021,,,,,,,,,Yes,,,,,,,,,,,,,,,,,,,,,,,,,,,,,
Gayle Rush,,1252,,,8034961423,,,,4037 Vance Rd,,Holly Hill ,SC,29059,,,,,,,,,No,,,,,,,,,,,,,,,,,,,,,,,,,,,,,
Gayle Rush,,1265,,,8034967161,,,,4037 Vance Rd,,Holly Hill,SC,29059,,,,,,,,,No,,,,,,,,,,,,,,,,,,,,,,,,,,,,,
Gayle Shuler,,4847,Gayle,Shuler,,,,,3015 Homestead Rd,,Bowman,SC,,,,,,,,,,No,,,,,,,,,,,,,,,,,,,,,,,,,,,,,
Gayle Shuler,,4848,,,,,,,3015 Homestead Rd,,Bowman,SC,,,,,,,,,,No,,,,,,,,,,,,,,,,,,,,,,,,,,,,,
Gaz-Bah # 16,,534,Carolyn,Infinger,8034963110,,,,1182 Good Farm Rd,,Holly Hill,SC,29059,,,,,,,,,No,,,,,,,,,,,,,,,,,,,,,,,,,,,,,
Gearld Heaton Sr.,,605,,,8435639407,,,,207 Harley Road,,Reevesville,SC,29471,,,,,,,,,No,,,,,,,,,,,,,,,,,,,,,,,,,,,,,
Geary Serpas,,2165,Geary,Serpas,(803) 854-3171,,,,229 Green St.,,Santee,,29142,,,,,,,"#fiberCustomer, #residential",,No,,,,,,,,,,,,,,,,,,,,,,,,,,,,,
Gelina Halls,,4251,,,8039798295,,,,1091 Fairfield Street ,,Orangeburg,SC,29118,,,,,,,,,No,,,,,,,,,,,,,,,,,,,,,,,,,,,,,
Gene Bailey,,1430,Gene,Bailey,(803) 837-0144,gebz@ntinet.com,,,110 Broad River Dr,,Santee,SC,29142,,,,,,,"#fiberCustomer, #residential",,No,,,,,,,,,,,,,,,,,,,,,,,,,,,,,
Gene Bilton,,6311,Gene,Bilton,(803) 308-2638,,,,2694 Lakeside Drive Northeast,,Orangeburg,SC,29118,,,,,,,,,Yes,,,,,,,,,,,,,,,,,,,,,,,,,,,,,
Gene Dukes,,5395,Gene,Dukes,8033080505,,,,4743 Cleveland Street,,Elloree,SC,29018,,,,,,,,,No,,,,,,,,,,,,,,,,,,,,,,,,,,,,,
Gene Guthan,,1280,Gene,Guthan,(803) 854-3346,,,,1090 Moultrie Dr,,Santee,SC,,,,,,,,"#fiberCustomer, #residential",,No,,,,,,,,,,,,,,,,,,,,,,,,,,,,,
Gene Hoyt,,1702,,,8037079966,,,,104 Cooper Circle,,Santee,SC,29142,,,,,,,"#fiberCustomer, #residential",,No,,,,,,,,,,,,,,,,,,,,,,,,,,,,,
Gene Mack,,5101,,,8034680121,,,,8 Andre Michaux rd,,Santee,SC,,,,,,,,,,No,,,,,,,,,,,,,,,,,,,,,,,,,,,,,
Gene Michael Rast,,5316,Gene,Michael Rast,(803) 539-1195,,,,8197 Old state rd,,Camron,SC,,,,,,,,,,No,,,,,,,,,,,,,,,,,,,,,,,,,,,,,
Gene Nelson,,5992,Gene,Nelson,(803) 308-7227,,,Condo,107 Ballards Lane,,Santee,SC,29142,,,,,,,,,Yes,,,,,,,,,,,,,,,,,,,,,,,,,,,,,
Gene Still Accounting,,1586,,,8035331037,,,,901 Summers Ave,PO box 2125,Orangeburg,SC,29118,,,,,,,,,No,,,,,,,,,,,,,,,,,,,,,,,,,,,,,
Gene Wilkes,,2682,Gene,Wilkes,8035366866,,,,3251 Plum Circle,,Orangeburg,SC,29118,,,,,,,,,No,,,,,,,,,,,,,,,,,,,,,,,,,,,,,
Gene Williams,,5368,Gene,Williams,(803) 707-4330,,,,2864 HillCrest Rd,,Orangeburg,SC,29118,,,,,,,,,No,,,,,,,,,,,,,,,,,,,,,,,,,,,,,
General Food Stores Elloree,,706,Julie,Pellum,8038972551,,,,6639 Old Number Six Hwy,,Elloree,SC,29047,,,,,,,,,No,,,,,,,,,,,,,,,,,,,,,,,,,,,,,
General IGA Holly Hill,,1404,General,IGA Holly Hill,(803) 496-2000,,,,General IGA Holly Hill,P O.Box 1629  Lake City SC 29560,Holly Hill,SC,29059,,,,,,,,,No,,,,,,,,,,,,,,,,,,,,,,,,,,,,,
Geniffer Bookhardt,,3291,Geniffer,Bookhardt,8037470621,,,,1260 Cleckley Boulevard,,Orangeburg,SC,29118,,,,,,,,,No,,,,,,,,,,,,,,,,,,,,,,,,,,,,,
Geoffrey Dingle,,4896,Geoffrey,Dingle,8037078600,,,,786 Cleveland Street,,Santee,SC,29142,,,,,,,,,No,,,,,,,,,,,,,,,,,,,,,,,,,,,,,
Georgann Mclain,,3367,,,2529331454,,,,2304 north view dr,Apt 4a,Orangeburg,SC,29115,,,,,,,,,No,,,,,,,,,,,,,,,,,,,,,,,,,,,,,
George Ann Mclain (Bright),,3185,,,2529331454,,,,199 Ballards Lane,,Santee,SC,SC,,,,,,,,,No,,,,,,,,,,,,,,,,,,,,,,,,,,,,,
George Brooks,,8589,George,Brooks,(803) 528-3650,,,,2464 Francis St,,Orangeburg,South Carolina,29118-1967,,,,,,,,,Yes,,,,,,,,,,,,,,,,,,,,,,,,,,,,,
George Brown,,8466,George,Brown,(803) 534-9696,,,,2454 Fairway Dr,,Orangeburg,South Carolina,29118-4004,,,,,,,,,Yes,,,,,,,,,,,,,,,,,,,,,,,,,,,,,
George Corley,,8534,George,Corley,(803) 682-2235,,,,280 Cherry Hill Rd,,Orangeburg,South Carolina,29115-8711,,,,,,,,,Yes,,,,,,,,,,,,,,,,,,,,,,,,,,,,,
George Crieghton,,1220,George,Crieghton,8038543079,,,,209 Myrtlewood Drive    ,,Santee,SC,,,,,,,,,,No,,,,,,,,,,,,,,,,,,,,,,,,,,,,,
George Fox,,1710,George,Fox,(908) 910-4034,,,,110 Wateree Annex,,Santee,SC,29142,,,,,,,"#fiberCustomer, #residential",,No,,,,,,,,,,,,,,,,,,,,,,,,,,,,,
George Gorniak,,2106,Janice,Gorniak,8038544377,,,,121 Saluda Dr,,Santee,SC,29142,,,,,,,"#fiberCustomer, #residential",,No,,,,,,,,,,,,,,,,,,,,,,,,,,,,,
George Grieve,,1425,George,Grieve,8038545026,,,,316 Pinewood Dr,,Santee,SC,29142,,,,,,,"#fiberCustomer, #residential",,No,,,,,,,,,,,,,,,,,,,,,,,,,,,,,
George Grimes,,4439,,,8438267944,,,,448 Old Salem Rd,,Barnwell,SC,29812,,,,,,,,,No,,,,,,,,,,,,,,,,,,,,,,,,,,,,,
George Hill,,4304,,,8035341337,,,,1435 Tolly Gandy Circle,,Orangeburg,SC,,,,,,,,,,No,,,,,,,,,,,,,,,,,,,,,,,,,,,,,
George Hill,,3266,,,8035341337,,,,1435 Tolly Ganly Cir,,Orangeburg,SC,,,,,,,,,,No,,,,,,,,,,,,,,,,,,,,,,,,,,,,,
George McDaniel,,4230,,,8035343253,,,,1561 Green Valley,,,SC,,,,,,,,,,No,,,,,,,,,,,,,,,,,,,,,,,,,,,,,
George Mullen,,8051,George,Mullen,(843) 302-2832,,,,146 William Clark Blvd,,Santee,SC,29142,,,,,,,,,Yes,,,,,,,,,,,,,,,,,,,,,,,,,,,,,
George Myers,,4872,,,8034964653,,,,240 roxborough dr,,elloree,SC,,,,,,,,,,No,,,,,,,,,,,,,,,,,,,,,,,,,,,,,
George Paul Johnson,,1197,,,8038540918,,,,356 Bass Dr.,,Santee,SC,29142,,,,,,,,,No,,,,,,,,,,,,,,,,,,,,,,,,,,,,,
George Rickenbacker,,4295,,,8035961239,,,,434 Lawton Street,,Orangeburg,SC,29115,,,,,,,,,No,,,,,,,,,,,,,,,,,,,,,,,,,,,,,
George Ritter,,6136,George,Ritter,(803) 347-2125,,,,446 Raildroad Street,,Holly Hill,SC,29059,,,,,,,,,Yes,,,,,,,,,,,,,,,,,,,,,,,,,,,,,
George Ritter Jr,,2823,George,Ritter Jr,(803) 347-2125,,,,446 Railroad Ave,,Holly Hill,SC,29059,,,,,,,,,No,,,,,,,,,,,,,,,,,,,,,,,,,,,,,
George Stiefel,,309,,,8038973190,,,,337 Canebrake Ct.,,Elloree,SC,29047,,,,,,,,,No,,,,,,,,,,,,,,,,,,,,,,,,,,,,,
George Tabelle,,8087,George,Tabelle,(843) 653-8733,redtabelle@gmail.com,,,400 Fairway Lane,,Santee,SC,29142,,,,,,,,,Yes,,,,,,,,,,,,,,,,,,,,,,,,,,,,,
George Wyckoff,,5581,,,5203519321,,,,161 Country Road,,Bowman,SC,29018,,,,,,,,,No,,,,,,,,,,,,,,,,,,,,,,,,,,,,,
Georgia  Oliver,,1655,,,8033786025,,,,300 Thrower Lane,,Santee,SC,29142,,,,,,,,,No,,,,,,,,,,,,,,,,,,,,,,,,,,,,,
Georgia Jefferson,,4179,,,8038543867,,,,2019 Felderville Road,,Santee,SC,29142,,,,,,,,,No,,,,,,,,,,,,,,,,,,,,,,,,,,,,,
Georgia Walters,,3987,Georgia,Walters,8038292513,,,,128 Bullard Court,,Bowman,SC,29018,,,,,,,,,No,,,,,,,,,,,,,,,,,,,,,,,,,,,,,
Gerald Bailey,,669,Gerald,Bailey,8435632510,,,,410 Main St,,Reevesville,SC,29471,,,,,,,,,No,,,,,,,,,,,,,,,,,,,,,,,,,,,,,
Gerald Dunston,,8212,Gerald,Dunston,(843) 693-7485,Jedunston1@gmail.com,,,28 Peter Collinson Road,,Santee,SC,29142,,,,,,,,,Yes,,,,,,,,,,,,,,,,,,,,,,,,,,,,,
Gerald Frost ,,390,,,8034929466,,,,200 Craig St,,Eutawville   ,SC,29048,,,,,,,,,No,,,,,,,,,,,,,,,,,,,,,,,,,,,,,
Gerald Gilmore,,2317,,,8038543261,,,,1625 Bonner Ave,,Santee,SC,,,,,,,,,,No,,,,,,,,,,,,,,,,,,,,,,,,,,,,,
Gerald Heaton Jr.,,722,Gerald,Heaton Jr.,8439221257,,,,106 Main St.,,Reevesville,SC,29471,,,,,,,,,No,,,,,,,,,,,,,,,,,,,,,,,,,,,,,
Gerald Jenkinson,,337,,,8038972057,,,,690 West Hampton Street,,Elloree,SC,29047,,,,,,,,,No,,,,,,,,,,,,,,,,,,,,,,,,,,,,,
Gerald Riggins,,4128,,,8038579673,,,,176 Ellexlee Road,,Santee,SC,29142,,,,,,,,,No,,,,,,,,,,,,,,,,,,,,,,,,,,,,,
Gerald Ulmer,,5371,,,8033088133,,,,1729 Tee Vee Rd,,Elloree ,SC,29047,,,,,,,,,No,,,,,,,,,,,,,,,,,,,,,,,,,,,,,
Gerald Williams,,5426,,,8033006437,,,,1330 State Hwy 304,,Blackville,SC,,,,,,,,,,No,,,,,,,,,,,,,,,,,,,,,,,,,,,,,
Gerald Williams,,4092,,,8036718673,,,,161 Church St,,Hilda,SC,,,,,,,,,,No,,,,,,,,,,,,,,,,,,,,,,,,,,,,,
Gerard Caron,,1110,,,8038545427,,,,111 Santee Cooper Anx,,Santee,SC,29142,,,,,,,,,No,,,,,,,,,,,,,,,,,,,,,,,,,,,,,
Geron Stokes,,3526,,,8032905021,,,,1296 Golf Ave,,Orangeburg,SC,29115,,,,,,,,,No,,,,,,,,,,,,,,,,,,,,,,,,,,,,,
Gerona Jamison,,576,,,8034967125,,,,1050 Lodge Hall St,,Vance,SC,29163,,,,,,,,,No,,,,,,,,,,,,,,,,,,,,,,,,,,,,,
Gerrad Benjamin,,4784,,,8432500028,,,,,,,,,,,,,,,,,No,,,,,,,,,,,,,,,,,,,,,,,,,,,,,
Gerry Coons,,8604,Gerry,Coons,(803) 533-8116,,,,3270 Winchester Ln,,Orangeburg,South Carolina,29118-3161,,,,,,,,,Yes,,,,,,,,,,,,,,,,,,,,,,,,,,,,,
Gettha Rajan,,777,,,8033474711,,,,557 Hesseman Ave.,,Holly Hill,SC,,,,,,,,,,No,,,,,,,,,,,,,,,,,,,,,,,,,,,,,
Gevette Washington,,1243,,,8034969360,,,,111 Denny Hill Rd.,,Holly Hill,SC,29059,,,,,,,,,No,,,,,,,,,,,,,,,,,,,,,,,,,,,,,
Ghann Shirer,,3470,,,8033089655,,,,402 Hampton St,,Elloree,SC,29047,,,,,,,,,No,,,,,,,,,,,,,,,,,,,,,,,,,,,,,
Gibbes Ford,,5042,,,8035342010,,,,2840 St Matthews rd,,,SC,,,,,,,,,,No,,,,,,,,,,,,,,,,,,,,,,,,,,,,,
Gibby Sanders,,7985,Gibby,Sanders,(803) 709-2769,,,,136 Betty Drive,,Barnwell,SC,29812,,,,,,,,,Yes,,,,,,,,,,,,,,,,,,,,,,,,,,,,,
Gibby's Bottle Shop,,3400,Mark,Gibson,8032900660,,,,2040 Columbia Rd,,Orangeburg,SC,29118,,,,,,,,,No,,,,,,,,,,,,,,,,,,,,,,,,,,,,,
Gibson Transport,,1500,Gibson,Transport,(803) 897-2182,,,,51 Yenny Ln,,Elloree,SC,29047,,,,,,,,,No,,,,,,,,,,,,,,,,,,,,,,,,,,,,,
Gilda Dockery,,6293,Gilda,Dockery,(704) 575-8343,KurlyQue224@gmail.com,,home,101 Wateree Drive,,Santee,SC,29142,,,,,,,"#fiberCustomer, #residential",,Yes,,,,,,,,,,,,,,,,,,,,,,,,,,,,,
Gilford Winningham,,3468,,,8036144606,,,,928 lodge hall s,,Vance,SC,29163,,,,,,,,,No,,,,,,,,,,,,,,,,,,,,,,,,,,,,,
Gina Mueller,,1389,Gina,Mueller,(803) 571-0847,,,,151 Elaine Dr.,,Elloree,SC,29047,,,,,,,,,No,,,,,,,,,,,,,,,,,,,,,,,,,,,,,
Gina Rumbo,,8096,Gina,Rumbo,(210) 793-5174,ginarumbo@hotmail.com,,,143 Saluda Dr,,Santee,SC,29142,,,,,,,"#fiberCustomer, #residential",,Yes,,,,,,,,,,,,,,,,,,,,,,,,,,,,,
Ginas Housekeeping,,1098,George,Tantaleon,8035319825,,,,2516 Fairway Dr,,Orangeburg,SC,29115,,,,,,,,,No,,,,,,,,,,,,,,,,,,,,,,,,,,,,,
Ginger Pantel,,1765,,,8035968990,,,,6934 Old Number Six Hwy,,Elloree,SC,29047,,,,,,,,,No,,,,,,,,,,,,,,,,,,,,,,,,,,,,,
Gita Patel,,8666,Gita,Patel,(706) 263-1893,suresh04151968@gmail.com,,,521 Lakeland Cir,C5,Santee,South Carolina,29142-9638,,,,,,,,,Yes,,,,,,,,,,,,,,,,,,,,,,,,,,,,,
Gladys Spencer,,278,Gladys,Spencer,8033475319,,,,119 Sagewood Ct,,Santee,SC,29142,,,,,,,,,No,,,,,,,,,,,,,,,,,,,,,,,,,,,,,
Glana Biggers,,1771,,,8038293438,,,,265 Easterlin Rd         ,,Bowman,SC,29142,,,,,,,,,No,,,,,,,,,,,,,,,,,,,,,,,,,,,,,
Glen Griffin,,5696,Glen,Griffin,(910) 624-9893,,,,1066 DeerTrail Road,,Santee,SC,29142,,,,,,,"#fiberCustomer, #residential",,No,,,,,,,,,,,,,,,,,,,,,,,,,,,,,
Glen Miller,,1066,,,9894679000,,,,190 Fernview St,,Bowman,,29018,,,,,,,,,No,,,,,,,,,,,,,,,,,,,,,,,,,,,,,
Glen Porter,,1447,Glen,Porter,8038544138,,,,3 Peter Collinson Rd.,,Santee,SC,29142,,,,,,,,,No,,,,,,,,,,,,,,,,,,,,,,,,,,,,,
Glenda Bevis,,4502,,,8034564430,,,,123 Ballards Ln,,Santee,SC,29142,,,,,,,,,No,,,,,,,,,,,,,,,,,,,,,,,,,,,,,
Glenda Bolyn,,5676,,,8437544422,,,,125 Ballards Lane,,Santee,SC,29142,,,,,,,,,No,,,,,,,,,,,,,,,,,,,,,,,,,,,,,
Glenda Easterlin,,1452,,,8038292129,,,,203 Easterlin Rd,,Bowman,SC,29018,,,,,,,,,No,,,,,,,,,,,,,,,,,,,,,,,,,,,,,
Glenda Jackson,,2148,,,8037473291,,,,135 Round O Rd.,,Eutawville,SC,29048,,,,,,,,,No,,,,,,,,,,,,,,,,,,,,,,,,,,,,,
Glenda Jackson,,1092,,,8037473291,,,,135 Round O Road,,Eutawville,SC,29048,,,,,,,,,No,,,,,,,,,,,,,,,,,,,,,,,,,,,,,
Glenda Washington,,3888,,,8033470334,,,,119 Startdust Lane,,Eutawville,SC,29048,,,,,,,,,No,,,,,,,,,,,,,,,,,,,,,,,,,,,,,
Glenn Hayes,,4996,,,8033785960,,,,1562 Centeral st,,Orangeburg,SC,,,,,,,,,,No,,,,,,,,,,,,,,,,,,,,,,,,,,,,,
Glenn Walters,,2333,,,8035318844,,,,1910 Russel St,,Orangeburg,SC,29115,,,,,,,,,No,,,,,,,,,,,,,,,,,,,,,,,,,,,,,
Glenn Walters PA,,4034,Glenn,Walters PA,,,,, 1910 Russell St.,,,SC,,,,,,,,,,No,,,,,,,,,,,,,,,,,,,,,,,,,,,,,
Global Sales and Warehousing LLC,,8046,JT,Aubery,(805) 456-9984,,,,2630 Saint Matthews Road,,Orangeburg,SC,29118,,,,,,,,,Yes,,,,,,,,,,,,,,,,,,,,,,,,,,,,,
Gloria Brazell,,298,,,8038547036,,,,2579 Antioch Road,,Santee,SC,29142,,,,,,,,,No,,,,,,,,,,,,,,,,,,,,,,,,,,,,,
Gloria Hampton,,2234,,,8035313741,,,,1455 Essex Dr,,Orangeburg,SC,29118,,,,,,,,,No,,,,,,,,,,,,,,,,,,,,,,,,,,,,,
Gloria Mitchell,,2966,,,8036149555,,,,908 Bryan Dr,,,SC,,,,,,,,,,No,,,,,,,,,,,,,,,,,,,,,,,,,,,,,
Gloria Prangle,,4385,,,8033832183,,,,2472 Blossom Road,,Orangeburg,SC,29115,,,,,,,,,No,,,,,,,,,,,,,,,,,,,,,,,,,,,,,
Gloria Shadix,,8150,Gloria ,Shaddix,(419) 206-6905,GloriaShadix@gmail.com,,,117 Birdie Court,,Santee,SC,29142,,,,,,,,,Yes,,,,,,,,,,,,,,,,,,,,,,,,,,,,,
Glynda Bullington,,6321,Glynda,Bullington,(803) 897-2455,,,,2737 Cleveland Street,112,Elloree,SC,29047,,,,,,,,,Yes,,,,,,,,,,,,,,,,,,,,,,,,,,,,,
GoFiga Autosale,,8237,Melvin,Dash,(803) 614-2034,gofiga@hotmail.com,,,679 Bass Drive,,Santee,SC,29142,,,,,,,,,Yes,,,,,,,,,,,,,,,,,,,,,,,,,,,,,
Gold Michael,,8131,Gold,Michael,(843) 826-9829,,,,1009 John C Calhoun Drive,,Orangeburg,SC,29115,,,,,,,,,Yes,,,,,,,,,,,,,,,,,,,,,,,,,,,,,
Golden Kernel Pecan Co,,2468,Golden,Kernel Pecan Co,(803) 823-2311,,,,PO Box 613,5244 Cameron Rd,Cameron,SC,29030,,,,,,,,,No,,,,,,,,,,,,,,,,,,,,,,,,,,,,,
Golf Santee,,805,John,.,(803) 854-3530,,,,P O Box 26,,Santee,SC,29142,,,,,,,,,No,,,,,,,,,,,,,,,,,,,,,,,,,,,,,
Good Hope AME Church,,5640,,,8033782695,,,,850 Reevesville Rd,,Bowman,SC,29018,,,,,,,,,No,,,,,,,,,,,,,,,,,,,,,,,,,,,,,
Gooding & Gooding,,100,,,,,,,265 Barnwell Hwy,,Allendale,SC,29810,,,,,,,,,No,,,,,,,,,,,,,,,,,,,,,,,,,,,,,
Gordan Elliott,,4435,Gordan,Elliott,(864) 809-9115,,,,143 pine ridge rd,,Elloree ,SC,29047,,,,,,,,,No,,,,,,,,,,,,,,,,,,,,,,,,,,,,,
Gordon Elliott,,3459,Gordon,Elliott,8648099115,,,,143 Pineridge Rd,,Elloree,SC,29047,,,,,,,,,No,,,,,,,,,,,,,,,,,,,,,,,,,,,,,
Grace Baptist Church,,3160,,,8037071981,,,,4300 Block of Columbia Road,,Orangeburg,SC,,,,,,,,,,No,,,,,,,,,,,,,,,,,,,,,,,,,,,,,
Grace Graham,,2955,,,5166686050,,,,254 tradewinds st,,Bowman,SC,,,,,,,,,,No,,,,,,,,,,,,,,,,,,,,,,,,,,,,,
Grace Griffin,,2416,,,8034963391,,,,4187 Vance Rd,,Holly Hill,SC,29059,,,,,,,,,No,,,,,,,,,,,,,,,,,,,,,,,,,,,,,
Grace Point Church Office,,700,,,8437016901,,,,101 Rigby St,,Reevesville,SC,29471,,,,,,,,,No,,,,,,,,,,,,,,,,,,,,,,,,,,,,,
Grace Point Church Sanctuary,,585,,,8435634766,,,,100 Rigby St.,,Reevesville,SC,29471,,,,,,,,,No,,,,,,,,,,,,,,,,,,,,,,,,,,,,,
Grace Pound,,4138,,,,,,,348 Crider Pond Road      ,,,,,,,,,,,,,No,,,,,,,,,,,,,,,,,,,,,,,,,,,,,
Grace Yoakum,,661,Grace,Yoakum,(843) 922-0496,,,,316 Main St,,Reevesville,SC,29471,Mike,,(843) 922-1631,,,,,,No,,,,,,,,,,,,,,,,,,,,,,,,,,,,,
Gracie Mckoy,,2499,,,8435346056,,,,395 jack branch rd,,Santee,SC,,,,,,,,,,No,,,,,,,,,,,,,,,,,,,,,,,,,,,,,
Gracie Oliver,,1448,,,8038549639,,,,123 Mazzie Dr.,,Santee,SC,29142,,,,,,,,,No,,,,,,,,,,,,,,,,,,,,,,,,,,,,,
Grady W Darnell,,7849,Greggy,W Darnell,(803) 308-7453,,,,290 Oak Street,,Bowman,Sc,,,,,,,,,,Yes,,,,,,,,,,,,,,,,,,,,,,,,,,,,,
Gramling Promotional Advertising,,2576,John,Carrington,8037079522,,,,1195 Church St,,Orangeburg,SC,29115,,,,,,,,,No,,,,,,,,,,,,,,,,,,,,,,,,,,,,,
Gray McClary,,5245,Gray,McClary,(843) 244-0534,,,,346 Zimmerman Place ,,Cameron,,29030,,,,,,,,,No,,,,,,,,,,,,,,,,,,,,,,,,,,,,,
Graylyn Gaines,,1946,,,8033780080,,,,543 Bowman Branch Hwy,,Bowman,SC,29018,,,,,,,,,No,,,,,,,,,,,,,,,,,,,,,,,,,,,,,
Great Friendship AME Church,,5845,,,,,,,3669 Tee Vee Road,,Santee,SC,29142,,,,,,,,,No,,,,,,,,,,,,,,,,,,,,,,,,,,,,,
Greater Faith CDC,,7980,James,Myers,(803) 536-5258,,,,203 Dorchester St SE,,Orangeburg,SC,29115,,,,,,,,,Yes,,,,,,,,,,,,,,,,,,,,,,,,,,,,,
Greater Friendship AME Church,,5895,Latanya,Ravenell,(803) 347-6011,lvravenell@gmail.com,,,3669 Tee Vee Road,,Santee,SC,29142,,,,,,,,,Yes,,,,,,,,,,,,,,,,,,,,,,,,,,,,,
Greater St. Paul UMC,,2326,Albertha,Lee,8437092473,,,,1205 County Line Rd,,Cross,SC,29436,,,,,,,,,No,,,,,,,,,,,,,,,,,,,,,,,,,,,,,
Greater Unity A.M.E. Church,,758,,,8034967349,,,,744 Coach Rd.,,Holly Hill,SC,29059,,,,,,,,,No,,,,,,,,,,,,,,,,,,,,,,,,,,,,,
Green's Auto Sales,,2537,,,8035362400,,,,1054 Five Chop Rd,,Orangeburg ,SC,29115,,,,,,,,,No,,,,,,,,,,,,,,,,,,,,,,,,,,,,,
Green's Business & Tech Services,,1975,,,8034575555,,,,3143 Bass Dr,,Holly Hill,SC,29059,,,,,,,,,No,,,,,,,,,,,,,,,,,,,,,,,,,,,,,
Greg & Carolyn Costa,,7989,Greg,Costa,(267) 767-3043,gregcostasr1@gmail.com,,,480 Santee Drive,,Santee,SC,29142,,,,,,,"#fiberCustomer, #residential",,Yes,,,,,,,,,,,,,,,,,,,,,,,,,,,,,
Greg & Vicki Sutcliffe,,4601,,,8033781304,,,,1391 Moore Rd,,Orangeburg,SC,29118,,,,,,,,,No,,,,,,,,,,,,,,,,,,,,,,,,,,,,,
Greg Adams,,1441,,,8036644086,,,,2371 Antioch Rd,,Santee,SC,29142,,,,,,,,,No,,,,,,,,,,,,,,,,,,,,,,,,,,,,,
Greg Ashley,,7956,Greg,Ashley,(314) 518-2405,gregashley3351@gmail.com,,,433 Santee Drive,,Santee,SC,29142,,,,,,,"#fiberCustomer, #residential",,Yes,,,,,,,,,,,,,,,,,,,,,,,,,,,,,
Greg Burnett,,316,,,8038972912,,,,68 Quail Hollow Lane,,Elloree,SC,29047,,,,,,,,,No,,,,,,,,,,,,,,,,,,,,,,,,,,,,,
Greg Dressel,,938,,,8035330623,,,,164 Kiefer Ct.,,Cameron,SC,29030,,,,,,,,,No,,,,,,,,,,,,,,,,,,,,,,,,,,,,,
Greg Mumpower,,3716,,,8034128846,,,,350 Chapel Creek Drive,,Santee,SC,29142,,,,,,,,,No,,,,,,,,,,,,,,,,,,,,,,,,,,,,,
Greg Sutcliffe,,4347,Vickie,,8033781304,,,,1391 Moore Rd,,Orangeburg ,SC,29118,,,,,,,,,No,,,,,,,,,,,,,,,,,,,,,,,,,,,,,
Greg Wearing,,508,,,8036732470,,,,228 Fargo St    ,,Santee,SC,29142,,,,,,,,,No,,,,,,,,,,,,,,,,,,,,,,,,,,,,,
Gregg Albergotti,,3164,Gregg,Albergotti,8036146707,,,,3274 Slab Landing Road,,Orangeburg,SC,,,,,,,,,,No,,,,,,,,,,,,,,,,,,,,,,,,,,,,,
Gregory Bamberg,,8530,Gregory,Bamberg,(803) 596-2606,,,,154 Family Circle Dr,,Bamberg,South Carolina,29003-9073,,,,,,,,,Yes,,,,,,,,,,,,,,,,,,,,,,,,,,,,,
Gregory Burr,,8092,Gregory,Burr,(843) 614-2836,greg.burr@icloud.com,,,175 William Clark Blvd,,Santee,SC,29142,,,,,,,,,Yes,,,,,,,,,,,,,,,,,,,,,,,,,,,,,
Gregory Conn,,8561,Gregory,Conn,(937) 849-0835,bigmc8083@icloud.com,,,501 Ballard Ln,,Santee,South Carolina,29142-8560,,,,,,,,,Yes,,,,,,,,,,,,,,,,,,,,,,,,,,,,,
Gregory Harmon,,1876,,,8033477706,,,,189 Monsum Ct,,Elloree,SC,29142,,,,,,,,,No,,,,,,,,,,,,,,,,,,,,,,,,,,,,,
Gregory Hayes,,6109,Gregory,Hayes,(803) 496-6017,,,,133 2nd Street,,Santee,SC,29142,,,,,,,"#fiberCustomer, #residential",,Yes,,,,,,,,,,,,,,,,,,,,,,,,,,,,,
Gregory Hicks,,8057,Gregory,Hicks,(214) 517-6448,gregoryhicks@mail.com,,,98 Saluda Drive,,Santee,SC,29142,,,,,,,"#fiberCustomer, #residential",,Yes,,,,,,,,,,,,,,,,,,,,,,,,,,,,,
Gregory Lewis,,1821,,,8038571287,,,,617 Moss St,,Bowman,SC,29018,,,,,,,,,No,,,,,,,,,,,,,,,,,,,,,,,,,,,,,
Gregory Simpson,,5268,,,8035709818,,,,156 Flake Rd,,Orangeburg,SC,29115,,,,,,,,,No,,,,,,,,,,,,,,,,,,,,,,,,,,,,,
Gregory Void,,2200,Gregory,Void,(803) 225-4473,,,,138 Big Phils Court,,Santee,SC,29142,,,,,,,,,No,,,,,,,,,,,,,,,,,,,,,,,,,,,,,
Gressette Pest Management,,913,Ralph,Faulling,(803) 534-7118,,,,821 Five Chop Road,,Orangeburg,SC,29115,,,,,,,,,No,,,,,,,,,,,,,,,,,,,,,,,,,,,,,
Greta Gay,,8310,Greta,Gay,(864) 293-9792,,,,501 Ballard Ln,,Santee,South Carolina,29142-8560,,,,,,,,,Yes,,,,,,,,,,,,,,,,,,,,,,,,,,,,,
Griggs Heating & Cooling,,718,Griggs,Heating & Cooling,8034969494,,,,1225 Carolina Ave,,Holly Hill,SC,,,,,,,,,,No,,,,,,,,,,,,,,,,,,,,,,,,,,,,,
Groucho's Deli,,6330,Groucho's,Deli,,,,,,,,,,,,,,,,,,Yes,,,,,,,,,,,,,,,,,,,,,,,,,,,,,
Groucho’s Deli,,6322,Groucho’s,Deli,(803) 534-0005,,,,1208 Saint Matthews Road,,Orangeburg,SC,29115,,,,,,,,,Yes,,,,,,,,,,,,,,,,,,,,,,,,,,,,,
Grove Park Pharmacy,,3046,Steven,.,(803) 536-0007,,,,1324 Grove Park NE ,,Orangeburg,SC,29118,,,,,,,,,No,,,,,,,,,,,,,,,,,,,,,,,,,,,,,
Grubbs Furniture Company,,3934,Grubbs,Furniture Company,8038742521,,,,601 Harry Raysor Drive,,St. Matthews,SC,,,,,,,,,,No,,,,,,,,,,,,,,,,,,,,,,,,,,,,,
Guess Equipment Company,,2221,,,8035343141,,,,1080 Five Chop Rd,,Orangeburg,SC,29115,,,,,,,,,No,,,,,,,,,,,,,,,,,,,,,,,,,,,,,
Guess Farm Equipment,,102,,,,,,,P O Box 155,,St Matthews,SC,29135,,,,,,,,,No,,,,,,,,,,,,,,,,,,,,,,,,,,,,,
Guess Irrigation,,3618,,,8038741442,,,,135 Old Number 6 Highway,,St. Matthews,SC,29135,,,,,,,,,No,,,,,,,,,,,,,,,,,,,,,,,,,,,,,
Guido Fava,,8611,Guido,Fava,(914) 879-1833,gjfava1017@gmail.com,,,359 Green St,,Santee,South Carolina,29142-8879,,,,,,,,,Yes,,,,,,,,,,,,,,,,,,,,,,,,,,,,,
Gunter Farms,,1695,,,,,,,332 Patton Rd,,Reevesville,SC,29471,,,,,,,,,No,,,,,,,,,,,,,,,,,,,,,,,,,,,,,
Gunter Farms,,1375,Andy,Gunter,8035184550,,,,332 Patton Road,,Reevesville,SC,29471,,,,,,,,,No,,,,,,,,,,,,,,,,,,,,,,,,,,,,,
Gus Whetsell,,5420,,,8036821971,,,,339 Cabin Rd,,Neeses,SC,29118,,,,,,,,,No,,,,,,,,,,,,,,,,,,,,,,,,,,,,,
Guy Moseley,,8468,Guy,Moseley,(803) 664-7338,gmoseley@ncsone.com,,,745 Striped Bass Ct,,Santee,SC,29142,,,,,,,,,Yes,,,,,,,,,,,,,,,,,,,,,,,,,,,,,
Gwen Gilyard,,2368,,,8038291386,,,,513 Project Road,,Bowman,SC,29018,,,,,,,,,No,,,,,,,,,,,,,,,,,,,,,,,,,,,,,
Gwen Renn,,2295,Gwen,Renn,(803) 682-1545,,,New Home,139 Saluda Drive,,Santee,SC,29142,,,,,,,"#fiberCustomer, #residential",,No,,,,,,,,,,,,,,,,,,,,,,,,,,,,,
Gwen Renn (old),,5593,Gwen,Renn,8036821545,,,,212 Broad River Dr,,Santee,SC,29142,,,,,,,"#fiberCustomer, #residential",,No,,,,,,,,,,,,,,,,,,,,,,,,,,,,,
Gwen Woods,,1602,,,8038542857,,,,2097 Tee Vee Rd.,,Santee,SC,29142,,,,,,,,,No,,,,,,,,,,,,,,,,,,,,,,,,,,,,,
Gwendolyn Boneparte,,3239,,,8035336625,,,,1947 Atlantic Ave,, ,SC,,,,,,,,,,No,,,,,,,,,,,,,,,,,,,,,,,,,,,,,
Gwendolyn Clinton,,4147,,,8039740937,,,,1045 Dukenfield Drive,,Vance,SC,29163,,,,,,,,,No,,,,,,,,,,,,,,,,,,,,,,,,,,,,,
Gwendolyn Goodwin,,2412,,,8038543820,,,,222 Antioch rd,,Santee,SC,29142,,,,,,,,,No,,,,,,,,,,,,,,,,,,,,,,,,,,,,,
H & B Properties of SC,,7949,Hunter,Sutcliffe,(803) 707-0493,huntersutcliffe10@gmail.com,,,427 Ballard Lane,,Santee,SC,29142,Becky,Armstrong,(803) 378-6866,,,,,,Yes,,,,,,,,,,,,,,,,,,,,,,,,,,,,,
H A Kallio,,1231,H,A Kallio,8038544556,,,,1045 Sanoree Dr,,Santee,SC,29142,,,,,,,,,No,,,,,,,,,,,,,,,,,,,,,,,,,,,,,
H. Ruben Vision Center,,4194,,,8035352000,,,,1530 Chestnut Street,,Orangeburg,SC,29115,,,,,,,,,No,,,,,,,,,,,,,,,,,,,,,,,,,,,,,
H.E & J.B. Shuler,,1119,Bridgette,.,(803) 682-2112,,,,303 Jackson Belt Rd.,,Holly Hill,SC,29059,,,,,,,,,No,,,,,,,,,,,,,,,,,,,,,,,,,,,,,
H.T. Hackney Co.,,2131,Stuart,Marcus,8035344532,,,,368 Millenium Dr,,Orangeburg,SC,29115,,,,,,,,,No,,,,,,,,,,,,,,,,,,,,,,,,,,,,,
Haigler Farm Office,,1002,Pam,Rivers,(803) 837-8423,,,,175 Harvest Drive,,Cameron,SC,29030,,,,,,,,,No,,,,,,,,,,,,,,,,,,,,,,,,,,,,,
Hailey Till,,4777,,,8033788218,,,,207 Camellia Rd,,Reevesville,SC,29473,,,,,,,,,No,,,,,,,,,,,,,,,,,,,,,,,,,,,,,
Hal Cooner,,2602,,,8035390666,,,,1969 Broughton St,,Orangeburg,SC,,,,,,,,,,No,,,,,,,,,,,,,,,,,,,,,,,,,,,,,
Hal Kelly,,7867,Hal,Kelly,(803) 837-3601,,,,320 Wannamaker Street,,Orangeburg,SC,29115,,,,,,,,,Yes,,,,,,,,,,,,,,,,,,,,,,,,,,,,,
Hal McMichael,,5103,,,8036821013,,,,1377 Old Elloree rd,,Orangeburg ,SC,,,,,,,,,,No,,,,,,,,,,,,,,,,,,,,,,,,,,,,,
Haley Aull,,1238,,,8037070390,,,,100 Killdeer Ct,,Cameron,SC,29030,,,,,,,,,No,,,,,,,,,,,,,,,,,,,,,,,,,,,,,
Haley Garvin,,5911,Haley,Garvin,(803) 989-3633,haleygarvin46@yahoo.com,,,311 Creech Road,,Barnwell,SC,29812,,,,,,,,,Yes,,,,,,,,,,,,,,,,,,,,,,,,,,,,,
Hamilton J Felder,,434,Hamilton,J Felder,8038972525,,,,275 Barkley St,,Elloree,SC,29047,,,,,,,,,No,,,,,,,,,,,,,,,,,,,,,,,,,,,,,
Hampton Family Practice,,103,Glenn,Welker,8039434192,,,,305 Elm Street W,,Hampton,SC,29924,,,,,,,,,No,,,,,,,,,,,,,,,,,,,,,,,,,,,,,
Hampton Inn,,104,Sue,Kennly,(803) 854-2444,santeefrontdesk@gmail.com,,,9060 Old No Six HWY,P.O. Box 1003,Santee,SC,29142,,,,,,,,,No,,,,,,,,,,,,,,,,,,,,,,,,,,,,,
Hana Jung,,5789,,,8433009294,,,,133 1st Street,,Santee,SC,29142,,,,,,,"#residential, #fiberCustomer",,No,,,,,,,,,,,,,,,,,,,,,,,,,,,,,
Hands That Care Home Health Care,,5132,,,8038378918,,,,8198 Old State rd,,Camron,,,,,,,,,,,No,,,,,,,,,,,,,,,,,,,,,,,,,,,,,
Hannah Sheard,,1367,,,8039740001,,,,174 Wactor Drive,,Santee,SC,29142,,,,,,,,,No,,,,,,,,,,,,,,,,,,,,,,,,,,,,,
Hannah Spalding,,602,,,8038542086,,,,18 Andre Michaux ,,Santee,SC,29142,,,,,,,,,No,,,,,,,,,,,,,,,,,,,,,,,,,,,,,
Happy Motors,,2922,,,8037072904,,,,265 John C Calhoun Dr,,Orangeburg,SC,,,,,,,,,,No,,,,,,,,,,,,,,,,,,,,,,,,,,,,,
Hardy Patel,,586,,,8034923838,,,,721 Lakeland Circle,,Santee,SC,29142,,,,,,,,,No,,,,,,,,,,,,,,,,,,,,,,,,,,,,,
Harlan Munn,,4905,Harlan,Munn,3039474100,,,,122 Wateree Dr,,Santee,SC,,,,,,,,"#fiberCustomer, #residential",,No,,,,,,,,,,,,,,,,,,,,,,,,,,,,,
Harley Valdivia,,4653,Harley,Valdivia,(803) 857-1334,,,,220 1st Street,,Santee,SC,29142,,,,,,,"#fiberCustomer, #residential",,No,,,,,,,,,,,,,,,,,,,,,,,,,,,,,
Harold E Felkel,,8282,Harold,Felkel,(843) 229-0922,CFelkel@gmail.com,,,133 Wateree Dr,,Santee,South Carolina,29142-9307,,,,,,,,,Yes,,,,,,,,,,,,,,,,,,,,,,,,,,,,,
Harold Hamilton,,796,,,8033786241,,,,221 Neds Cove,,Santee,SC,29142,,,,,,,,,No,,,,,,,,,,,,,,,,,,,,,,,,,,,,,
Harold Ingram,,288,,,8038542871,,,,116 Broad River Dr,,Santee,SC,29142,,,,,,,"#fiberCustomer, #residential",,No,,,,,,,,,,,,,,,,,,,,,,,,,,,,,
Harold Jackson,,2102,,,8038293495,,,,170 Charter Oaks Court,,Bowman,SC,29018,,,,,,,,,No,,,,,,,,,,,,,,,,,,,,,,,,,,,,,
Harold Jackson,,5112,,,8033541013,,,,110 B Dairy Ave,,Bowman,SC,,,,,,,,,,No,,,,,,,,,,,,,,,,,,,,,,,,,,,,,
Harold McClain,,5408,Harold,McClain,8037074917,,,,617 Santee Dr,,Santee,SC,21942,,,,,,,"#fiberCustomer, #residential",,No,,,,,,,,,,,,,,,,,,,,,,,,,,,,,
Harold Palm,,1287,,,,,,,429 Ballard Lane,,Santee,SC,29142,,,,,,,,,No,,,,,,,,,,,,,,,,,,,,,,,,,,,,,
Harold Ream,,1334,,,8038543067,,,,14 Andre Michaux,,Santee,SC,29142,,,,,,,,,No,,,,,,,,,,,,,,,,,,,,,,,,,,,,,
Harold Snider,,7911,Harold,Snider,(803) 246-4990,,,,695 Hardware Street,,Elloree,SC,29047,,,,,,,,,Yes,,,,,,,,,,,,,,,,,,,,,,,,,,,,,
Harold Windam,,4012,,,8034104934,,,,598 Barkley Street ,,Elloree,SC,29047,,,,,,,,,No,,,,,,,,,,,,,,,,,,,,,,,,,,,,,
Harold Worden,,479,,,8039740843,,,,429 Santee Dr             ,,Santee,SC,29142,,,,,,,"#fiberCustomer, #residential",,No,,,,,,,,,,,,,,,,,,,,,,,,,,,,,
Harold Wright Jr,,3533,,,8033875409,,,,126 Kemmerlin Rd,,Orangeburg,SC,29115,,,,,,,,,No,,,,,,,,,,,,,,,,,,,,,,,,,,,,,
Harriet Kelly,,1967,,,8036829804,,,,648 Kizer Rd,,Bowman,SC,29018,,,,,,,,,No,,,,,,,,,,,,,,,,,,,,,,,,,,,,,
Harriet Tilly,,3144,,,8038545148,,,,585 Resort St,,Santee,SC,,,,,,,,,,No,,,,,,,,,,,,,,,,,,,,,,,,,,,,,
Harris Steppe,,992,Harris,Steppe,8038542996,,,,302 Broad River Dr,,Santee,SC,29142,,,,,,,"#fiberCustomer, #residential",,No,,,,,,,,,,,,,,,,,,,,,,,,,,,,,
Harry Allen,,3163,Harry,Allen,(803) 707-5510,,,,439 Church Camp Rd,,Cameron,SC,29030,,,,,,,,,No,,,,,,,,,,,,,,,,,,,,,,,,,,,,,
Harry Brigmon,,1319,Abiola,Wilson-Brigmon,8038974696,,,,449 Bay St,,Elloree,SC,29047,,,,,,,,,No,,,,,,,,,,,,,,,,,,,,,,,,,,,,,
Harry Dantzler,,2954,,,8033781217,,,,479 Hubbard St,,Orangeburg,SC,29115,,,,,,,,,No,,,,,,,,,,,,,,,,,,,,,,,,,,,,,
Harry E Nettles III,,7947,Harry,Nettles,(843) 514-1448,netthar449@gmail.com,,,363 Pinewood Drive,,Santee,SC,29142,,,,,,,"#fiberCustomer, #residential",,Yes,,,,,,,,,,,,,,,,,,,,,,,,,,,,,
Harry E. Ulmer,,2277,,,8038232807,,,,8019 Old State Road    ,,Cameron,SC,29030,,,,,,,,,No,,,,,,,,,,,,,,,,,,,,,,,,,,,,,
Harry Green,,6255,Harry ,Green,(856) 466-1867,,,Home,161 Ballard Lane,,Santee,SC,29142,,,,,,,,,Yes,,,,,,,,,,,,,,,,,,,,,,,,,,,,,
Harry Hicks,,2505,,,8034927684,,,,126 Teresa Ct,,Eutawville,SC,29048,,,,,,,,,No,,,,,,,,,,,,,,,,,,,,,,,,,,,,,
Harry Mims,,1435,Barbara,Mims,8036644514,,,,1095 Putter Path,,Orangeburg,SC,29118,,,,,,,,,No,,,,,,,,,,,,,,,,,,,,,,,,,,,,,
Harry Mims,,5574,,,,,,,1095 Pudder Path Road,,Orangeburg,SC,29115,,,,,,,,,No,,,7680,,,,,,,,,,,,,,,,,,,,,,,,,,
Harry Nettles,,7840,Harry,Nettles,(843) 934-8706,Nettlehe@gmail.com,,,369 Pinewood Drive,,Santee,SC,29142,,,,,,,"#fiberCustomer, #residential",,Yes,,,,,,,,,,,,,,,,,,,,,,,,,,,,,
Harry Stokes,,1488,,,8034969179,,,,4060 Old State Rd,,Santee,SC,29142,,,,,,,,,No,,,,,,,,,,,,,,,,,,,,,,,,,,,,,
Harry Weaver,,3275,,,,,,,1223 Old River Rd,,Elloree ,SC,29047,,,,,,,,,No,,,,,,,,,,,,,,,,,,,,,,,,,,,,,
Harry Young Bail Bonds,,2098,,,8033783539,,,,1492 Executive Ct.,,Orangeburg,SC,29116,,,,,,,,,No,,,,,,,,,,,,,,,,,,,,,,,,,,,,,
Harsh Patel,,8662,Harsh,Patel,(803) 857-3465,Ritozfreshmexicangrill@gmail.com,,,132 Congaree Ct,,Santee,South Carolina,29142-9513,,,,,,,,,Yes,,,,,,,,,,,,,,,,,,,,,,,,,,,,,
Hart J Klee,,3106,Hart,J Klee,8035356974,,,,105 Wateree Dr,,Santee,SC,29142,,,,,,,"#fiberCustomer, #residential",,No,,,,,,,,,,,,,,,,,,,,,,,,,,,,,
Hartzog Auto Sale,,4516,,,8038371313,,,,,,,,,,,,,,,,,No,,,,,,,,,,,,,,,,,,,,,,,,,,,,,
Hartzog Chiropractic Clinic,,4140,Kendall,Hartzog,(803) 671-0538,K_hartzog@hotmail.com,,,7245 Barnwell Road,,Barnwell,SC,29812,,,,,,,,,No,,,,,,,,,,,,,,,,,,,,,,,,,,,,,
Harvey A Schramm,,1994,,,8037070610,,,,489 Santee Drive,,Santee,SC,29142,,,,,,,"#fiberCustomer, #residential",,No,,,,,,,,,,,,,,,,,,,,,,,,,,,,,
Hasanani Fairey,,4100,,,8035963223,,,,1060 West Chester Street,,Orangeburg,SC,29115,,,,,,,,,No,,,,,,,,,,,,,,,,,,,,,,,,,,,,,
Haseezah Blakely,,2996,Haseezah,Blakely,(803) 760-3510,,,,912 Dibble Street,,Bowman,SC,29018,,,,,,,,,No,,,,,,,,,,,,,,,,,,,,,,,,,,,,,
Hawthorne Residential Partners,,4500,,,8033927049,,,,583 Climbing Rose Blvd,,Grainteville,SC,29829,,,,,,,,,No,,,,,,,,,,,,,,,,,,,,,,,,,,,,,
Hayne Culler,,8294,Hayne,Culler,(803) 682-0036,,,,1128 Deer Crossing Rd,,Orangeburg,South Carolina,29118-8841,,,,,,,,,Yes,,,,,,,,,,,,,,,,,,,,,,,,,,,,,
Hayne Turner,,5038,,,8036828125,,,,3296 Homestead Road,,Bowman,SC,29018,,,,,,,,,No,,,,,,,,,,,,,,,,,,,,,,,,,,,,,
Hazel Simpson,,2134,,,8038973429,,,,1242 Tee Vee Rd.,,Elloree,SC,29047,,,,,,,,,No,,,,,,,,,,,,,,,,,,,,,,,,,,,,,
Hearts of Hope,,1581,,,8438340311,,,,2726 Cleveland St,,Elloree,SC,29142,,,,,,,,,No,,,,,,,,,,,,,,,,,,,,,,,,,,,,,
Heather & Ethan Raines,,5878,Heather,& Ethan Raines,3045438089,,,,414 Santee Drive,,Santee,SC,29142,,,,,,,"#fiberCustomer, #residential",,No,,,,,,,,,,,,,,,,,,,,,,,,,,,,,
Heather Ball,,4319,,,8039749395,,,,356 bass dr ,,Santee,SC,29142,,,,,,,,,No,,,,,,,,,,,,,,,,,,,,,,,,,,,,,
Heather Bonnette,,1692,,,8033787231,,,,6548 Vance Rd,,Bowman,SC,,,,,,,,,,No,,,,,,,,,,,,,,,,,,,,,,,,,,,,,
Heather Carey,,416,,,8438226272,,,,402 Hampton St,,Elloree,SC,29047,,,,,,,,,No,,,,,,,,,,,,,,,,,,,,,,,,,,,,,
Heather Chavis,,5352,,,8036086579,,,,499 MayBrick Creek Rd,,Cameron,SC,29030,,,,,,,,,No,,,,,,,,,,,,,,,,,,,,,,,,,,,,,
Heather Mcleod,,8105,Heather,MCloed,(205) 267-8948,h_mcleod@ymail.com,,,615 Ballard Lane,,Santee,SC,29142,,,,,,,,,Yes,,,,,,,,,,,,,,,,,,,,,,,,,,,,,
Heather Smith,,5021,,,8035711146,,,,209 Creech RD,,Hilda,SC,,,,,,,,,,No,,,,,,,,,,,,,,,,,,,,,,,,,,,,,
Heather Thomas,,1822,,,8034966448,,,,104 Santee Cooper Annex,,Santee,SC,29142,,,,,,,,,No,,,,,,,,,,,,,,,,,,,,,,,,,,,,,
Heather Welsh,,6067,Heather,Welsh,(717) 324-8331,,,,100 Cooper Drive,,Santee,SC,29142,,,,,,,"#fiberCustomer, #residential",,Yes,,,,,,,,,,,,,,,,,,,,,,,,,,,,,
Hebron Colony Ministries Inc,,539,,,8038549809,,,,501 LTD Rd,,Vance,SC,,,,,,,,,,No,,,,,,,,,,,,,,,,,,,,,,,,,,,,,
Hehozan Anca,,3218,,,8039280746,,,,1218 old river rd,,Elloree,SC,29047,,,,,,,,,No,,,,,,,,,,,,,,,,,,,,,,,,,,,,,
Helen Cannon,,5190,Helen,Cannon,8033088283,,,,204 cedarwood ct,,Bowman ,SC,,,,,,,,,,No,,,,,,,,,,,,,,,,,,,,,,,,,,,,,
Helen Check,,1614,,,8038544043,,,,148 Saluda Dr.,,Santee,SC,29142,,,,,,,"#fiberCustomer, #residential",,No,,,,,,,,,,,,,,,,,,,,,,,,,,,,,
Helen Clark,,8413,Helen,Clark,(803) 664-4270,,,,270 Green St,,Orangeburg,South Carolina,29115-5412,,,,,,,,,Yes,,,,,,,,,,,,,,,,,,,,,,,,,,,,,
Helen Macedona-Robinson,,5756,Helen,Macedona-Robinson,8032680348,,,,1221 Glen Robinson Street,,Orangeburg,SC,29115,,,,,,,,,No,,,,,,,,,,,,,,,,,,,,,,,,,,,,,
Helen Maxwell,,8181,Gail ,Heape,(843) 697-4613,,,,111 Ballard Lane,,Santee,SC,29142,,,,,,,,,Yes,,,,,,,,,,,,,,,,,,,,,,,,,,,,,
Helen Rickrode,,1755,,,8038543720,,,,13 Thomas Walter Circle,,Santee,SC,29142,,,,,,,,,No,,,,,,,,,,,,,,,,,,,,,,,,,,,,,
Helen Robinson,,5186,,,8032680348,,,,1221 Robinson Ln,,Orangeburg,SC,,,,,,,,,,No,,,,,,,,,,,,,,,,,,,,,,,,,,,,,
Helen Sklut,,8029,Helen,Sklut,(843) 532-8080,Hsklut@comcast.net,,162,162 William Clark Blvd,,Santee,SC,29142,,,,,,,,,Yes,,,,,,,,,,,,,,,,,,,,,,,,,,,,,
Helen Wright,,3148,Helen,Wright,8038542336,,,,178 Milligan Rd,,Santee,SC,29142,,,,,,,,,No,,,,,,,,,,,,,,,,,,,,,,,,,,,,,
Helena Chemical Co.,,968,Tommie,Betsill,8037072898,,,,2471 Gramling Road,,Orangeburg,SC,29118,,,,,,,,,No,,,,,,,,,,,,,,,,,,,,,,,,,,,,,
Helena Tillar,,6002,Helena,Tillar,(803) 971-2888,htillar@hotmail.com,,,119 Cooper Circle,,Santee,SC,29142,,,,,,,"#fiberCustomer, #residential",,Yes,,,,,,,,,,,,,,,,,,,,,,,,,,,,,
Hellen Bennett,,5031,Hellen,Bennett,(803) 261-6226,,,,320 Broad River Dr,,Santee,South Carolina,29142-9301,,,,,,,"#fiberCustomer, #residential",,No,,,,,,,,,,,,,,,,,,,,,,,,,,,,,
Hellen Brown,,2993,,,8038293047,,,,585 Black Pond Rd,,Bowman,SC,29018,,,,,,,,,No,,,,,,,,,,,,,,,,,,,,,,,,,,,,,
Hellen Maxwell,,5578,,,8283205744,,,,318 Trillion Lane,,Santee,SC,29142,,,,,,,,,No,,,,,,,,,,,,,,,,,,,,,,,,,,,,,
Hemly Brothers Ace Hardware,,86,Hemly,Brothers Ace Hardware,8038972442,,,Business,650 Railroad Ave,,Elloree,South Carolina,29047,Logan,,(803) 759-0675,,,,,,No,,,,,,,,,,,,,,,,,,,,,,,,,,,,,
Henrietta Moore,,1753,,,8034963170,,,,200 Theater Drive,,Holly Hill,SC,29059,,,,,,,,,No,,,,,,,,,,,,,,,,,,,,,,,,,,,,,
Henrietta Rock,,1373,,,8034929650,,,,188 Sabrina Ln,,Eutawville,SC,29048,,,,,,,,,No,,,,,,,,,,,,,,,,,,,,,,,,,,,,,
Henry Goodwin,,5256,,,8037075491,,,,,,,,,,,,,,,,,No,,,,,,,,,,,,,,,,,,,,,,,,,,,,,
Henry Griffith,,4438,,,8033081732,,,,4324 Nintey-6rd,,Neeses,SC,29107,,,,,,,,,No,,,,,,,,,,,,,,,,,,,,,,,,,,,,,
Henry Marlow,,4997,Henry,Marlow,8037070395,,,,108 Wateree dr,,Santee ,SC,,,,,,,,"#fiberCustomer, #residential",,No,,,,,,,,,,,,,,,,,,,,,,,,,,,,,
Henry Pierce,,4198,,,8037077109,,,,300 Shadow Lawn Dr,,Orangeburg,SC,29118,,,,,,,,,No,,,,,,,,,,,,,,,,,,,,,,,,,,,,,
Henry Prescott,,793,,,8038544726,,,,1045 Chapel Branch Road,,Santee,SC,29142,,,,,,,,,No,,,,,,,,,,,,,,,,,,,,,,,,,,,,,
Henry Ridgeway,,2176,,,8038544420,,,,141 Acorn Lane,,Santee,SC,29142,,,,,,,,,No,,,,,,,,,,,,,,,,,,,,,,,,,,,,,
Henry Summers,,4215,,,8037475261,,,,1387 Ridgewood Drive,,Orangeburg,SC,29118,,,,,,,,,No,,,,,,,,,,,,,,,,,,,,,,,,,,,,,
Henry White,,8340,Henry,White,(803) 829-2517,amandawh7@hotmail.com,,,204 Cedarwood Ct,,Bowman,South Carolina,29018-8647,,,,,,,,,Yes,,,,,,,,,,,,,,,,,,,,,,,,,,,,,
Henry Wilcox,,831,,,4133483119,,,,1081 Huran Ln,,Santee,SC,29142,,,,,,,,,No,,,,,,,,,,,,,,,,,,,,,,,,,,,,,
Henry Young,,2370,,,8033786932,,,,1517 Ellis Ave,,Orangeburg,SC,29118,,,,,,,,,No,,,,,,,,,,,,,,,,,,,,,,,,,,,,,
Henrys / LPT 806,,2680,,,8035345877,,,,1935 Old Edisto Dr,,Orangeburg,SC,29115,,,,,,,,,No,,,,,,,,,,,,,,,,,,,,,,,,,,,,,
Henrys Travel Plaza,,101,,,8035345877,,,,1935 Old Edisto Rd,,Orangeburg ,SC,29116,,,,,,,,,No,,,,,,,,,,,,,,,,,,,,,,,,,,,,,
Herb Tait ,,4289,Herb,Tait ,(803) 534-4074,,,,302 Orange Park DR,,Orangeburg,,,,,,,,,,,No,,,,,,,,,,,,,,,,,,,,,,,,,,,,,
Herbert Nupp,,8675,Herbert,Nupp,(814) 833-0603,hjnupp@gmail.com,,,121 Ballard Ln,,Santee,South Carolina,29142-8563,,,,,,,,,Yes,,,,,,,,,,,,,,,,,,,,,,,,,,,,,
Hercules Mack,,2472,,,8035358613,,,,1818 Benjamin Blvd,,Orangeburg,SC,29118,,,,,,,,,No,,,,,,,,,,,,,,,,,,,,,,,,,,,,,
Herika Haro,,1531,,,8038973489,,,,184 Wishbone Circle,,Elloree,SC,29047,,,,,,,,,No,,,,,,,,,,,,,,,,,,,,,,,,,,,,,
Hernan Andrade,,8373,Hernan,Andrade,(803) 857-1901,,,Home,430 4th St,,Santee,South Carolina,29142-8824,,,,,,,,,Yes,,,,,,,,,,,,,,,,,,,,,,,,,,,,,
Herron's Used Cars,,1616,Herron's,Used Cars,(803) 974-9700,,,,9265 Old Number Six Hwy,,Santee,SC,29142,,,,,,,,,No,,,,,,,,,,,,,,,,,,,,,,,,,,,,,
Hewitt Keith A. Jr Insurance Agency,,105,,,8035365353,,,,1493 Broughton St,,Orangeburg,SC,29115,,,,,,,,,No,,,,,,,,,,,,,,,,,,,,,,,,,,,,,
Heyward Robinson,,2182,,,8038973709,,,,200 Altvater Road,,Elloree,SC,29047,,,,,,,,,No,,,,,,,,,,,,,,,,,,,,,,,,,,,,,
Hi- Density,,1620,Marvin,Staller,8034928801,,,,12606 Old Number Six Hwy,,Eutawville,SC,29048,,,,,,,,,No,,,,,,,,,,,,,,,,,,,,,,,,,,,,,
Hibbits Insurance,,1288,Lindsay,Cook,8035341184,,,,562 Summers Ave.,,Orangeburg,SC,,,,,,,,,,No,,,,,,,,,,,,,,,,,,,,,,,,,,,,,
Hicklin Bldg Maint,,106,,,,,,,4119 Brown Dr,,Orangeburg,SC,29118,,,,,,,,,No,,,,,,,,,,,,,,,,,,,,,,,,,,,,,
Hickory Hill Baptist Church,,3423,,,8035347823,,,,Hwy 4 ,,Neeses,SC,29107,,,,,,,,,No,,,,,,,,,,,,,,,,,,,,,,,,,,,,,
Hickory Hill Baptist Church,,5690,Hickory,Hill Baptist Church,8033781625,,,,4623 Neeses Hwy,,Neeses,SC,29107,,,,,,,,,No,,,,,,,,,,,,,,,,,,,,,,,,,,,,,
Hickory Springs Water,,2873,,,,,,, 347 Old River Rd,,,SC,,,,,,,,,,No,,,,,,,,,,,,,,,,,,,,,,,,,,,,,
High Cotton Greenhouses,,4722,,,8038744747,,,,2451 Colonel Thompson Highway,,St. Matthews,SC,29135,,,,,,,,,No,,,,,,,,,,,,,,,,,,,,,,,,,,,,,
High Cotton Realty,,1075,,,8038543333,,,,9393 Old Number Six Hwy ,,Santee,SC,29142,,,,,,,,,No,,,,,,,,,,,,,,,,,,,,,,,,,,,,,
Hikari USA INC,,3896,,,8035313010,,,,P O Box 1427,2840 Magnolia St,Orangeburg,SC,29118,,,,,,,,,No,,,,,,,,,,,,,,,,,,,,,,,,,,,,,
Hilda Baptist Church,,5152,Hilda,Baptist Church,8033006463,,,,157 Church Street,,Hilda,SC,,,,,,,,,,No,,,,,,,,,,,,,,,,,,,,,,,,,,,,,
Hilda Building Supply,,4039,,,8033006463,,,,10 East Main Street,,Hilda,SC,,,,,,,,,,No,,,,,,,,,,,,,,,,,,,,,,,,,,,,,
Hilda Fire Dept,,4040,Hilda,Fire Dept,8033006463,,,,26 Collins Ave,,Hilda,SC,,,,,,,,,,No,,,,,,,,,,,,,,,,,,,,,,,,,,,,,
Hilda SCV Camp 2069,,6023,Jerry,Bodiford,(803) 259-6872,,,,6987 Barnwell Road,,Blackville,SC,,,,,,,,,,Yes,,,,,,,,,,,,,,,,,,,,,,,,,,,,,
Hildreth Carter,,3186,,,8035350931,,,,2140 Charleston Hwy,,,SC,,,,,,,,,,No,,,,,,,,,,,,,,,,,,,,,,,,,,,,,
Hillcrest Dermatology Center,,107,Hillcrest,Dermatology Center,(803) 535-0909,,,,1719 Villagepark Drive,,Orangeburg,SC,29118,,,,,,,#business,,No,,,,,,,,,,,,,,,,,,,,,,,,,,,,,
Hinal Patel,,2407,,,8034100918,,,,2737 Cleveland St,Apt 211,Elloree,SC,29047,,,,,,,,,No,,,,,,,,,,,,,,,,,,,,,,,,,,,,,
HNH TechnologiesHNH Technologies,,3496,,,6783613163,,,,2456 Rain Lily Way,,Tallahasse,FL,32311,,,,,,,,,No,,,,,,,,,,,,,,,,,,,,,,,,,,,,,
Hogan Kaney,,5468,,,7705275726,,,,205 Green St ,,Santee,SC,,,,,,,,"#fiberCustomer, #residential",,No,,,,,,,,,,,,,,,,,,,,,,,,,,,,,
Holiday Inn,,4155,Pete,LaFond,(843) 834-8004,,,,139 Bradford Blvd,,Santee,SC,29142,Brett,Van Zile,(352) 223-1971,bvanzile@mmihg.com,GM,,,,No,,,,,,,,,,,,,,,,,,,,,,,,,,,,,
Holiday Motel (Bamberg),,,,,8032452426,,,,2308 Main Hwy,,Bamberg,SC,29003,,,,,,,#Hospitality,,No,,,,,,,,,,,,,,,,,,,,,,,,,,,,,
Hollianne Kehoe,,3524,,,9044012145,,,,112 Edisto Dr,,Santee ,SC,29142,,,,,,,,,No,,,,,,,,,,,,,,,,,,,,,,,,,,,,,
Hollie Genthert,,5055,,,8438605552,,,,440 Hampton st,,Elloree,SC,,,,,,,,,,No,,,,,,,,,,,,,,,,,,,,,,,,,,,,,
Hollie Thomas,,415,Hollie,Thomas,8038291769,,,,516 Avens Court,502 Avens Court (rental),Bowman,SC,29018,,,,,,,,,No,,,,,,,,,,,,,,,,,,,,,,,,,,,,,
Holly Hill Academy,,550,Blake,.,8034963243,,,,PO Box 757,142 Bunch Ford Road,Holly Hill,SC,29059,,,,,,,,,No,,,,,,,,,,,,,,,,,,,,,,,,,,,,,
Holly Hill Farm Center,,108,Holly,Hill Farm Center,(803) 496-5000,,,,314 Rail Road Ave,,Holly Hill,SC,29059,,,,,,,,,No,,,,,,,,,,,,,,,,,,,,,,,,,,,,,
Holly Hill Fire Department,,2364,,,,,,,1171 Gilway ,,Holly Hill,SC,29059,,,,,,,,,No,,,,,,,,,,,,,,,,,,,,,,,,,,,,,
Holly Hill Serviced Inc,,5124,,,8034962010,,,,8818 Old State rd ,,Holly Hill,SC,29115,,,,,,,,,No,,,,,,,,,,,,,,,,,,,,,,,,,,,,,
Holly Hill Training Center,,1640,,,8034963286,,,,921 Rock Hill Rd,,Holly Hill,SC,29059,,,,,,,,,No,,,,,,,,,,,,,,,,,,,,,,,,,,,,,
Holts Tractor Repair,,4737,,,8037073140,,,,6512 Charleston Hwy,,Bowman,SC,,,,,,,,,,No,,,,,,,,,,,,,,,,,,,,,,,,,,,,,
Home Builders Supply,,2804,Glen,.,(803) 707-6262,,,,502 Sellers Ave,,,SC,,,,,,,,,,No,,,,,,,,,,,,,,,,,,,,,,,,,,,,,
Home Equity Morgage,,824,Robin,Shultz,8038540100,,,,210 Business Park ,,Santee,SC,29142,,,,,,,,,No,,,,,,,,,,,,,,,,,,,,,,,,,,,,,
Home Hardware,,3836,Budget,Warehouse,8035343663,invoices@homebuilderssupplysc.com,,,319 Kingsdown Rd,,Orangeburg,SC,,,,,,,,,,No,,,,,,,,,,,,,,,,,,,,,,,,,,,,,
Home Insurance Agency Inc.,,914,,,8438739202,,,,8824 Old Number Six Hwy,,Santee,SC,29142,,,,,,,,,No,,,,,,,,,,,,,,,,,,,,,,,,,,,,,
Home2 Suites by Hilton Summerville,,8597,Michelle,Sessions,(843) 970-7182,elizabeth.sessions@hilton.com,,Summerville,221 Holiday Dr,,Summerville,South Carolina,29483-7354,,,,,,,,,Yes,,,,,,,,,,,,,,,,,,,,,,,,,,,,,
Hong Qing Li / Peking Resturant  ,,1214,,,8038543895,,,,306 Santee River Plaza  ,,Santee,SC,29142,,,,,,,,,No,,,,,,,,,,,,,,,,,,,,,,,,,,,,,
Hope Burch,,3840,,,8034103859,,,,169 Craig Street,,Eutawville,SC,29048,,,,,,,,,No,,,,,,,,,,,,,,,,,,,,,,,,,,,,,
Hope Griffin,,3792,,,8035961442,,,,752 Bennet St,,Orangeburg,SC,29115,,,,,,,,,No,,,,,,,,,,,,,,,,,,,,,,,,,,,,,
Hope Griffin,,3909,,,8033874778,,,,752 bennet st,,Orangeburg,SC,29115,,,,,,,,,No,,,,,,,,,,,,,,,,,,,,,,,,,,,,,
Hope Griffin,,2895,,,8033871464,,,,803 Kings Rd,,,SC,,,,,,,,,,No,,,,,,,,,,,,,,,,,,,,,,,,,,,,,
Hope Haigler,,988,Hope,Haigler,(803) 823-2894,,,,244 Harvest Dr,,Cameron,SC,29030,,,,,,,,,No,,,,,,,,,,,,,,,,,,,,,,,,,,,,,
Hope Hearth Inc,,2208,,,8035311552,,,,859 Holly St,,Orangeburg,SC,29118,,,,,,,,,No,,,,,,,,,,,,,,,,,,,,,,,,,,,,,
Hope Lutheran Church,,6260,Wayne,Young,(803) 492-8419,,,, 10154 SC-6,,Vance,SC,29142,,,,,,,,,Yes,,,,,,,,,,,,,,,,,,,,,,,,,,,,,
Hope Washington,,1952,,,8039286411,,,,2742 Felderville Rd,,Santee,SC,,,,,,,,,,No,,,,,,,,,,,,,,,,,,,,,,,,,,,,,
Hopehealth Inc,,2201,Ashley,.,8035850412,,,,859 Holly St,,Orangeburg,SC,29115,,,,,,,,,No,,,,,,,,,,,,,,,,,,,,,,,,,,,,,
Horace Hall,,8305,Horace,Hall,(757) 709-0230,hwhall60@gmail.com,,,1100 Myrtle Dr,,Santee,South Carolina,29142,,,,,,,,,Yes,,,,,,,,,,,,,,,,,,,,,,,,,,,,,
Horace Huggins,,2991,,,8035362433,,,,2484 Leeway St,,Orangeburg,SC,29118,,,,,,,,,No,,,,,,,,,,,,,,,,,,,,,,,,,,,,,
Horace Leysath,,8215,Horace,Leysath,(803) 515-4938,,,,110 Orange Parish Street,,Orangeburg,SC,29118,,,,,,,,,Yes,,,,,,,,,,,,,,,,,,,,,,,,,,,,,
Horger Barnwell & McCurry,,1483,Mary,Bryant,(803) 531-3000,,,,1459 Amelia Street,PO Drawer 329,Orangeburg,SC,29116,,,,,,,,,No,,,,,,,,,,,,,,,,,,,,,,,,,,,,,
Horger Law Firm LLC,,109,Mike,.,(803) 531-1700,,,, 160 Centre St,,Orangeburg,SC,29118,,,,,,,,,No,,,,,,,,,,,,,,,,,,,,,,,,,,,,,
Horrace & Jennifer Hackson,,2189,,,8036823269,,,,153 Photenia Lane,,Cope,SC,29038,,,,,,,,,No,,,,,,,,,,,,,,,,,,,,,,,,,,,,,
Hospice Care of SC,,2720,J C,Crider,8033471591,,,,110 Dillon Dr,8833 Old Number 6 Hwy,Spartanburg,SC,29307,,,,,,,,,No,,,,,,,,,,,,,,,,,,,,,,,,,,,,,
Hospitality Management,,110,,,,,,,1797 Hillboro Rd  Ste 1,,,SC,,,,,,,,,,No,,,,,,,,,,,,,,,,,,,,,,,,,,,,,
Hounen solar America Inc,,8337,Hounen,solar America Inc,(864) 624-3337,,,,"145 millenium Dr, orangeburg sc 29115",,,,,,,,,,,,,Yes,,,,,,,,,,,,,,,,,,,,,,,,,,,,,
House of Charms,,2677,,,8036148083,,,,394D Whittaker Parkway,,Orangeburg,SC,,,,,,,,,,No,,,,,,,,,,,,,,,,,,,,,,,,,,,,,
House of Pizza,,3224,,,8033784498,,,,591 John C Calhoun Drive,,Orangeburg,SC,,,,,,,,,,No,,,,,,,,,,,,,,,,,,,,,,,,,,,,,
House of Pizza on Sims,,8093,Robert,Fogle,(803) 747-1266,rfogle01@gmail.com,Owner,,1375 Sims Street,,Orangeburg,SC,29115,Tracy,Fogle,(803) 463-3010,,,,"#business, #VoIP",,Yes,,,,,,,,,,,,,,,,,,,,,,,,,,,,,
House of Pizza Sims St (old),,6273,House,of Pizza Sims St,(803) 534-7500,,,,1375 Sims Street,,Orangeburg,SC,29115,Jan,Fogle,(803) 707-0102,,,,,,Yes,,,,,,,,,,,,,,,,,,,,,,,,,,,,,
Houston Blancett,,4173,,,8439576297,,,,141 Saluda Dr,,Santee,SC,29142,,,,,,,"#fiberCustomer, #residential",,No,,,,,,,,,,,,,,,,,,,,,,,,,,,,,
Houston Towne,,8153,Houston,Towne,(803) 671-4762,Bethanytowne3@gmail.com,,,410 Huttos Chapel Road,,Barnwell,SC,29812,,,,,,,,,Yes,,,,,,,,,,,,,,,,,,,,,,,,,,,,,
Howard Johnson - Bobby Patel,,4745,,,8433278237,,,,249 Britain St,,Santee,SC,29142,,,,,,,,,No,,,,,,,,,,,,,,,,,,,,,,,,,,,,,
Howard Rehrig,,517,Howard,Rehrig,8038543218,,,,144 Saluda Dr,,Santee,SC,29142,,,,,,,"#fiberCustomer, #residential",,No,,,,,,,,,,,,,,,,,,,,,,,,,,,,,
Hubert Hahn ,,4483,,,2015568014,,,,4929 old state rd,,Holly Hill,SC,29059,,,,,,,,,No,,,,,,,,,,,,,,,,,,,,,,,,,,,,,
Hugh Grady Elam Jr.,,5602,Hugh Grady,Elam,(843) 514-4608,ElamPestControl@gmail.com,,,322 Broad River Dr,,Santee,SC,29142,,,,,,,"#fiberCustomer, #residential",,No,,,,,,,,,,,,,,,,,,,,,,,,,,,,,
Hugh Hicklin,,1887,,,8035362415,,,,4119 Brown Dr,,Orangeburg,SC,,,,,,,,,,No,,,,,,,,,,,,,,,,,,,,,,,,,,,,,
Hugh Mclaurin,,1718,Hugh,Mclaurin,8036089599,,,,2518 Cleveland St,,Elloree,SC,,,,,,,,,,No,,,,,,,,,,,,,,,,,,,,,,,,,,,,,
Hugh McLaurin IV,,5330,Hugh,McLaurin IV,(803) 707-3998,,,,424 Hungerpillar Dr,,Elloree,SC,29047,,,,,,,,,No,,,,,,,,,,,,,,,,,,,,,,,,,,,,,
Hugh Weathers,,1944,,,8036005825,,,,334 Cascade Dr,,Bowman,SC,,,,,,,,,,No,,,,,,,,,,,,,,,,,,,,,,,,,,,,,
Hunter Davidson,,5619,,,3367827123,,,,615 ballard lane,,Santee,SC,29142,,,,,,,,,No,,,,,,,,,,,,,,,,,,,,,,,,,,,,,
Hunts Tire and Auto,,3351,,,8039974692,,,,7017 Charleston Hwy,,Bowman,SC,29018,,,,,,,,,No,,,,,,,,,,,,,,,,,,,,,,,,,,,,,
Hurley Helms,,1047,,,8038544639,,,,150 Saluda Dr,,santee,SC,,,,,,,,"#fiberCustomer, #residential",,No,,,,,,,,,,,,,,,,,,,,,,,,,,,,,
Huston Blancatt,,4674,,,,,,,,,,,,,,,,,,,,No,,,,,,,,,,,,,,,,,,,,,,,,,,,,,
Hutto for US Senate,,3988,,,,,,, PO Box 1084,,Orangeburg,SC,29116,,,,,,,,,No,,,,,,,,,,,,,,,,,,,,,,,,,,,,,
Hyatt Buick GMC,,2738,,,8434484426,,,,922 Frontage Rd. East,,Myrtle Beach,SC,29577,,,,,,,,,No,,,,,,,,,,,,,,,,,,,,,,,,,,,,,
Hydraulic Recycling,,1259,,,8035363002,,,,2130 Five Chop Rd,,Orangeburg,SC,29115,,,,,,,,,No,,,,,,,,,,,,,,,,,,,,,,,,,,,,,
Hypnosis Plus LLC,,2652,,,8035314756,,,,644 Red Bank Rd,,Orangeburg,SC,,,,,,,,,,No,,,,,,,,,,,,,,,,,,,,,,,,,,,,,
I & M Antiques,,396,,,8033316871,,,,1584 Village Square    ,,Santee,SC,29142,,,,,,,,,No,,,,,,,,,,,,,,,,,,,,,,,,,,,,,
I'Asia Williams,,8485,I'Aisia,Williams,(803) 513-3962,williamsiasia12@yahoo.com,,,757 Striped Bass Ct,,Santee,SC,29142,,,,,,,,,Yes,,,,,,,,,,,,,,,,,,,,,,,,,,,,,
Ian Brown,,5582,,,2532458545,,,,357 Sinkler Avenue,,Eutawville,SC,29048,,,,,,,,,No,,,,,,,,,,,,,,,,,,,,,,,,,,,,,
Ianna Fincher,,8234,Ianna,Fincher,(843) 934-8779,,,,105 Birdie Court,,Santee,SC,29142,,,,,,,,,Yes,,,,,,,,,,,,,,,,,,,,,,,,,,,,,
Ica Engineering,,3780,,,8038543116,,,,9393 Old Highway Number Six,,Santee,SC,29142,,,,,,,,,No,,,,,,,,,,,,,,,,,,,,,,,,,,,,,
Ice Cream Bar,,3147,,,,,,,9039 Old Number Six Hwy,10324 Old Number Six Hwy, Vance ,SC,,,,,,,,,,No,,,,,,,,,,,,,,,,,,,,,,,,,,,,,
Icey Ice Cream Bar,,6292,Blondell,Brown,(803) 854-7004,blondellrbrown@gmail.com,,,9035 Old Number Six Hwy,,Santee,South Carolina,29142,Danny,Whitley,(704) 787-3856,,Blondell's Boss,,,,Yes,,,,,,,,,,,,,,,,,,,,,,,,,,,,,
Idoni Craven,,5569,,,8435996238,,,,1988 Shaperson Street ,,Orangeburg,SC,29118,,,,,,,,,No,,,,,,,,,,,,,,,,,,,,,,,,,,,,,
Ieesha James,,5580,,,8437145218,,,,107 McCathern lane,,Elloree,SC,29047,,,,,,,,,No,,,,,,,,,,,,,,,,,,,,,,,,,,,,,
Ike Carter ,,312,,,8038292376,,,,7215 Vance Rd.,,Bowman,SC,29018,,,,,,,,,No,,,,,,,,,,,,,,,,,,,,,,,,,,,,,
Image Group Inc,,3585,Image,Group Inc,(803) 531-8920,,,,1425 Russell St,,Orangeburg,SC,29115,,,,,,,,,No,,,,,,,,,,,,,,,,,,,,,,,,,,,,,
In Tech Systems,,8015,Don,,(803) 736-9007,,,,,,,,,,,,,,,,,Yes,,,,,,,,,,,,,,,,,,,,,,,,,,,,,
Ina Hutson,,5116,,,8434523222,,,,607 Ballard Lane,,Santee,SC,,,,,,,,,,No,,,,,,,,,,,,,,,,,,,,,,,,,,,,,
Ina Hutson,,5177,Ina,Hudson,(843) 452-3222,buddyhuts@gmail.com,,,607 Ballards Ln,,Santee,SC,29142,,,,,,,,,No,,,,,,,,,,,,,,,,,,,,,,,,,,,,,
Inabinet Lodosky,,8432,Inabinet,Lodosky,(803) 533-8908,,,,,,,,,,,,,,,,,Yes,,,,,,,,,,,,,,,,,,,,,,,,,,,,,
INBRA Chemical,,5194,Cristiane,Salles,,cristiane.salles@inbra.com.br,Head of IT,,139 Gulbrandson Rd,,Orangeburg,SC,,Mariana,Heininger,,mariana.heininger@inbra.com.br,Director,,,,No,,,,,,,,,,,,,,,,,,,,,,,,,,,,,
Independent Insurance Brokers,,111,,,,,,,P O Box 421,,St Matthews,SC,29135,,,,,,,,,No,,,,,,,,,,,,,,,,,,,,,,,,,,,,,
Inez C Bair,,3605,,,8038972168,,,,660 Pickett Level Road,,Elloree,SC,29047,,,,,,,,,No,,,,,,,,,,,,,,,,,,,,,,,,,,,,,
Inez McAlhaney,,2513,Inez,McAlhaney,8435632101,,,,1900 Flatwoods Rd,,Reevesville,SC,29471,,,,,,,,,No,,,,,,,,,,,,,,,,,,,,,,,,,,,,,
Inga Clark,,3604,,,8036648748,,,,3035 Von Oshen Dr,,Orangeburg,SC,29118,,,,,,,,,No,,,,,,,,,,,,,,,,,,,,,,,,,,,,,
Ingram Micro Inc.,,269,,,,,,,P.O. Box 403590,,Atlanta,GA,30384-3590,,,,,,,,,No,,,,,,,,,,,,,,,,,,,,,,,,,,,,,
Ingred Moorer,,3011,,,8037590184,,,,774 Mount Olive Road,,Santee,SC,29142,,,,,,,,,No,,,,,,,,,,,,,,,,,,,,,,,,,,,,,
Ingrid Felder,,2000,,,8038291851,,,,196 Oak St,,Bowman,SC,29018,,,,,,,,,No,,,,,,,,,,,,,,,,,,,,,,,,,,,,,
Inman Summers,,3309,,,8036640539,,,,129 Buckridge Dr,,Orangeburg,SC,29115,,,,,,,,,No,,,,,,,,,,,,,,,,,,,,,,,,,,,,,
Irene Dukes,,4431,Irene,Dukes,(803) 609-1707,,,,199 Laurel Springs Lane,,St. Matthews,SC,29135,,,,,,,,,No,,,,,,,,,,,,,,,,,,,,,,,,,,,,,
Irene Walters,,291,,,8034963286,,,,904 Jackson Belt Rd,,Holly Hill,SC,29059,,,,,,,,,No,,,,,,,,,,,,,,,,,,,,,,,,,,,,,
Iris Bincet,,3018,,,8033784285,,,,930 Craven Ln,,,SC,,,,,,,,,,No,,,,,,,,,,,,,,,,,,,,,,,,,,,,,
Iris Vincent,,2046,,,8033471819,,,,704 Breezy Dr,,Orangeburg,SC,29115,,,,,,,,,No,,,,,,,,,,,,,,,,,,,,,,,,,,,,,
Irma Evans-Keitt,,8423,Irma,Evans-Keitt,(704) 891-8429,irma_keitt@bellsouth.net,,,121 Stono Cir,,Santee,South Carolina,29142-9512,,,,,,,,,Yes,,,,,,,,,,,,,,,,,,,,,,,,,,,,,
Irvin Cohen,,8558,Irvin,Cohen,(803) 536-2116,,,,195 Club Acres Blvd,,Orangeburg,South Carolina,29118-4110,,,,,,,,,Yes,,,,,,,,,,,,,,,,,,,,,,,,,,,,,
Irvin Shuler,,899,,,8035339514,,,,2361 Antioch Rd,,Santee,SC,29142,,,,,,,,,No,,,,,,,,,,,,,,,,,,,,,,,,,,,,,
Isaac Haynes,,2631,Isaac,Haynes,(803) 308-6038,,,,450 Bay St,,Elloree,SC,29047,,,,,,,,,No,,,,,,,,,,,,,,,,,,,,,,,,,,,,,
Isaac Wilborn,,4589,Isaac,Wilborn,8038972569,,,,345 East Hampton st ,,Elloree,SC,29142,,,,,,,,,No,,,,,,,,,,,,,,,,,,,,,,,,,,,,,
Isaiah Ravenell,,2583,,,8435606404,,,,245 Peace Ln,,Bowman,SC,29018,,,,,,,,,No,,,,,,,,,,,,,,,,,,,,,,,,,,,,,
Isaiah Rhames,,636,Isaiah,Rhames,(803) 974-9907,Irhames803@gmail.com,,,9373 Old number 6 Hwy,,Santee,SC,29142,,,,,,,,,No,,,,,,,,,,,,,,,,,,,,,,,,,,,,,
Ishai Hilliard,,3458,Ishai,Hilliard,(803) 707-8612,,,,338 Dalehurst Dr,,Holly Hill,SC,29059,,,,,,,,,No,,,,,,,,,,,,,,,,,,,,,,,,,,,,,
Ishmael W Hill Jr ,,1481,,,8038266929,,,,3011 Old Number Six Hwy ,,Elloree,SC,,,,,,,,,,No,,,,,,,,,,,,,,,,,,,,,,,,,,,,,
Ively Bartley,,324,,,8035863444,,,,458 Santee Dr.,,Santee,SC,29142,,,,,,,"#fiberCustomer, #residential",,No,,,,,,,,,,,,,,,,,,,,,,,,,,,,,
Ivin Wilson,,1312,,,8038543745,,,,1045 Deer Trail,,Santee,SC,29142,,,,,,,,,No,,,,,,,,,,,,,,,,,,,,,,,,,,,,,
Ivory Boyd,,1679,,,8033783363,,,,2230 Bass Dr,,Santee,SC,29142,,,,,,,,,No,,,,,,,,,,,,,,,,,,,,,,,,,,,,,
J & D Fashions,,3968,,,8036290764,,,,8621 Old Number Six Highway,,Holly Hill,SC,29059,,,,,,,,,No,,,,,,,,,,,,,,,,,,,,,,,,,,,,,
J & M Wholesale Tires,,1831,,,8038542500,,,,1875 Bass Dr,,Santee,SC,29142,,,,,,,,,No,,,,,,,,,,,,,,,,,,,,,,,,,,,,,
J Doyle Corman,,1571,,,8038543584,,,,126 Wateree Dr,,Santee,SC,29142,,,,,,,"#fiberCustomer, #residential",,No,,,,,,,,,,,,,,,,,,,,,,,,,,,,,
J Tony Adams,,2271,,,8035362145,,,,6081 Old Number Six Hwy  ,,Elloree   ,SC,29047,,,,,,,,,No,,,,,,,,,,,,,,,,,,,,,,,,,,,,,
J. Marcus Danford,,2531,,,8038972768,,,,680 West Hampton St,,,SC,,,,,,,,,,No,,,,,,,,,,,,,,,,,,,,,,,,,,,,,
J. Tony Adams,,573,,,8033875570,,,,6081 Old Number Six Highway,,Elloree,SC,29047,,,,,,,,,No,,,,,,,,,,,,,,,,,,,,,,,,,,,,,
Jabari Seabrook,,8286,Jabari,Seabrook,(803) 513-4884,js@southerncharmedhospitalitygroup.com,,,105 Ballard Ln,,Santee,South Carolina,29142-8563,,,,,,,,,Yes,,,,,,,,,,,,,,,,,,,,,,,,,,,,,
Jabbot Mack,,4219,,,8033780445,,,,410 Laurel Street,,Bowman,SC,29018,,,,,,,,,No,,,,,,,,,,,,,,,,,,,,,,,,,,,,,
Jack Ni / Jasmine Fang,,5724,Jack,Ni / Jasmine Fang,8034968002,,,,1730 Bass Drive,,Santee,SC,29142,,,,,,,,,No,,,,,,,,,,,,,,,,,,,,,,,,,,,,,
Jack Revell,,691,,,8034965379,,,,4194 Old State Road,,Santee,SC,29142,,,,,,,,,No,,,,,,,,,,,,,,,,,,,,,,,,,,,,,
Jack S Bunch,,721,Jack,S Bunch,(803) 492-9159,,,,114 Barkley St,,Eutawville,SC,29048,,,,,,,,,No,,,,,,,,,,,,,,,,,,,,,,,,,,,,,
Jack Swope,,1491,,,8038549476,,,,485 Santee Dr,,Santee,SC,29142,,,,,,,"#fiberCustomer, #residential",,No,,,,,,,,,,,,,,,,,,,,,,,,,,,,,
Jack Young,,430,Jack,Young,(803) 897-2863,,,,201 Sorin Circle,,Elloree,SC,29047,,,,,,,,,No,,,,,,,,,,,,,,,,,,,,,,,,,,,,,
Jackeline Deleon,,8655,Jackeline,Deleon,(843) 684-2260,canada3boys@hotmail.com,,,219 3rd St,,Santee,South Carolina,29142-8867,,,,,,,,,Yes,,,,,,,,,,,,,,,,,,,,,,,,,,,,,
Jackie Alvritian,,3138,,,8033479960,,,,1484 Hebron Rd,,Neeses,SC,29017,,,,,,,,,No,,,,,,,,,,,,,,,,,,,,,,,,,,,,,
Jackie Bowers,,5520,Jackie,Bowers,8033008989,,,,210 Collins Avenue,,Hilda,SC,29812,,,,,,,,,No,,,,,,,,,,,,,,,,,,,,,,,,,,,,,
Jackie Brown,,4401,,,8035298653,,,,183 Usha Court,,Orangeburg,SC,29115,,,,,,,,,No,,,,,,,,,,,,,,,,,,,,,,,,,,,,,
Jackie Herndon,,1369,Jackie,Herndon,8435632750,,,,105 Fender St,,Reevesville,SC,29471,,,,,,,,,No,,,,,,,,,,,,,,,,,,,,,,,,,,,,,
Jackie Lightfoot,,3711,Jackie,Lightfoot,8036148286,,,,6116 Charston Hwy,,Bowman,SC,29018,,,,,,,,,No,,,,,,,,,,,,,,,,,,,,,,,,,,,,,
Jackie Ray,,4465,Jackie,Ray,(803) 300-4903,,,,365 Delk Ave ,,Hilda ,SC,,,,,,,,,,No,,,,,,,,,,,,,,,,,,,,,,,,,,,,,
Jacklynn Rodriguez,,3895,,,8033628684,,,,105 Siva Ave,,Orangeburg,SC,29118,,,,,,,,,No,,,,,,,,,,,,,,,,,,,,,,,,,,,,,
Jackson Hewitt,,112,,,,,,,1530 Wingate St,,Orangeburg ,SC,29118,,,,,,,,,No,,,,,,,,,,,,,,,,,,,,,,,,,,,,,
Jacob Bellinger,,3763,,,,,,,111 Gopal Drive,,Orangeburg ,SC,29115,,,,,,,,,No,,,,,,,,,,,,,,,,,,,,,,,,,,,,,
Jacob Felder,,2617,,,4357735058,,,,127 Wateree Dr,,Santee,SC,29142,,,,,,,"#fiberCustomer, #residential",,No,,,,,,,,,,,,,,,,,,,,,,,,,,,,,
Jacob Martin,,6339,Jacob,Martin,(843) 701-0069,,,,80 Hunters Path,,Santee,SC,29142,,,,,,,,,Yes,,,,,,,,,,,,,,,,,,,,,,,,,,,,,
Jacob Shuler,,1120,,,8034967559,,,,263 Jackson Belt Rd.,,Holly Hill,SC,29059,,,,,,,,,No,,,,,,,,,,,,,,,,,,,,,,,,,,,,,
Jacob W. Berry,,3395,,,8033787330,,,,7501 Charleston Hwy,,Bowman,SC,29018,,,,,,,,,No,,,,,,,,,,,,,,,,,,,,,,,,,,,,,
Jacqueline Gilmore,,1726,Jacqueline,Gilmore,(803) 496-7477,,,,129 Cheyrl Lane,,Santee,SC,29142,,,,,,,,,No,,,,,,,,,,,,,,,,,,,,,,,,,,,,,
Jacqueline Sellers,,1866,,,,,,,2035 Tee Vee Rd.,,Elloree,SC,29047,,,,,,,,,No,,,,,,,,,,,,,,,,,,,,,,,,,,,,,
Jacqueline Sellers,,1867,Jacqueline,Sellers,8039740703,,,,102 Montegue Rd,,Santee,SC,20947,,,,,,,,,No,,,,,,,,,,,,,,,,,,,,,,,,,,,,,
Jacquetta Razenell,,4071,,,,,,,171 neighborhood dr ,,Saint george ,SC,,,,,,,,,,No,,,,,,,,,,,,,,,,,,,,,,,,,,,,,
Jada Prezzy,,1278,,,8033083494,,,,1483 Antioch Road,,Santee,SC,,,,,,,,,,No,,,,,,,,,,,,,,,,,,,,,,,,,,,,,
Jadeama West,,1872,,,8038542780,,,,497 Bonner Ave.,,Santee,SC,29142,,,,,,,,,No,,,,,,,,,,,,,,,,,,,,,,,,,,,,,
Jaeinda Canty,,6045,Jaeinda,Canty,(803) 759-1128,,,,1702 Tee Vee Road,,Elloree,SC,29047,,,,,,,,,Yes,,,,,,,,,,,,,,,,,,,,,,,,,,,,,
JAFZA Americas,,2633,Gary,Patterson,6302404052,gary.patterson@jafza-usa.com,,,712 Hanna Dr,,Santee,SC,,,,,,,,,,No,,,,,,,,,,,,,,,,,,,,,,,,,,,,,
Jagpreet Dhanoa,,3267,,,3472659251,,,,208 Trillium Ct,,Santee,SC,,,,,,,,,,No,,,,,,,,,,,,,,,,,,,,,,,,,,,,,
Jaimini Patel,,8353,Jaimini,Patel,(203) 953-5357,ashish333235@gmail.com,,,121 Lakeland Cir,C5,Santee,South Carolina,29142-9600,,,,,,,,,Yes,,,,,,,,,,,,,,,,,,,,,,,,,,,,,
Jamal Sunchess,,2678,,,8032907694,,,,112 Roosevelt,,Elloree,SC,29047,,,,,,,,,No,,,,,,,,,,,,,,,,,,,,,,,,,,,,,
Jamal Williams,,4538,,,8035961218,,,,133 Cheryl lane,,Santee ,SC,29142,,,,,,,,,No,,,,,,,,,,,,,,,,,,,,,,,,,,,,,
Jamarl Fogle,,4357,,,,,,,151 keyport,,Orangeburg,SC,,,,,,,,,,No,,,,,,,,,,,,,,,,,,,,,,,,,,,,,
Jameiya Martin,,8445,Jameiya,Martin,(803) 759-5391,jameiyamartin723@gmail.com,,,121 Lakeland Cir,,Santee,South Carolina,29142-9600,,,,,,,,,Yes,,,,,,,,,,,,,,,,,,,,,,,,,,,,,
Jamell James,,7859,Jamell,James,(803) 747-8638,,,,180 Cantey Drive,233,Santee,SC,29142,,,,,,,,,Yes,,,,,,,,,,,,,,,,,,,,,,,,,,,,,
James ,,4374,,,,,,,,,,,,,,,,,,,,No,,,,,,,,,,,,,,,,,,,,,,,,,,,,,
"James ""Patrick"" Davidson",,8218,Patrick,Davidson,(843) 532-3532,patdavidson68@aol.com,,,411 Ballard Lane,,Santee,SC,29142,Michelle,Rakes,(843) 991-8353,mlrakes72@gmail.com,,,,,Yes,,,,,,,,,,,,,,,,,,,,,,,,,,,,,
James Aimar,,1422,,,8038292509,,,,201 Reevesville Rd,,Bowman,SC,29018,,,,,,,,,No,,,,,,,,,,,,,,,,,,,,,,,,,,,,,
James and Jennifer Lisby,,1546,,,8038293293,,,,6907 Vance Rd,,Bowman,SC,29018,,,,,,,,,No,,,,,,,,,,,,,,,,,,,,,,,,,,,,,
James and Linda Hardy,,7948,James,Hardy,(860) 480-4906,jims2jeets@gmail.com,,,414 4th Street,,Santee,SC,29142,,,,,,,"#fiberCustomer, #residential",,Yes,,,,,,,,,,,,,,,,,,,,,,,,,,,,,
James Arnold,,5694,James,Arnold,8036862882,,,,227 Delk Avenue,,Barnwell,SC,29813,,,,,,,,,No,,,,,,,,,,,,,,,,,,,,,,,,,,,,,
James Bailey,,3089,James,Bailey,8038232502,,,,1929 Farmers Rd,,Cameron,SC,29030,,,,,,,,,No,,,,,,,,,,,,,,,,,,,,,,,,,,,,,
James Benton,,8377,James,Benton,(803) 533-8032,elmiah46@outlook.com,,,157 Ballard Ln,,Santee,South Carolina,29142-8562,,,,,,,,,Yes,,,,,,,,,,,,,,,,,,,,,,,,,,,,,
James Blassingame,,8003,James,Blassingame,(803) 533-8751,,,,2393 Belleville Road,,Orangeburg,SC,29115,,,,,,,,,Yes,,,,,,,,,,,,,,,,,,,,,,,,,,,,,
James Boltin,,3644,James,Boltin,(803) 837-0619,,,,400 Todd Creek Rd,,Neeses,SC,29107,,,,,,,,,No,,,,,,,,,,,,,,,,,,,,,,,,,,,,,
James Boneparte,,3870,,,8035969882,,,,138 Laquinta Dr,,Orangeburg,SC,29115,,,,,,,,,No,,,,,,,,,,,,,,,,,,,,,,,,,,,,,
James Brown,,3786,,,,,,,423 Cortez Drive,,Santee,SC,29142,,,,,,,,,No,,,,,,,,,,,,,,,,,,,,,,,,,,,,,
James Brown,,8654,James,Brown,(843) 324-0561,bigjax1500@aol.com,,,440 4th St,,Santee,South Carolina,29142-8824,,,,,,,,,Yes,,,,,,,,,,,,,,,,,,,,,,,,,,,,,
James Brown,,1775,,,8038544634,,,,457 Planters Trace Rd,,Santee,SC,29142,,,,,,,,,No,,,,,,,,,,,,,,,,,,,,,,,,,,,,,
James Bull,,3115,,,8037590942,,,,1540 Tee Vee Rd,,Elloree,SC,29047,,,,,,,,,No,,,,,,,,,,,,,,,,,,,,,,,,,,,,,
James Butler,,5600,,,,,,,318 Broad River Dr,,Santee,SC,29142,,,,,,,"#fiberCustomer, #residential",,No,,,,,,,,,,,,,,,,,,,,,,,,,,,,,
James Coleman,,2822,,,8032464291,,,,7609 Old Number Six Hwy,,Santee ,SC,29142,,,,,,,,,No,,,,,,,,,,,,,,,,,,,,,,,,,,,,,
James Crider,,7874,James,Crider,(803) 707-3207,,,105 Birdie Ct,,,Santee,SC,29142,,,,,,,,,Yes,,,,,,,,,,,,,,,,,,,,,,,,,,,,,
James D Gibbs,,7976,James,Gibbs,(330) 718-7797,Gibbscorvette@yahoo.com,,,601 Ballard Lane,601,Santee,SC,29142,,,,,,,,,Yes,,,,,,,,,,,,,,,,,,,,,,,,,,,,,
James Dannelly,,3404,,,8038371760,,,,250 Wendover Ave,,Neeses,SC,29107,,,,,,,,,No,,,,,,,,,,,,,,,,,,,,,,,,,,,,,
James Darr,,5734,James,Darr,(803) 759-1026,,,,1026 Peake Street,,Holly Hill,SC,29059,,,,,,,,,No,,,,,,,,,,,,,,,,,,,,,,,,,,,,,
James Deel,,2899,,,8284674382,,,,2223 Tee Vee Road,,Elloree,SC,29047,,,,,,,,,No,,,,,,,,,,,,,,,,,,,,,,,,,,,,,
James Dubose,,8122,James,Dubose,8034738828,,,,216 Cooper Dr,,Santee,SC,29142,Dixie,,(803) 309-2068,,,,,,Yes,,,,,,,,,,,,,,,,,,,,,,,,,,,,,
James E. Bowman ,,4375,,,8035346304,,,,1097 Wertz st ,,Orangeburg,SC,29115,,,,,,,,,No,,,,,,,,,,,,,,,,,,,,,,,,,,,,,
James E. Clyburn,,4098,James,E. Clyburn,(803) 603-2224,,,,609 Santee Dr,,Santee,SC,29142,,,,,,,"#fiberCustomer, #residential",,No,,,,,,,,,,,,,,,,,,,,,,,,,,,,,
James F Hardister,,4991,James,F Hardister,8434600633,,,,137 Wateree dr ,,Santee,SC,291421,,,,,,,"#fiberCustomer, #residential",,No,,,,,,,,,,,,,,,,,,,,,,,,,,,,,
James Ferina,,1013,,,,,,,1375 Church Camp Rd.,,Cameron,SC,,,,,,,,,,No,,,,,,,,,,,,,,,,,,,,,,,,,,,,,
James Flanagan,,7939,James,Flanagan,(631) 384-1160,donnag512@yahoo.com,,,401 Ballard Lane,401,Santee,SC,29142,,,,,,,,,Yes,,,,,,,,,,,,,,,,,,,,,,,,,,,,,
James Fogle,,4276,James,Fogle,(803) 378-8011,,,,158 Kurtfan Lane,,Norway,SC,29113,,,,,,,,,No,,,,,,,,,,,,,,,,,,,,,,,,,,,,,
James Foster,,3532,,,8038291611,,,,135 Czura Rd,,Bowman,SC,29018,,,,,,,,,No,,,,,,,,,,,,,,,,,,,,,,,,,,,,,
James Gordon,,3124,James,Gordon,8034730369,,,,495 Santee Dr,,Santee,SC,29142,,,,,,,"#fiberCustomer, #residential",,No,,,,,,,,,,,,,,,,,,,,,,,,,,,,,
James Gravitt,,273,,,8034967085,,,,721 Rock Hill Rd,,Vance,SC,29163,,,,,,,,,No,,,,,,,,,,,,,,,,,,,,,,,,,,,,,
James Griffin,,6139,James,Griffin,(803) 974-9150,,,,363 Hampton Street,,Elloree,SC,29142,,,,,,,,,Yes,,,,,,,,,,,,,,,,,,,,,,,,,,,,,
James Hayden,,4517,,,8039284116,,,,913 toddcreek rd,,Nesses,SC,29107,,,,,,,,,No,,,,,,,,,,,,,,,,,,,,,,,,,,,,,
James Hergesheimer,,8067,James,Hergesheimer,(847) 340-6695,,,,32R Andre Michaux,,Santee,SC,29142,,,,,,,,,Yes,,,,,,,,,,,,,,,,,,,,,,,,,,,,,
James Holstein,,8252,James,Holstein,(803) 682-2521,cullerholsteingin@tds.net,,,,,,,,,,,,,,,,Yes,,,,,,,,,,,,,,,,,,,,,,,,,,,,,
James Infinger,,281,,,8034967895,,,,4867 Bass Dr.,,Holly Hill,SC,29059,,,,,,,,,No,,,,,,,,,,,,,,,,,,,,,,,,,,,,,
James Jackson,,1236,,,8039749368,,,,133 Wateree Dr,,Santee,SC,29142,,,,,,,"#fiberCustomer, #residential",,No,,,,,,,,,,,,,,,,,,,,,,,,,,,,,
James Jackson,,4336,,,8038540983,,,,133 Wateree dr ,,Santee,SC,29142,,,,,,,"#fiberCustomer, #residential",,No,,,,,,,,,,,,,,,,,,,,,,,,,,,,,
James Jamison,,1078,,,8035365693,,,,2814 Big Buck Blvd,,Bowman,SC,29018,,,,,,,,,No,,,,,,,,,,,,,,,,,,,,,,,,,,,,,
James John Bemberg,,2914,,,8033087149,,,,211 perryclear st,,Orangeburg,SC,29115,,,,,,,,,No,,,,,,,,,,,,,,,,,,,,,,,,,,,,,
James Johnson,,1342,,,8038544666,,,,231 Antioch,,Santee,SC,29142,,,,,,,,,No,,,,,,,,,,,,,,,,,,,,,,,,,,,,,
James Johnson,,4790,,,8432459809,,,,121 Ballard Ln,,Santee ,SC,29142,,,,,,,,,No,,,,,,,,,,,,,,,,,,,,,,,,,,,,,
James Koroknyai,,5236,James,Koroknyai,8039749040,,,,107 Wateree Dr,,Santee,SC,29142,,,,,,,"#fiberCustomer, #residential",,No,,,,,,,,,,,,,,,,,,,,,,,,,,,,,
James Little,,1311,,,8038292612,,,,234 Dibble St,,Bowman,SC,29018,,,,,,,,,No,,,,,,,,,,,,,,,,,,,,,,,,,,,,,
James Litz,,2427,James,Litz,(803) 360-6726,,,,910 Moultrie Drive,,Santee,SC,,,,,,,,"#fiberCustomer, #residential",,No,,,,,,,,,,,,,,,,,,,,,,,,,,,,,
James Lyons,,482,,,3304147954,,,,113 Cooper Circle ,,Santee,SC,29142,,,,,,,"#fiberCustomer, #residential",,No,,,,,,,,,,,,,,,,,,,,,,,,,,,,,
James Matthews,,5597,James,Matthews,(803) 347-6942,jim.tractor1@gmail.com,,,308 Broad River Dr,,Santee,SC,29142,,,,,,,"#fiberCustomer, #residential",,No,,,,,,,,,,,,,,,,,,,,,,,,,,,,,
James Mckinley CTI Connect,,5396,,,5612951550,,,,,,,,,,,,,,,,,No,,,,,,,,,,,,,,,,,,,,,,,,,,,,,
James Moore,,4895,,,7852369620,,,,2692 Hill Crest Ave,,Orangeburg,SC,29118,,,,,,,,,No,,,,,,,,,,,,,,,,,,,,,,,,,,,,,
James Murray,,405,James,Murray,(803) 854-4490,,,,105 Cooper Circle,,Santee,SC,29142,,,,,,,"#fiberCustomer, #residential",,No,,,,,,,,,,,,,,,,,,,,,,,,,,,,,
James Olson,,4995,James,Olson,8439017004,,,,386 Barkley St,,Elloree,SC,29047,,,,,,,,,No,,,,,,,,,,,,,,,,,,,,,,,,,,,,,
James Osborne,,1819,,,,,,,136 Acorn Ln,,Santee,SC,29142,,,,,,,,,No,,,,,,,,,,,,,,,,,,,,,,,,,,,,,
James P. Morris,,296,James,P. Morris,(803) 308-2330,,,,125 Wateree Dr,,Santee,SC,29142,,,,,,,"#fiberCustomer, #residential",,No,,,,,,,,,,,,,,,,,,,,,,,,,,,,,
James Parker,,6176,James,Parker,(919) 255-2642,,,,129 Saluda Dr,,Santee,SC,29142,,,,,,,"#fiberCustomer, #residential",,Yes,,,,,,,,,,,,,,,,,,,,,,,,,,,,,
James Parnell,,4006,,,8035342290,,,,551 Dantzler St,,,SC,,,,,,,,,,No,,,,,,,,,,,,,,,,,,,,,,,,,,,,,
James Perusse,,623,,,,,,,236 Sorin Circle,,Elloree,SC,29047,,,,,,,,,No,,,,,,,,,,,,,,,,,,,,,,,,,,,,,
James R. Cain  ,,8603,,,(803) 268-0336,bigruss@ntinet.com,,,914 Garland Rd,,Rowesville,South Carolina,29133-9705,,,,,,,,,Yes,,,,,,,,,,,,,,,,,,,,,,,,,,,,,
James R. Dantzler,,2073,,,8038972718,,,,238 Carriage Hill Rd         ,,Elloree,SC,29047,,,,,,,,,No,,,,,,,,,,,,,,,,,,,,,,,,,,,,,
James Ravenell,,2829,,,8437015446,,,,134 Garnet Lane,,Reevesville,SC,,,,,,,,,,No,,,,,,,,,,,,,,,,,,,,,,,,,,,,,
James Rembert,,3343,,,8437098085,,,,120 Rail Road Ave,,Reevesville,SC,29471,,,,,,,,,No,,,,,,,,,,,,,,,,,,,,,,,,,,,,,
James Robert Jr,,6360,James,Robert,(803) 707-3207,Criderjj@bellsouth.net,,,195 Birdie Court,,Santee,SC,29142,,,,,,,,,Yes,,,,,,,,,,,,,,,,,,,,,,,,,,,,,
James Rogers,,5373,,,8437088163,,,,110 Wateree Dr,,Santee,SC,29142,,,,,,,"#fiberCustomer, #residential",,No,,,,,,,,,,,,,,,,,,,,,,,,,,,,,
James Royston,,3549,James,Royston,4436144501,,,,461 Santee Drive,,Santee,SC,,,,,,,,"#fiberCustomer, #residential",,No,,,,,,,,,,,,,,,,,,,,,,,,,,,,,
James Simons,,880,,,8034967730,,,,7684 Old State Rd,,Holly Hill,SC,29059,,,,,,,,,No,,,,,,,,,,,,,,,,,,,,,,,,,,,,,
James Singletary,,3801,,,8035341500,,,,2993 Norway Road,,Neeses,SC,29107,,,,,,,,,No,,,,,,,,,,,,,,,,,,,,,,,,,,,,,
James Smith,,2811,,,8038292206,,,,1836 Bowman Branch Hwy,,Bowman,SC,,,,,,,,,,No,,,,,,,,,,,,,,,,,,,,,,,,,,,,,
James Spell,,5926,James,Spell,(907) 250-6578,pandjspell@gmail.com,,,453 Santee Drive,,Santee,SC,29142,,,,,,,"#fiberCustomer, #residential",,Yes,,,,,,,,,,,,,,,,,,,,,,,,,,,,,
James Steinbraker,,2194,,,8035318115,,,,4233 Charleston Hwy.,,Bowman,SC,29115,,,,,,,,,No,,,,,,,,,,,,,,,,,,,,,,,,,,,,,
James Steinbrakerr,,2195,,,,,,,4233 Charleson Hwy.,,Bowman,SC,29142,,,,,,,,,No,,,,,,,,,,,,,,,,,,,,,,,,,,,,,
James Stermer,,8390,James,Stermer,(717) 875-7232,JFStermer@aol.com,,,123 Stono Cir,,Santee,South Carolina,29142-9512,,,,,,,,,Yes,,,,,,,,,,,,,,,,,,,,,,,,,,,,,
James Stewart,,8674,James,Stewart,(321) 292-9307,jimchrisfla@yahoo.com,,,3 Andre Michaux Rd,,Santee,South Carolina,29142-8303,,,,,,,,,Yes,,,,,,,,,,,,,,,,,,,,,,,,,,,,,
James Tralka,,5253,James,Tralka,8038545608,,,,111 Cooper Circle,,Santee,SC,29142,,,,,,,"#fiberCustomer, #residential",,No,,,,,,,,,,,,,,,,,,,,,,,,,,,,,
James Ulmer,,2157,James,Ulmer,(561) 502-1331,,,,326 Barkley St. ,,Elloree,SC,29047,,,,,,,,,No,,,,,,,,,,,,,,,,,,,,,,,,,,,,,
James Ulmer,,3099,,,8035344286,,,,105 Patro Ln,,Cameron,SC,29030,,,,,,,,,No,,,,,,,,,,,,,,,,,,,,,,,,,,,,,
James W Fields,,885,,,8038543037,,,,415 Santee Dr,,Santee,SC,29142,,,,,,,"#fiberCustomer, #residential",,No,,,,,,,,,,,,,,,,,,,,,,,,,,,,,
James W Fisher,,847,James,W Fisher,(803) 707-8493,JIMFISHER52@GMAIL.COM,,,125 Saluda Dr.,,Santee,SC,29142,,,,,,,"#fiberCustomer, #residential",,No,,,,,,,,,,,,,,,,,,,,,,,,,,,,,
James W. Barnes,,5790,,,8035700441,,,,2826 Cleveland St,,Elloree,SC,29047,,,,,,,,,No,,,,,,,,,,,,,,,,,,,,,,,,,,,,,
James W. Latimer,,4164,,,8036555249,,,,104 Retriever Creek Lane ,,St. Matthews,SC,29135,,,,,,,,,No,,,,,,,,,,,,,,,,,,,,,,,,,,,,,
James Walsh,,5505,,,8035363521,,,,495 Pike St,,,SC,,,,,,,,,,No,,,,,,,,,,,,,,,,,,,,,,,,,,,,,
James Wheeler,,1376,James,Wheeler,8038546339,,,,3 John Fothergill Cir,,Santee,SC,29142,,,,,,,,,No,,,,,,,,,,,,,,,,,,,,,,,,,,,,,
James Wingard,,8503,James,Wingard,(803) 596-4800,jamesrwingard@yahoo.com,,,1134 Gloria St,,Orangeburg,South Carolina,29115-3412,,,,,,,,,Yes,,,,,,,,,,,,,,,,,,,,,,,,,,,,,
Jamesina Ezekiel Johnson,,3399,,,8033785451,,,,2081 Staley St,,Orangeburg,SC,29118,,,,,,,,,No,,,,,,,,,,,,,,,,,,,,,,,,,,,,,
Jamey Shirer,,2150,Jamey,Shirer,8037071373,,,,402 Hampton St,,Elloree,SC,29047,,,,,,,,,No,,,,,,,,,,,,,,,,,,,,,,,,,,,,,
Jami Gray,,2672,Jami,Gray,(803) 854-4398,,,,1035 Sanoree Dr,,,SC,,,,,,,,"#fiberCustomer, #residential",,No,,,,,,,,,,,,,,,,,,,,,,,,,,,,,
Jamie Edgemon,,2507,,,8039280073,,,,386 Mike Drive,,Orangeburg,SC,,,,,,,,,,No,,,,,,,,,,,,,,,,,,,,,,,,,,,,,
Jamie Fox / James,,794,,,8038292418,,,,2858 Homestead Road,,Bowman,SC,,,,,,,,,,No,,,,,,,,,,,,,,,,,,,,,,,,,,,,,
Jamie Gilliard,,4802,Jamie,Gilliard,(803) 682-6222,,,,7013 Old number 6 hwy,,,SC,,,,,,,,,,No,,,,,,,,,,,,,,,,,,,,,,,,,,,,,
Jamie Harris,,1216,Jamie,Harris,8036005801,,,,6417 Charleston Hwy,,Bowman,SC,29018,,,,,,,,,No,,,,,,,,,,,,,,,,,,,,,,,,,,,,,
Jamie Hill,,4421,,,8164577646,,,,473 Santee Drive,,Santee,SC,29142,,,,,,,"#fiberCustomer, #residential",,No,,,,,,,,,,,,,,,,,,,,,,,,,,,,,
Jamie James,,8680,Jamie,James,(843) 806-9827,jjgang7@yahoo.com,,,590 Plantation Dr,,Santee,South Carolina,29142-9468,,,,,,,,,Yes,,,,,,,,,,,,,,,,,,,,,,,,,,,,,
Jamie Newell,,3650,,,,,,,2410 Cleveland Street,,Eloree,SC,29047,,,,,,,,,No,,,,,,,,,,,,,,,,,,,,,,,,,,,,,
Jamie Scarbro,,2008,,,8038379986,,,,1407 Tee Vee Rd,,Elloree,SC,29047,,,,,,,,,No,,,,,,,,,,,,,,,,,,,,,,,,,,,,,
Jamie Singletary ,,5570,,,8033875638,,,,1769 Fred ST,,Orangeburg ,SC,29118,,,,,,,,,No,,,,,,,,,,,,,,,,,,,,,,,,,,,,,
Jamison Village,,113,,,,,,,P O Box 1184,100 Livingway Dr,Orangeburg,SC,29116,,,,,,,,,No,,,,,,,,,,,,,,,,,,,,,,,,,,,,,
Jammer's,,4657,Jammer's,,8035331600,,,,698 Murray Rd. SW,,Orangeburg,SC,29115,,,,,,,,,No,,,,,,,,,,,,,,,,,,,,,,,,,,,,,
Jan Coldwell,,5423,Jan,Coldwell,8033477059,,,,308 Lanier Rd ,,Holly Hill,SC,,,,,,,,,,No,,,,,,,,,,,,,,,,,,,,,,,,,,,,,
Jan Garten,,5113,Jan,Garten,8438102703,,,,356 Pinewood dr,,Santee,SC,29142,,,,,,,"#fiberCustomer, #residential",,No,,,,,,,,,,,,,,,,,,,,,,,,,,,,,
Jan Wiles,,320,Jan,Wiles,8034965313,,,,2601 Eutaw Road,,Holly Hill,SC,29059,,,,,,,,,No,,,,,,,,,,,,,,,,,,,,,,,,,,,,,
Jane Bryant,,37,,,8035344371,,,,239 Club Acres,,Orangeburg,SC,29115,,,,,,,,,No,,,,,,,,,,,,,,,,,,,,,,,,,,,,,
Jane Collins,,6192,Jane,Collins,(803) 622-1551,,,,3411 Savannah Highway,,North,SC,29112,,,,,,,,,Yes,,,,,,,,,,,,,,,,,,,,,,,,,,,,,
Jane Costello,,2584,Jane,Costello,8039749949,,,,8 Fothergill Circle,,Santee,SC,29142,Jane,Costello,,,,,,,No,,,,,,,,,,,,,,,,,,,,,,,,,,,,,
Jane Dunn,,1046,,,8034963286,,,,437 Santee Drive,,Santee,SC,29142,,,,,,,"#fiberCustomer, #residential",,No,,,,,,,,,,,,,,,,,,,,,,,,,,,,,
Jane Felder,,4085,Jane,Felder,(803) 823-9005,,,,112 Phillips Ct,,St Matthews,SC,,,,,,,,,,No,,,,,,,,,,,,,,,,,,,,,,,,,,,,,
Jane H. Livingston,,2516,Jane,H. Livingston,(803) 897-3705,,,,6619 Old # 6 Hwy,,Elloree,SC,29047,,,,,,,,,No,,,,,,,,,,,,,,,,,,,,,,,,,,,,,
Jane Hagwood Cocks,,5086,,,8033787459,,,,3221 Plum cir,,,SC,,,,,,,,,,No,,,,,,,,,,,,,,,,,,,,,,,,,,,,,
Jane Holladay,,2670,,,,,,,1163 Eutaw Street,,Orangeburg,SC,,,,,,,,,,No,,,,,,,,,,,,,,,,,,,,,,,,,,,,,
Jane Massenburg,,3271,,,8034648024,,,,7865 Old Number Six Hwy,,Santee,SC,29142,,,,,,,,,No,,,,,,,,,,,,,,,,,,,,,,,,,,,,,
Jane Naser ,,1708,Jane,Naser ,8038544771,,,,422 Santee Drive,,Santee,SC,29142,,,,,,,"#fiberCustomer, #residential",,No,,,,,,,,,,,,,,,,,,,,,,,,,,,,,
Jane Powell,,5852,,,8038542131,,,,.,,,SC,,,,,,,,,,No,,,,,,,,,,,,,,,,,,,,,,,,,,,,,
Janet Abrams,,1527,,,8038974769,,,,235 Sorin Circle,,Elloree,SC,29047,,,,,,,,,No,,,,,,,,,,,,,,,,,,,,,,,,,,,,,
Janet Canale,,5612,,,6094004206,,,,502 Trillium Ct,,Santee,SC,29142,,,,,,,,,No,,,,,,,,,,,,,,,,,,,,,,,,,,,,,
Janet Cheeseboro,,3205,,,8034102806,,,,746 railroad ave,,Elloree,SC,29047,,,,,,,,,No,,,,,,,,,,,,,,,,,,,,,,,,,,,,,
Janet Conti,,2442,,,5086330575,,,,163 Ballards Ln,,Santee,SC,29142,,,,,,,,,No,,,,,,,,,,,,,,,,,,,,,,,,,,,,,
Janet Loftus,,6220,Janet,Loftus,(614) 747-0787,,,Home,1 John Fothergill Cricle,,Santee,SC,29142,,,,,,,,,Yes,,,,,,,,,,,,,,,,,,,,,,,,,,,,,
Janet Michalic,,4617,Janet,Michalic,8433683171,,,,430 Chaple Creek dr ,,Santee,,,Walter,Michalic,,,,,,,No,,,,,,,,,,,,,,,,,,,,,,,,,,,,,
Janet Miller,,976,Janet,Miller,(803) 897-4912,,,,131 Twisted Oak Trail,,Elloree,SC,29142,,,,,,,,,No,,,,,,,,,,,,,,,,,,,,,,,,,,,,,
Janet Sherd,,3708,,,,,,,1739 Fuller St,,Orangeburg ,SC,29115,,,,,,,,,No,,,,,,,,,,,,,,,,,,,,,,,,,,,,,
Janet Weatherford,,3759,,,8033085795,,,,134 Second St,,Santee,SC,29142,,,,,,,,,No,,,,,,,,,,,,,,,,,,,,,,,,,,,,,
Janet White,,5255,,,4439281743,,,,346 veneer st ,,Elloree ,SC,,,,,,,,,,No,,,,,,,,,,,,,,,,,,,,,,,,,,,,,
Janet Williams,,4053,,,8036627613,,,,1334 Highway 304,,Blackville,SC,29817,,,,,,,,,No,,,,,,,,,,,,,,,,,,,,,,,,,,,,,
Janice Bair,,4176,,,8037471322,,,,1400 Todd Creek Road,,Neeses,SC,29107,,,,,,,,,No,,,,,,,,,,,,,,,,,,,,,,,,,,,,,
Janice Bumgardner,,3262,,,8037475219,,,,541 Hoarse Pond Road,,Elloree,SC,29142,,,,,,,,,No,,,,,,,,,,,,,,,,,,,,,,,,,,,,,
Janice Frederick Watts,,3670,Janice,Frederick Watts,(803) 664-6389,,,,1051 Bowman Branch Highway,,Bowman,SC,29108,,,,,,,,,No,,,,,,,,,,,,,,,,,,,,,,,,,,,,,
Janice Freeman,,558,,,8038973774,,,,541 Horse Pond Rd.,,Elloree,SC,29047,,,,,,,,,No,,,,,,,,,,,,,,,,,,,,,,,,,,,,,
Janice Judy,,763,Janice,Judy,(843) 563-3927,,,,6722 Johnston Ave,,Reevesville,SC,29471,,,,,,,,,No,,,,,,,,,,,,,,,,,,,,,,,,,,,,,
Janice Lehman,,8334,Janice,Lehman,(609) 338-7199,JLehman33@yahoo.com,,,230 Cooper Dr,,Santee,SC,29142,,,,,,,,,Yes,,,,,,,,,,,,,,,,,,,,,,,,,,,,,
Janice Perez,,2203,,,8036648336,,,,682 Three Bridges Rd,,Elloree,SC,29047,,,,,,,,,No,,,,,,,,,,,,,,,,,,,,,,,,,,,,,
Janice Rickenbaker,,1803,,,8038232087,,,,923 Nate Store Rd,,Elloree,SC,29047,,,,,,,,,No,,,,,,,,,,,,,,,,,,,,,,,,,,,,,
Janice Roberts,,6355,Janice,Roberts,(734) 646-8847,Courtxmom@aol.com,,home,611 Ballard Lane,,Santee,SC,29142,,,,,,,,,Yes,,,,,,,,,,,,,,,,,,,,,,,,,,,,,
Janice Westbury,,1182,,,8038292820,,,,391 Poplar St,,Bowman,SC,29018,,,,,,,,,No,,,,,,,,,,,,,,,,,,,,,,,,,,,,,
Janie Burgess,,4985,Janie,Burgess,(803) 531-9239,,,,904 Drag Strip Road,,Neeses,SC,29107,,,,,,,,,No,,,,,,,,,,,,,,,,,,,,,,,,,,,,,
Janie Dangerfield,,3300,,,8035361519,,,,1775 broughton st,,Orangeburg,SC,29118,,,,,,,,,No,,,,,,,,,,,,,,,,,,,,,,,,,,,,,
Janie Wright,,8670,Janie,Wright,(803) 492-3781,janiel51@yahoo.com,,,427 Gable Drive,,Eutawville,South Carolina,29048,,,,,,,,,Yes,,,9453,,,,,,,,,,,,,,,,,,,,,,,,,,
Jannette Kelley,,5497,,,8033781856,,,,167 BrightWater Dr,,Holly Hill,SC,29142,,,,,,,,,No,,,,,,,,,,,,,,,,,,,,,,,,,,,,,
Jannie Allison,,1302,,,8038292036,,,,607 Project rd,,Bowman,SC,,,,,,,,,,No,,,,,,,,,,,,,,,,,,,,,,,,,,,,,
Jannie Council,,3425,Jannie,Council,(803) 971-1774,,,,322 Bonanza Drive,,Eutawville,SC,29048,,,,,,,,,No,,,,,,,,,,,,,,,,,,,,,,,,,,,,,
Jaqcues Brown,,5384,,,8039740595,,,,2271 Felzerville rd,,Santee,SC,29142,,,,,,,,,No,,,,,,,,,,,,,,,,,,,,,,,,,,,,,
Jasmine Amous,,6058,Jasmine,Amous,(803) 971-3192,,,,141 Newfield Circle,,Elloree,SC,29047,,,,,,,,,Yes,,,,,,,,,,,,,,,,,,,,,,,,,,,,,
Jasmine Bookhart ,,4515,,,8038571458,,,,133 Monsum Ct,,Elloree,,,,,,,,,,,No,,,,,,,,,,,,,,,,,,,,,,,,,,,,,
Jasmine Breeland,,3419,,,8035359678,,,,1250 Ellis Ave,,Orangeburg,SC,29115,,,,,,,,,No,,,,,,,,,,,,,,,,,,,,,,,,,,,,,
Jasmine Fox,,4789,,,8435603985,,,,1597 Bellville rd,,Orangeburge,SC,29115,,,,,,,,,No,,,,,,,,,,,,,,,,,,,,,,,,,,,,,
Jasmine Johnson,,5656,,,8035706019,,,,802 adden street,,Orangeburg,SC,29115,,,,,,,,,No,,,,,,,,,,,,,,,,,,,,,,,,,,,,,
Jasmine Moyd,,8649,Jasmine,Moyd,(843) 244-1066,jasminemoid1380@yahoo.com,,,732 Striped Bass Ct,,Santee,SC,29142,,,,,,,,,Yes,,,,,,,,,,,,,,,,,,,,,,,,,,,,,
Jasmine Riggins,,5163,,,8039378802,,,,116 Split Rail Ave,,Santee,SC,,,,,,,,,,No,,,,,,,,,,,,,,,,,,,,,,,,,,,,,
Jason Black,,3978,,,8038376637,,,,1347 Church Camp Road,,Orangeburg,SC,29115,,,,,,,,,No,,,,,,,,,,,,,,,,,,,,,,,,,,,,,
Jason Carter,,5315,Jason,Carter,(843) 224-5804,jason@ugotbugs.com,,,333 Green Street,,Santee ,SC,29142,,,,,,,"#fiberCustomer, #residential",,No,,,,,,,,,,,,,,,,,,,,,,,,,,,,,
Jason Dempsey,,3330,,,8037071257,,,,3255 Slab Landing Rd,,Orangeburg,SC,29115,,,,,,,,,No,,,,,,,,,,,,,,,,,,,,,,,,,,,,,
Jason Gray,,3858,,,8649822407,,,,2516 Slab Landing Rd,,Orangeburg,SC,29115,,,,,,,,,No,,,,,,,,,,,,,,,,,,,,,,,,,,,,,
Jason Green,,5924,Jason,Green,(803) 971-9679,,,,2211 Antioch Road,,Santee,SC,29142,,,,,,,,,Yes,,,,,,,,,,,,,,,,,,,,,,,,,,,,,
Jason Hodge,,5160,,,8037470024,,,,304 Old Orangeburg rd,,Camron ,SC,,,,,,,,,,No,,,,,,,,,,,,,,,,,,,,,,,,,,,,,
Jason Jett,,7893,Jason,Jett,(803) 370-0335,,,,,,,,,,,,,,,,,Yes,,,,,,,,,,,,,,,,,,,,,,,,,,,,,
Jason Shirey,,5663,Jason,Shirey,(760) 522-6594,,,,924 Moultrie Dr.,,Santee,SC,29142,,,,,,,"#fiberCustomer, #residential",,No,,,,,,,,,,,,,,,,,,,,,,,,,,,,,
Jason Tyler,,5312,,,8036643094,,,,2273 Neeses hwy,,Orangeburg,SC,29107,,,,,,,,,No,,,,,,,,,,,,,,,,,,,,,,,,,,,,,
Jason Walters,,5418,,,8542024425,,,,,,,,,,,,,,,,,No,,,,,,,,,,,,,,,,,,,,,,,,,,,,,
Jason Waltz,,3139,Jason,Waltz,(803) 707-0171,,,,747 Preference Rd,,St Matthews,SC,29135,,,,,,,,,No,,,,,,,,,,,,,,,,,,,,,,,,,,,,,
Jason Way,,5380,,,8038786015,,,,335 switchgrass ct,,Elloree,SC,,,,,,,,,,No,,,,,,,,,,,,,,,,,,,,,,,,,,,,,
Jason Westbury,,1348,,,8435602114,,,,5742 Vance road ,,Bowman,SC,,,,,,,,,,No,,,,,,,,,,,,,,,,,,,,,,,,,,,,,
Jason Williams,,5861,Jason,Williams,(843) 209-5934,,,,325 Stack Avenue ,,Elloree,SC,29047,,,,,,,,,No,,,,,,,,,,,,,,,,,,,,,,,,,,,,,
Jason Wimberly,,641,Jason,Wimberly,8035214924,,,,204 Whetsell Street,,Reevesville,SC,29471,Leanne,Wimberly,(843) 560-2167,,,,,,No,,,,,,,,,,,,,,,,,,,,,,,,,,,,,
Jason York,,5250,Sara,York,8039200481,,,,117 Ballard Ln,,Santee,SC,29142,,,,,,,,,No,,,,,,,,,,,,,,,,,,,,,,,,,,,,,
Jasper Goodwin ,,4632,Jasper,Goodwin ,(843) 991-8438,,,,,,,,,,,,,,,,,No,,,,,,,,,,,,,,,,,,,,,,,,,,,,,
Jasper James,,5973,Jasper,James,(803) 347-9465,,,,1609 Arista Road,,Bowman,SC,29018,,,,,,,,,Yes,,,,,,,,,,,,,,,,,,,,,,,,,,,,,
Jasper Sellers,,8157,Jasper ,Sellers,(203) 850-3318,rena305@me.com,,,660 Plantation Drive,,Santee,SC,29142,,,,,,,,,Yes,,,,,,,,,,,,,,,,,,,,,,,,,,,,,
Javarr Hilliard,,8598,Javarr,Hilliard,(803) 971-9519,javarrhilliard0@gmail.com,,,131 William Clark Blvd,,Santee,South Carolina,29142-9507,,,,,,,,,Yes,,,,,,,,,,,,,,,,,,,,,,,,,,,,,
Javonne Bouldrick,,3376,,,8039740639,,,,432 Bay St,,Elloree,SC,29047,,,,,,,,,No,,,,,,,,,,,,,,,,,,,,,,,,,,,,,
Jay Atkinson,,5899,Jay,Atkinson,(435) 232-0832,,,,150 Sunset Drive,,Elloree,SC,29047,,,,,,,,,Yes,,,,,,,,,,,,,,,,,,,,,,,,,,,,,
Jay Brown,,3808,,,8039740652,,,,322 Baronet Lane ,,Elloree,SC,29047,,,,,,,,,No,,,,,,,,,,,,,,,,,,,,,,,,,,,,,
Jay Carolin Shurman,,5056,,,8034104911,,,,183 Demo Ln,,Santee,SC,,,,,,,,,,No,,,,,,,,,,,,,,,,,,,,,,,,,,,,,
Jay Carson ,,4618,,,8034601158,,,,209 Old River Rd,,Elloree ,SC,29047,,,,,,,,,No,,,,,,,,,,,,,,,,,,,,,,,,,,,,,
Jay Hawley,,2199,,,8038293100,,,,1965 Landsdowne Rd.,,Bowman,SC,29018,,,,,,,,,No,,,,,,,,,,,,,,,,,,,,,,,,,,,,,
JD Beauty Supply,,3967,,,8034960085,,,,8621-8623 Old State Rd,,Holly Hill,SC,29059,,,,,,,,,No,,,,,,,,,,,,,,,,,,,,,,,,,,,,,
JD Fashions LLC,,2975,JD,Fashions,8038544669,,,,709 Bass Drive,,Santee,SC,29142,,,,,,,,,No,,,,,,,,,,,,,,,,,,,,,,,,,,,,,
Jean Encardas,,6214,Jean,Encardas,(803) 854-3930,,,,1064 Moultrie,,Santee,SC,29142,,,,,,,,,Yes,,,,,,,,,,,,,,,,,,,,,,,,,,,,,
Jean Gasque,,1650,,,8038972171,,,,424 Hungerpiller St,,Elloree,SC,29047,,,,,,,,,No,,,,,,,,,,,,,,,,,,,,,,,,,,,,,
Jean Hartzog,,6050,Jean,Hartzog,(803) 671-0538,,,,1095 Hartzog Road,,Olar,SC,29843,,,,,,,,,Yes,,,,,,,,,,,,,,,,,,,,,,,,,,,,,
Jean Judy,,2673,,,8432171324,,,,780 friendship rd,,Reevesville,SC,,,,,,,,,,No,,,,,,,,,,,,,,,,,,,,,,,,,,,,,
Jean Owens,,8142,Jean,Owens,(803) 709-0707,,,923 Tracy Street,923 Tracy St,,Hilda,SC,29813,,,,,,,,,Yes,,,,,,,,,,,,,,,,,,,,,,,,,,,,,
Jean Slater,,1065,Jean,Slater,8038543978,,,,317 Parklane Road,,Santee,SC,29142,,,,,,,,,No,,,,,,,,,,,,,,,,,,,,,,,,,,,,,
Jean Wetherington,,8134,Jean,Wetherington,(803) 534-0396,,,,1125 Gloria Street,,Orangeburg,SC,29115,,,,,,,,,Yes,,,,,,,,,,,,,,,,,,,,,,,,,,,,,
Jean Williams,,1518,,,8039749096,,,,113 Brim Street,,Santee,SC,29142,,,,,,,,,No,,,,,,,,,,,,,,,,,,,,,,,,,,,,,
Jeanette Dunst,,8529,Jeanette,Dunst,(919) 819-3963,jeanette.dunst@gmail.com,,,115 Ballard Ln,,Santee,South Carolina,29142-8563,,,,,,,,,Yes,,,,,,,,,,,,,,,,,,,,,,,,,,,,,
Jeanette Shuler,,1891,,,8034965204,,,,5010 Old State Rd.,,Holly Hill,SC,29059,,,,,,,,,No,,,,,,,,,,,,,,,,,,,,,,,,,,,,,
Jeanie Gue,,8041,Jeanie,Gue,(803) 707-2408,,,,,,,,,,,,,,,,,Yes,,,,,,,,,,,,,,,,,,,,,,,,,,,,,
Jeanine Williams,,4352,,,8036144589,,,,779 Antioch Rd,,Santee,SC,29142,,,,,,,,,No,,,,,,,,,,,,,,,,,,,,,,,,,,,,,
Jeanine Williams,,622,,,8038542802,,,,108 Aloha Ln,,Santee,SC,29142,,,,,,,,,No,,,,,,,,,,,,,,,,,,,,,,,,,,,,,
Jeanne Hawkins,,5913https://admin.servicefusion.com/customer/equipment?id=cwvqWnpoEcm5K8iQCwcha9eavVeW6gHqVDGkiXbiqBU,Jeanne ,Hawkins,(615) 429-7522,,,Service Location,220 Cooper Drive,,Santee,SC,29142,,,,,,,"#fiberCustomer, #residential",,Yes,,,,,,,,,,,,,,,,,,,,,,,,,,,,,
Jeannette Lemon,,5326,,,8033784647,,,,6747 highway 70,,Elloree,SC,29047,,,,,,,,,No,,,,,,,,,,,,,,,,,,,,,,,,,,,,,
Jeannine & Llyod Mattocks,,917,,,,,,,133 Saluda Dr,,Santee,SC,29142,,,,,,,"#fiberCustomer, #residential",,No,,,,,,,,,,,,,,,,,,,,,,,,,,,,,
Jeannine Kees,,5918,Jeannine,Kees,(803) 535-2675,jkees@c21tmg.com,,,618 Santee Drive,,Santee,SC,29142,,,,,,,"#fiberCustomer, #residential",,Yes,,,,,,,,,,,,,,,,,,,,,,,,,,,,,
Jeff Ellison,,3508,Jeff,Ellison,(803) 515-4791,,,Current Home,334 East Barkley Street,,Elloree,SC,29047,,,,,,,,,No,,,,,,,,,,,,,,,,,,,,,,,,,,,,,
Jeff Foote,,8398,Jeff,Foote,(518) 390-2273,jfoote@carvercompanies.com,,,1000 Myrtle Dr,,Santee,South Carolina,29142-9413,,,,,,,,,Yes,,,,,,,,,,,,,,,,,,,,,,,,,,,,,
Jeff Hefel,,7898,Jeff,Hefel,(843) 343-7802,JeffDHefel@yahoo.com,,,107 Green Street,,Santee,SC,29142,,,,,,,"#fiberCustomer, #residential",,Yes,,,,,,,,,,,,,,,,,,,,,,,,,,,,,
Jeff Klare,,6234,Jeff,Klare,(917) 941-6103,jklare@hireds.com,,Home,116 Broad River Drive,,Santee,SC,29142,,,,,,,"#fiberCustomer, #residential",,Yes,,,,,,,,,,,,,,,,,,,,,,,,,,,,,
Jeff McConkey,,8669,Jeff,McConkey,(843) 601-6874,jsmcconkey13@gmail.com,,,131 Green Ct,,Santee,South Carolina,29142-8672,,,,,,,,,Yes,,,,,,,,,,,,,,,,,,,,,,,,,,,,,
Jeff Narburgh,,8349,Jeffrey,Narburgh,(910) 580-1338,JeffreyLNarburgh@gmail.com,,,513 Ballard Ln,,Santee,SC,29142,,,,,,,,,Yes,,,,,,,,,,,,,,,,,,,,,,,,,,,,,
Jeffard Johnson,,6021,Jeffard,Johnson,(803) 662-2023,preachersgrandson1@gmail.com,,,371 Mohawk Street,,Bowman,SC,29018,,,,,,,,,Yes,,,,,,,,,,,,,,,,,,,,,,,,,,,,,
Jefferson Davis Academy,,114,,,,,,,5061 Hilda Road,,Blackville,SC,29817,,,,,,,,,No,,,,,,,,,,,,,,,,,,,,,,,,,,,,,
Jeffery Cila,,3050,Jeffery,Cila,8037072233,,,,232 Parklane Drive,,Santee,SC,,,,,,,,,,No,,,,,,,,,,,,,,,,,,,,,,,,,,,,,
Jeffery Martin,,8152,Jeffery ,Martin,(803) 237-7633,cbryant4@scsu.edu,,,467 Palmetto Parkway Northeast,,Orangeburg,SC,29115,,,,,,,,,Yes,,,,,,,,,,,,,,,,,,,,,,,,,,,,,
Jeffery Ray,,2807,,,8432910855,,,,144 Taylor St       ,,Holly Hill,SC,29059,,,,,,,,,No,,,,,,,,,,,,,,,,,,,,,,,,,,,,,
Jeffery Richards,,8435,Jeffery,Richards,(225) 328-9292,,,,176 Dan Keowen Dr,,Orangeburg,South Carolina,29115-9615,,,,,,,,,Yes,,,,,,,,,,,,,,,,,,,,,,,,,,,,,
Jeffery White,,3223,Jeffery,White,(803) 410-3986,,,,1337 Dawson Street,,Eutawville,SC,SC,,,,,,,,,No,,,,,,,,,,,,,,,,,,,,,,,,,,,,,
Jeffreika Keitt,,2867,,,8037476918,,,,644 Bleakley,,Orangeburg,SC,29118,,,,,,,,,No,,,,,,,,,,,,,,,,,,,,,,,,,,,,,
Jeffrey & Paula Karangelen,,1406,,,8038544281,,,,1010 Park Dr,,Santee,SC,29142,,,,,,,,,No,,,,,,,,,,,,,,,,,,,,,,,,,,,,,
Jeffrey Creighton,,2219,,,8039749260,,,,1020 Myrtle  Dr.,,Santee,SC,29142,,,,,,,,,No,,,,,,,,,,,,,,,,,,,,,,,,,,,,,
Jeffrey Desorcy,,3123,,,8034785401,,,,301 Shadow Field Ct,Shadowfield Apt 202,Elloree,SC,29142,,,,,,,,,No,,,,,,,,,,,,,,,,,,,,,,,,,,,,,
Jeffrey Harvey,,1911,Jeffrey,Harvey,(803) 942-3768,Jeffrharv@aol.com,,,8225 Old State Rd,,Cameron,South Carolina,29030-8111,,,,,,,,,No,,,,,,,,,,,,,,,,,,,,,,,,,,,,,
Jeffrey Minnix,,8689,Jeffrey,Minnix,(843) 730-4919,JeffMinnix0411@gmail.com,,,605 Perch Ln,,Santee,South Carolina,29142,,,,,,,,,Yes,,,,,,,,,,,,,,,,,,,,,,,,,,,,,
Jeffrey Minus,,966,,,8435600520,,,,434 Harley Rd.,,Reevesville,SC,,,,,,,,,,No,,,,,,,,,,,,,,,,,,,,,,,,,,,,,
Jeffrey Mitchum,,7960,Jeffrey,Mitchum,(843) 906-9527,,,,251 Delk Avenue,,Barnwell SC,SC,29813,,,,,,,,,Yes,,,,,,,,,,,,,,,,,,,,,,,,,,,,,
Jeffrey Phillips,,2197,,,8644896157,,,,405 Ballard Ln,,Santee,SC,29142,,,,,,,,,No,,,,,,,,,,,,,,,,,,,,,,,,,,,,,
Jeffrey Sellers,,8628,Jeffrey,Sellers,(864) 704-2604,jeffreyjtsellers02@gmail.com,,,701 Striped Bass Ct,,Santee,SC,29142,,,,,,,,,Yes,,,,,,,,,,,,,,,,,,,,,,,,,,,,,
Jeffrey Smith,,3771,,,,,,,325 Stack Ave,,Elloree,SC,29047,,,,,,,,,No,,,,,,,,,,,,,,,,,,,,,,,,,,,,,
Jeffrey Zinser,,5491,,,8439962115,,,,1035 Deer Trail Rd,,Santee,SC,29142,,,,,,,,,No,,,,,,,,,,,,,,,,,,,,,,,,,,,,,
Jeffrie Finen,,8151,Jeffrie,Finen,(315) 225-5664,finenj@hartwick.edu,,,118 William Clark Boulevard,,Santee,SC,29142,,,,,,,,,Yes,,,,,,,,,,,,,,,,,,,,,,,,,,,,,
Jeffries Law Firm,,1423,Jeffries,Law Firm,8035316300,,,,924 Bennett Street,PO Box 646,Orangeburg,SC,29115,,,,,,,,,No,,,,,,,,,,,,,,,,,,,,,,,,,,,,,
Jemont Mack,,2328,,,8038293192,,,,205 Avens Court,,Bowman,SC,29018,,,,,,,,,No,,,,,,,,,,,,,,,,,,,,,,,,,,,,,
Jen Dog Grooming ,,2971,Steve,Jobe,(803) 707-5409,,,,170 Business Park Dr,,Santee,SC,29142,,,,,,,,,No,,,,,,,,,,,,,,,,,,,,,,,,,,,,,
Jen Haskett,,8416,Jen,Haskett,(843) 499-1094,jen.haskett@gmail.com,,,100 Saluda Dr,,Santee,South Carolina,29142-9320,,,,,,,,,Yes,,,,,,,,,,,,,,,,,,,,,,,,,,,,,
Jenkings Trucking,,115,,,,,,,3066 Savannah Hwy,,North,SC,29112,,,,,,,,,No,,,,,,,,,,,,,,,,,,,,,,,,,,,,,
Jenna Varn Smith,,5821,Jenna,Varn Smith,(803) 707-9921,,,,789 Candlewood Ct,,Bowman,SC,29018,,,,,,,,,No,,,,,,,,,,,,,,,,,,,,,,,,,,,,,
Jennie Valentine,,1235,,,8035319829,,,,1460 Shulmer Road,,Cameron,SC,,,,,,,,,,No,,,,,,,,,,,,,,,,,,,,,,,,,,,,,
Jennifer & Phillip Rockefeller,,6004,Jennifer,Rockefeller,(210) 289-7543,Jenniferrockefeller@gmail.com,,Home,428 Santee Drive,,Santee,SC,29142,,,,,,,"#fiberCustomer, #residential",,Yes,,,,,,,,,,,,,,,,,,,,,,,,,,,,,
Jennifer Bowen,,4708,,,8033313367,,,,866 Jackson Belt Road,,Holly Hill,SC,,,,,,,,,,No,,,,,,,,,,,,,,,,,,,,,,,,,,,,,
Jennifer Boykin,,2494,,,8036148668,,,,116 Pee Dee Dr,,Santee ,SC,29142,,,,,,,,,No,,,,,,,,,,,,,,,,,,,,,,,,,,,,,
Jennifer Buckley,,7828,Jennifer,Buckley,(843) 898-0428,,,,149 Pineridge,,Elloree,SC,29047,,,,,,,,,Yes,,,,,,,,,,,,,,,,,,,,,,,,,,,,,
Jennifer Chandler,,4641,,,8037474137,,,,194 Old Jack Road,,Barnwell,SC,,,,,,,,,,No,,,,,,,,,,,,,,,,,,,,,,,,,,,,,
Jennifer Chatto'Mccoskey,,3552,Jennifer,Chatto'Mccoskey,(803) 928-6792,,,,139 Switchgrass Court,,Elloree,SC,29147,,,,,,,,,No,,,,,,,,,,,,,,,,,,,,,,,,,,,,,
Jennifer Fanning,,3407,Jennifer,Fanning,(803) 682-5667,,,,130 Wakefield Dr,,Neeses,SC,29107,,,,,,,,,No,,,,,,,,,,,,,,,,,,,,,,,,,,,,,
Jennifer Forest,,2034,,,8435602029,,,,107 Reeves St,,Reevesville,SC,29471,,,,,,,,,No,,,,,,,,,,,,,,,,,,,,,,,,,,,,,
Jennifer Genewick ,,4302,Jennifer,Genewick,(843) 826-7308,,,,P.O. Box 578,28 Andre Michaux,Santee,SC,29142,,,,,,,,,No,,,,,,,,,,,,,,,,,,,,,,,,,,,,,
Jennifer Gruber,,682,Jennifer,Gruber,(843) 834-1508,,,,211 Reeves St,,Reevesville,SC,29471,,,,,,,,,No,,,,,,,,,,,,,,,,,,,,,,,,,,,,,
Jennifer Hanna,,5661,Jennifer,Hanna,8432306883,,,,1010 park drive,,Santee ,SC,29142,,,,,,,"#fiberCustomer, #residential",,No,,,,,,,,,,,,,,,,,,,,,,,,,,,,,
Jennifer Hood,,1657,,,8038972778,,,,1910 Tee Vee Rd,,Elloree,SC,29047,,,,,,,,,No,,,,,,,,,,,,,,,,,,,,,,,,,,,,,
Jennifer Hurst,,2506,,,8038291530,,,,209 Gates St,,Bowman,SC,29018,,,,,,,,,No,,,,,,,,,,,,,,,,,,,,,,,,,,,,,
Jennifer Jackson,,1895,,,8034104547,,,,608 Eutaw Rd,,Eutawville,SC,29048,,,,,,,,,No,,,,,,,,,,,,,,,,,,,,,,,,,,,,,
Jennifer Jackson,,2202,,,8036820911,,,,153 Photenia Lane ,,Cope ,SC,29038,,,,,,,,,No,,,,,,,,,,,,,,,,,,,,,,,,,,,,,
Jennifer Middleton,,3295,,,8034960241,,,,207 Island Rd,,Santee,SC,29142,,,,,,,,,No,,,,,,,,,,,,,,,,,,,,,,,,,,,,,
Jennifer Miller,,5923,Jennifer,Miller,(803) 496-8615,,,,132 Ricker Court,,Santee,SC,29142,,,,,,,,,Yes,,,,,,,,,,,,,,,,,,,,,,,,,,,,,
Jennifer O'Cain,,1545,,,8038972168,,,,342 Roosevelt st,,Elloree,SC,29047,,,,,,,,,No,,,,,,,,,,,,,,,,,,,,,,,,,,,,,
Jennifer Parll,,5681,,,8037590288,,,,2011 second st ,,Santee,SC,29142,,,,,,,,,No,,,,,,,,,,,,,,,,,,,,,,,,,,,,,
Jennifer Pratt,,5936,Jeniffer,Pratt,(803) 496-6884,jenniferpratt4893@icould.com,,,211 2nd Street,,Santee,SC,29142,,,,,,,"#fiberCustomer, #residential",,Yes,,,,,,,,,,,,,,,,,,,,,,,,,,,,,
Jennifer Smith,,3436,,,8038373160,,,,1328 myers rd,,Orangeburg,SC,29115,,,,,,,,,No,,,,,,,,,,,,,,,,,,,,,,,,,,,,,
Jennifer Still,,6009,Jennefer,Still,(803) 671-6484,,,home,250 Hartzog Road,,Barnwell,SC,29812,,,,,,,,,Yes,,,,,,,,,,,,,,,,,,,,,,,,,,,,,
Jennifer Sumpter,,3039,,,8036146658,,,,125 Pedigree Lane,,Santee,SC,29142,,,,,,,,,No,,,,,,,,,,,,,,,,,,,,,,,,,,,,,
Jennifer Sweatman,,2888,Jennifer,Sweatman,8034560262,,,,707 Winter Creek Rd,,Bowman ,SC,29018,,,,,,,,,No,,,,,,,,,,,,,,,,,,,,,,,,,,,,,
Jennifer Sweatman,,3877,Jennifer,Sweatman,(803) 596-9812,,,,339 Lansdowne Rd,,Bowman,SC,29018,,,,,,,,,No,,,,,,,,,,,,,,,,,,,,,,,,,,,,,
Jennifer White,,5359,,,8034098713,,,,2145 Slab Landing Rd,,Neeses,SC,29170,,,,,,,,,No,,,,,,,,,,,,,,,,,,,,,,,,,,,,,
Jennings Air & Mechanical,,5906,Bryson,Jennings,(803) 378-4797,,,,814 Houser Street Southeast,,Orangeburg,SC,29115,,,,,,,,,Yes,,,,,,,,,,,,,,,,,,,,,,,,,,,,,
Jennings Custom Collision,,2054,Bret,Jennings,8037917495,,,,233 Bellinger Lane,,Gaston,SC,29053,,,,,,,,,No,,,,,,,,,,,,,,,,,,,,,,,,,,,,,
Jenny Gray,,6241,Jenny,Gray,(803) 308-3445,,,,219 Dan Keowen Dr,,Orangeburg,SC,29115,,,,,,,,,Yes,,,,,,,,,,,,,,,,,,,,,,,,,,,,,
Jenny Rourk,,2685,Jenny,Rourk,8033784735,,,,305 Stack Ave,,Elloree,SC,29047,,,,,,,,,No,,,,,,,,,,,,,,,,,,,,,,,,,,,,,
Jeradell Milton,,3608,,,,,,,1695 Tee Vee Road,,Elloree,SC,29047,,,,,,,,,No,,,,,,,,,,,,,,,,,,,,,,,,,,,,,
Jeraldean Abraham,,1414,Jeraldean,Abraham,(803) 622-5358,,,,308 Oriole Ln,,Holly Hill,SC,29059,,,,,,,,,No,,,,,,,,,,,,,,,,,,,,,,,,,,,,,
Jeremie Bozard,,540,,,,,,,265 Canebrake Ct,,Elloree,SC,29047,,,,,,,,,No,,,,,,,,,,,,,,,,,,,,,,,,,,,,,
Jeremie Welding,,5495,,,8438013538,,,,Cross Creed Rd,,Reevesville,SC,29471,,,,,,,,,No,,,,,,,,,,,,,,,,,,,,,,,,,,,,,
Jeremy Bookhart,,5509,,,8033085315,,,,2027 Tee Vee Road,,Elloree,SC,29047,,,,,,,,,No,,,,,,,,,,,,,,,,,,,,,,,,,,,,,
Jeremy Creech ,,4571,,,8033832052,,,,1200 Shortleaf Rd,,Olar,SC,,,,,,,,,,No,,,,,,,,,,,,,,,,,,,,,,,,,,,,,
Jeremy Hickman,,1492,,,8036646848,,,,2065 Tee Vee Rd.,,Elloree,SC,29047,,,,,,,,,No,,,,,,,,,,,,,,,,,,,,,,,,,,,,,
Jeremy Sonntag,,8527,Jeremy,Sonntag,(843) 568-1327,jerson5182@gmail.com,,,142 Saluda Dr,,Santee,South Carolina,29142-9320,,,,,,,,,Yes,,,,,,,,,,,,,,,,,,,,,,,,,,,,,
Jerlein Goodwin,,1292,,,8034965465,,,,149 Future Dr,,Holly Hill,SC,29059,,,,,,,,,No,,,,,,,,,,,,,,,,,,,,,,,,,,,,,
Jernois Jenkins,,4287,,,8036140973,,,,117 Ladd Dr,,Santee,SC,29142,,,,,,,,,No,,,,,,,,,,,,,,,,,,,,,,,,,,,,,
Jerod Benjamin,,5115,,,8039749624,,,,140 Gerber Lane,,Santee,SC,29142,,,,,,,,,No,,,,,,,,,,,,,,,,,,,,,,,,,,,,,
Jerome Brown,,1443,,,8039719597,,,,122 Brock Dr,,Eutawville,SC,29048,,,,,,,,,No,,,,,,,,,,,,,,,,,,,,,,,,,,,,,
Jerome Bryant,,2033,,,8034963946,,,,138 Oriole Ln,,Holly Hill,SC,29059,,,,,,,,,No,,,,,,,,,,,,,,,,,,,,,,,,,,,,,
Jerome Gilmore,,4171,,,8033472190,,,,107 Issac Gilmore Circle,,Santee,SC,29142,,,,,,,,,No,,,,,,,,,,,,,,,,,,,,,,,,,,,,,
Jerome Riggins,,2588,Jerome,Riggins,(803) 707-4110,,,,4625 Cleveland St,,Elloree,SC,29047,,,,,,,,,No,,,,,,,,,,,,,,,,,,,,,,,,,,,,,
Jeromey Byrd ,,4672,,,8437016980,,,,201 Whetsell st,,Reevesville ,SC,29471,,,,,,,,,No,,,,,,,,,,,,,,,,,,,,,,,,,,,,,
Jerrell Dantzler,,902,,,8038291381,,,,113 Avens Ct,,Bowman,SC,29018,,,,,,,,,No,,,,,,,,,,,,,,,,,,,,,,,,,,,,,
Jerremy Hadley,,5202,,,3863079724,,,,1619 Friendship rd,,Barnwell,SC,,,,,,,,,,No,,,,,,,,,,,,,,,,,,,,,,,,,,,,,
Jerrimyn Montgomery,,4451,Jerrimyn,Montgomery,(803) 320-7837,,,,7012 Old Number 6 Hwy,,Elloree,SC,29047,,,,,,,,,No,,,,,,,,,,,,,,,,,,,,,,,,,,,,,
Jerrod Anderson,,5768,,,8035364751,,,,155 Wall Street,,Orangeburg,SC,29115,,,,,,,,,No,,,,,,,,,,,,,,,,,,,,,,,,,,,,,
Jerrod Benjamin,,5921,Jerrod,Benjamin,(803) 974-1312,benjamin_jerrod@yahoo.com,,,140 Gerber Lane,,Santee,SC,29142,,,,,,,,,Yes,,,,,,,,,,,,,,,,,,,,,,,,,,,,,
Jerry Butz,,1826,Jerry,Butz,7042520043,,,,114 Wateree Dr,,Santee,SC,29142,,,,,,,"#fiberCustomer, #residential",,No,,,,,,,,,,,,,,,,,,,,,,,,,,,,,
Jerry Canterbury,,1823,,,8038544533,,,,1080 Moultrie Dr,,Santee,SC,29142,,,,,,,"#fiberCustomer, #residential",,No,,,,,,,,,,,,,,,,,,,,,,,,,,,,,
Jerry Coffey,,1643,Jerry,Coffey,(803) 917-2974,GPcoffey@yahoo.com,,,115 Saluda Dr,,Santee ,SC,29142,,,,,,,"#fiberCustomer, #residential",,No,,,,,,,,,,,,,,,,,,,,,,,,,,,,,
Jerry Fogle,,372,,,8033082085,,,,399 Barkley St,,,SC,,,,,,,,,,No,,,,,,,,,,,,,,,,,,,,,,,,,,,,,
Jerry Freeman,,1629,,,8439101329,,,,1050 Myrtle Dr,,Santee,SC,29142,,,,,,,,,No,,,,,,,,,,,,,,,,,,,,,,,,,,,,,
Jerry Heatley,,8526,Jerry,Heatley,(803) 682-0918,,,,199 Roxborough Dr,,Elloree,South Carolina,29047-9387,,,,,,,,,Yes,,,,,,,,,,,,,,,,,,,,,,,,,,,,,
Jerry Heaton,,3027,,,8439221257,,,,106 Main St,,Reevesville,SC,29471,,,,,,,,,No,,,,,,,,,,,,,,,,,,,,,,,,,,,,,
Jerry Keitt,,2903,,,8032904631,,,,536 Indian Rd,,Bowman,SC,29018,,,,,,,,,No,,,,,,,,,,,,,,,,,,,,,,,,,,,,,
Jerry L Johnson,,3883,,,9043160137,,,,2512 Cleveland St   ,,Elloree,SC,29047,,,,,,,,,No,,,,,,,,,,,,,,,,,,,,,,,,,,,,,
Jerry Mohn,,4643,,,8039713268,,,,505 Ballard lane,,Santee,SC,29142,,,,,,,,,No,,,,,,,,,,,,,,,,,,,,,,,,,,,,,
Jerry Rogerson,,6287,Jerry,Rogerson,(843) 509-2583,jerryrogerson@hotmail.com,,,129 Wateree Drive,,Santee,SC,29142,,,,,,,"#fiberCustomer, #residential",,Yes,,,,,,,,,,,,,,,,,,,,,,,,,,,,,
Jerusalem Methodist Church,,4078,,,8037072233,,,,7347 Old Number Six Hwy,,Santee,SC,SC,,,,,,,,,No,,,,,,,,,,,,,,,,,,,,,,,,,,,,,
Jesse Bartkowski,,8388,Jesse,Bartkowski,(912) 272-9758,bartkowskijesse@gmail.com,,,119 Stono Cir,,Santee,South Carolina,29142-9512,,,,,,,,,Yes,,,,,,,,,,,,,,,,,,,,,,,,,,,,,
Jesse Caulder,,5019,,,8036510554,,,,4665 Five Chop Road,,Cameron,SC,29030,,,,,,,,,No,,,,,,,,,,,,,,,,,,,,,,,,,,,,,
Jesse Green,,5279,,,8033786019,,,,307 Winding Brook Dr,,Cameron,SC,29030,,,,,,,,,No,,,,,,,,,,,,,,,,,,,,,,,,,,,,,
Jesse Greene,,5571,Jesse,Greene,(803) 378-6019,,,,2739 Cleveland St,,Elloree,SC,29047,,,,,,,,,No,,,,,,,,,,,,,,,,,,,,,,,,,,,,,
Jesse Gurganus,,845,,,8037071261,,,,163 Lilly beth ln,,Bowman,SC,29018,,,,,,,,,No,,,,,,,,,,,,,,,,,,,,,,,,,,,,,
Jesse Rast,,4871,Jesse,Rast,(803) 420-4102,,,,8231 Old State Rd,,Cameron,SC,29030,,,,,,,,,No,,,,,,,,,,,,,,,,,,,,,,,,,,,,,
Jesse Reeves,,5001,,,8435604943,,,,176 Polan Farm rd,,Elloree,SC,,,,,,,,,,No,,,,,,,,,,,,,,,,,,,,,,,,,,,,,
Jesse S. Hudson,,538,,,8038544069,,,,137 Wateree Dr,,Santee,SC,29142,,,,,,,"#fiberCustomer, #residential",,No,,,,,,,,,,,,,,,,,,,,,,,,,,,,,
Jesse Turkvant,,1885,,,8038292943,,,,610 Moss St,,Bowman,SC,29018,,,,,,,,,No,,,,,,,,,,,,,,,,,,,,,,,,,,,,,
Jessica Felder,,3648,,,8038371926,,,,138 Wateree Dr,,Santee,SC,,,,,,,,"#fiberCustomer, #residential",,No,,,,,,,,,,,,,,,,,,,,,,,,,,,,,
Jessica Garrett,,5713,,,8039280510,,,,336 Fourth Street,,Santee,SC,29142,,,,,,,,,No,,,,,,,,,,,,,,,,,,,,,,,,,,,,,
Jessica Hritz,,1868,,,8433026621,,,,792 Wesgar Ave.,,Eutawville,SC,29048,,,,,,,,,No,,,,,,,,,,,,,,,,,,,,,,,,,,,,,
Jessica Kennedy,,654,,,8038543149,,,,109 Prevo Dr,,Santee,SC,29142,,,,,,,,,No,,,,,,,,,,,,,,,,,,,,,,,,,,,,,
Jessica Lawson,,2855,,,8033780250,,,,1291 Wisperwood Rd,,Cameron,SC,29030,,,,,,,,,No,,,,,,,,,,,,,,,,,,,,,,,,,,,,,
Jessica Mcclure,,7938,Jessica,MccLure,(803) 707-2821,MCClurejl@yahoo.com,,,8896 Old State Road,,Cameron,SC,29030,,,,,,,,,Yes,,,,,,,,,,,,,,,,,,,,,,,,,,,,,
Jessica Puntillo,,3911,,,8036140304,,,,259 Opal Lane,,Neeses,SC,,,,,,,,,,No,,,,,,,,,,,,,,,,,,,,,,,,,,,,,
Jessica Spencer,,3703,Jessica,Spencer,8037070768,,,,4347 Neeses Hwy,,Neeses,SC,29107,,,,,,,,,No,,,,,,,,,,,,,,,,,,,,,,,,,,,,,
Jessie Glover,,3642,,,8036646379,,,,426 seascape ln,,Rowesville,SC,,,,,,,,,,No,,,,,,,,,,,,,,,,,,,,,,,,,,,,,
Jessie Griffith,,1460,,,8038292552,,,,421 Dibble St,,Bowman,SC,29018,,,,,,,,,No,,,,,,,,,,,,,,,,,,,,,,,,,,,,,
Jewel Reed,,5425,Jewel,Reed,8622187988,,,,189 Mall St Apt 1B,,Santee,SC,29142,,,,,,,,,No,,,,,,,,,,,,,,,,,,,,,,,,,,,,,
Jian Chen,,8058,Jian ,Chen,(917) 515-8896,,,,170 William Clark Blvd,,Santee,SC,29142,,,,,,,,,Yes,,,,,,,,,,,,,,,,,,,,,,,,,,,,,
Jiffy Lube,,117,Jiffy,Lube,,,,,1515 Chestnut St,,Orangeburg,SC,29115,,,,,,,,,No,,,,,,,,,,,,,,,,,,,,,,,,,,,,,
Jigneshkumar Desai,,4963,,,,,,,182 Cloister Cove Ln,,Orangeburg,,,,,,,,,,,No,,,,,,,,,,,,,,,,,,,,,,,,,,,,,
Jill Drake,,801,,,8034969008,,,,235 Elsie rd,,Holly hill,SC,29059,,,,,,,,,No,,,,,,,,,,,,,,,,,,,,,,,,,,,,,
Jillian Becker,,8633,Jillian,Becker,(913) 424-9956,becker.jillian17@gmail.com,,,908 Bream Cir,,Santee,South Carolina,29142,,,,,,,,,Yes,,,,,,,,,,,,,,,,,,,,,,,,,,,,,
Jillian Black,,379,,,8035340196,,,,7025 Church Camp Rd,,Cameron ,SC,,,,,,,,,,No,,,,,,,,,,,,,,,,,,,,,,,,,,,,,
Jillian Black ,,918,,,8035340196,,,,182 Airport Ln.,,Cameron,SC,,,,,,,,,,No,,,,,,,,,,,,,,,,,,,,,,,,,,,,,
Jillian James,,2432,,,8037204986,,,,822 Picket Level Rd,,Elloree,SC,29047,,,,,,,,,No,,,,,,,,,,,,,,,,,,,,,,,,,,,,,
Jim & Cassandra Cooner,,2091,,,8432000865,,,,464 Friendship Rd,,Reevesville,SC,29471,,,,,,,,,No,,,,,,,,,,,,,,,,,,,,,,,,,,,,,
Jim Arnold,,6245,Jim,Arnold,(803) 686-2882,jamesarnold21@hotmail.com,,Home,227 Delk Avenue,,Barnwell,SC,29812,,,,,,,,,Yes,,,,,,,,,,,,,,,,,,,,,,,,,,,,,
Jim Bilton Ford,,118,,,,,,,5866 W. Jim Bilton Blvd,,St George,SC,29477,,,,,,,,,No,,,,,,,,,,,,,,,,,,,,,,,,,,,,,
Jim Charlton,,5157,,,8438330611,,,,100 Dassy Dr,,Santee,SC,,,,,,,,,,No,,,,,,,,,,,,,,,,,,,,,,,,,,,,,
Jim Cullen,,4090,,,5173030733,,,,328 Trillium Court,,Santee,SC,,,,,,,,,,No,,,,,,,,,,,,,,,,,,,,,,,,,,,,,
Jim Eggleston,,532,,,8439958228,,,,330 Walworth Lane,,Eutawville,SC,29048,,,,,,,,,No,,,,,,,,,,,,,,,,,,,,,,,,,,,,,
Jim Evans,,2384,Jim,Evans,(803) 539-1231,,,,6423 Charleston Hwy,,Bowman,SC,,,,,,,,,,No,,,,,,,,,,,,,,,,,,,,,,,,,,,,,
Jim Florine,,332,,,8038542702,,,,250 Hampton St apt. 2,,Elloree,SC,29047,,,,,,,,,No,,,,,,,,,,,,,,,,,,,,,,,,,,,,,
Jim Florine,,1276,,,,,,,650 Hampton St   Apt 2  ,,Elloree,SC,29047,,,,,,,,,No,,,,,,,,,,,,,,,,,,,,,,,,,,,,,
Jim Gates,,1003,,,8038232188,,,,9715 Old State Rd.,,Cameron,SC,,,,,,,,,,No,,,,,,,,,,,,,,,,,,,,,,,,,,,,,
Jim Heslep,,3490,Jim,Heslep,(843) 343-7188,,,,449 Santee Dr,,Santee,SC,29142,,,,,,,"#fiberCustomer, #residential",,No,,,,,,,,,,,,,,,,,,,,,,,,,,,,,
Jim Langston,,1845,,,8039971287,,,,1476 Shulmer Rd,,Cameron,SC,,,,,,,,,,No,,,,,,,,,,,,,,,,,,,,,,,,,,,,,
Jim Largent,,4133,,,3044336759,,,,14 Andre Michaux Rd,,Santee,SC,29142,,,,,,,,,No,,,,,,,,,,,,,,,,,,,,,,,,,,,,,
Jim Logan,,8691,Jim,Logan,(843) 513-6721,jimlgn007@gmail.com,,,469 Santee Dr,,Santee,South Carolina,29142-9304,,,,,,,,,Yes,,,,,,,,,,,,,,,,,,,,,,,,,,,,,
Jim Menke,,6031,Jim,Mackie,(908) 251-7867,,,,513 Ballards Lane,,Santee,Sc,29142,,,,,,,,,Yes,,,,,,,,,,,,,,,,,,,,,,,,,,,,,
Jim Owens,,4095,,,8037075698,,,,1026 Adden Street,,Orangeburg,SC,29115,,,,,,,,,No,,,,,,,,,,,,,,,,,,,,,,,,,,,,,
Jim Reed,,1039,,,8036670000,,,,6985 Columbia Rd,,Orangeburg,SC,29118,,,,,,,,,No,,,,,,,,,,,,,,,,,,,,,,,,,,,,,
Jim Wiesenfeld,,6001,Jim,Wiesenfeld,(803) 897-4646,,,,133 Park Ridge Road,,Elloree,SC,29047,,,,,,,,,Yes,,,,,,,,,,,,,,,,,,,,,,,,,,,,,
Jimmie Myers,,525,Jimmie,Myers,(803) 496-4455,,,,2106 Vance Rd,,Vance,SC,29163,,,,,,,,,No,,,,,,,,,,,,,,,,,,,,,,,,,,,,,
Jimmie Still,,4211,Jimmie,Still,8036710486,,,,580 Tracy Street,,Barnwell,SC,29812,,,,,,,,,No,,,,,,,,,,,,,,,,,,,,,,,,,,,,,
Jimmie Williams,,557,,,8033121287,,,,125 Cooper Dr.,,Santee,SC,29142,,,,,,,"#fiberCustomer, #residential",,No,,,,,,,,,,,,,,,,,,,,,,,,,,,,,
Jimmy Disher,,6357,Jimmy,Disher,(843) 813-0532,,,,236 2nd Street,,Santee,SC,29142,,,,,,,"#fiberCustomer, #residential",,Yes,,,,,,,,,,,,,,,,,,,,,,,,,,,,,
Jimmy Hutto,,4457,,,8036714966,,,,51 Smith Street,,Barnwell,SC,,,,,,,,,,No,,,,,,,,,,,,,,,,,,,,,,,,,,,,,
Jimmy Still,,4054,Jimmy,Still,(803) 671-0579,,,,440 Tracy St,,Barnwell,SC,,,,,,,,,,No,,,,,,,,,,,,,,,,,,,,,,,,,,,,,
Jimmy Williamson,,3236,,,8033121287,,,,125 Cooper Dr,,Santee,SC,29142,,,,,,,"#fiberCustomer, #residential",,No,,,,,,,,,,,,,,,,,,,,,,,,,,,,,
Jims Pitstop,,5094,,,8037471957,,,,4486 Old State rd ,,St Matthews ,SC,,,,,,,,,,No,,,,,,,,,,,,,,,,,,,,,,,,,,,,,
Jloria Juinyad ,,4099,,,,,,,156 Beff Jerky ,,Orangeburg ,SC,29118,,,,,,,,,No,,,,,,,,,,,,,,,,,,,,,,,,,,,,,
Jo Ann Owens,,5795,Jo,Ann Owens,(803) 747-9449,,,,141 Walnut Street,,Bowman,SC,,,,,,,,,,No,,,,,,,,,,,,,,,,,,,,,,,,,,,,,
Jo Bearden,,2870,,,8037073398,,,,211 Butterfly Ct,,Orangeburg,SC,29118,,,,,,,,,No,,,,,,,,,,,,,,,,,,,,,,,,,,,,,
Joan Dooley,,3286,,,,,,,2300 Slab Landing Rd,,Neeses,SC,29107,,,,,,,,,No,,,,,,,,,,,,,,,,,,,,,,,,,,,,,
Joan Edmonds,,4183,Joan,Edmonds,(803) 707-8942,jogram70@yahoo.com,,,210 Poplar Street,,Bowman,SC,29018,,,,,,,,,No,,,,,,,,,,,,,,,,,,,,,,,,,,,,,
Joan Mcconnell,,2688,,,8435635603,,,,144 Overton Drive,,Santee,SC,29142,,,,,,,,,No,,,,,,,,,,,,,,,,,,,,,,,,,,,,,
Joan McKinley,,1437,Paul,& Joan McKinley,8038542017,,,,612 santee Dr,,Santee,SC,29142,,,,,,,"#fiberCustomer, #residential",,No,,,,,,,,,,,,,,,,,,,,,,,,,,,,,
Joan Patterson,,791,,,8038542980,,,,6 John Fothergill Cir.,,Santee,SC,29142,,,,,,,,,No,,,,,,,,,,,,,,,,,,,,,,,,,,,,,
Joan Rourk,,892,,,8038370520,,,,82 Wildwood Lane,,Elloree,SC,29047,,,,,,,,,No,,,,,,,,,,,,,,,,,,,,,,,,,,,,,
Joan Rourk,,4445,,,,,,,82 wildwood Ln,,Elloree ,SC,29047,,,,,,,,,No,,,,,,,,,,,,,,,,,,,,,,,,,,,,,
Joanie Pinter,,294,Joanie,Pinter,(803) 854-3170,,,,107 Santee Cooper Annex,,Santee,SC,29142,,,,,,,"#fiberCustomer, #residential",,No,,,,,,,,,,,,,,,,,,,,,,,,,,,,,
Joanita Solone,,6166,Joanita,Solone,(803) 347-8943,,,, Golden Star Road,,Santee,SC,29142,,,,,,,,,Yes,,,,,,,,,,,,,,,,,,,,,,,,,,,,,
Joann Etheregde,,2257,,,8036825856,,,,575 Lexington St,,Elloree,SC,29047,,,,,,,,,No,,,,,,,,,,,,,,,,,,,,,,,,,,,,,
JoAnn Hanna,,476,,,8038544262,,,,310 Chapel Creek Dr      ,,Santee,SC,29142,,,,,,,,,No,,,,,,,,,,,,,,,,,,,,,,,,,,,,,
JoAnn S Jamann-Riley,,2331,JoAnn,S Jamann-Riley,8038544744,,,,108 Wateree Annex,,,SC,,,,,,,,"#fiberCustomer, #residential",,No,,,,,,,,,,,,,,,,,,,,,,,,,,,,,
JoAnna Pindell,,632,,,8038973433,,,,138 Heatley End Road,,Santee,SC,,,,,,,,,,No,,,,,,,,,,,,,,,,,,,,,,,,,,,,,
Joanne Fisher,,6127,Joanne,Fisher,(703) 930-3717,joanne.fisher8@gmail.com,,,447 Santee Drive,,Santee,SC,29142,,,,,,,"#fiberCustomer, #residential",,Yes,,,,,,,,,,,,,,,,,,,,,,,,,,,,,
Joanne Murcko,,8564,Joanne,Murcko,(803) 974-9027,JoanneMurcko59@gmail.com,,,118 Shuler St,,Santee,South Carolina,29142-9485,,,,,,,,,Yes,,,,,,,,,,,,,,,,,,,,,,,,,,,,,
Joanne Timmons,,3154,Joanne,Timmons,8038293090,,,,6114 Charleston Hwy   ,,Bowman    ,SC,29018,,,,,,,,,No,,,,,,,,,,,,,,,,,,,,,,,,,,,,,
Joanne Williams,,2083,,,8038543008,,,,450 Santee Dr.,,Santee,SC,29142,,,,,,,"#fiberCustomer, #residential",,No,,,,,,,,,,,,,,,,,,,,,,,,,,,,,
Jocelyn Carter,,2644,,,8036829802,,,,1006 Glen Field Circle Apt G3,,Orangeburg,SC,,,,,,,,,,No,,,,,,,,,,,,,,,,,,,,,,,,,,,,,
Jocelyn Fredrick,,5414,Jocelyn,Fredrick,(803) 535-9839,,,,136 Moorer Dr ,,Elloree,SC,,,,,,,,,,No,,,,,,,,,,,,,,,,,,,,,,,,,,,,,
Jocelyn Funchess,,4392,,,8038373460,,,,503 Middle Willow Rd,,Neeses,SC,29107,,,,,,,,,No,,,,,,,,,,,,,,,,,,,,,,,,,,,,,
Jocelyn Funchess,,4566,,,8037473746,,,,1512 Hebron Road,,Neeses,SC,29107,,,,,,,,,No,,,,,,,,,,,,,,,,,,,,,,,,,,,,,
Jocycelin Dash,,7839,Tarique,Dash,(803) 514-9067,Tariquedash2000@yahoo.com,,,Elloree Smith Senior Living,113,Elloree,SC,29047,,,,,,,,,Yes,,,,,,,,,,,,,,,,,,,,,,,,,,,,,
Jody Bultman,,8094,Jody,Bultman,(605) 690-1854,Toadest1@gmail.com,,,132 William Clark Boulevard,,Santee,SC,29142,,,,,,,,,Yes,,,,,,,,,,,,,,,,,,,,,,,,,,,,,
Jody Stewart,,4116,,,6036776501,,,,6082 Vance Road,,Bowman,SC,29018,,,,,,,,,No,,,,,,,,,,,,,,,,,,,,,,,,,,,,,
Joe Belcher,,3014,,,8035331968,,,,1152 Putter Path ,,Orangeburg,SC,29118,,,,,,,,,No,,,,,,,,,,,,,,,,,,,,,,,,,,,,,
Joe Bjorge,,6183,Joe ,Bjorge,(850) 384-4484,,,,2507 Cleveland Street,,Elloree,SC,29047,,,,,,,,,Yes,,,,,,,,,,,,,,,,,,,,,,,,,,,,,
Joe Cucci,,1705,Joe,Cucci,8038544748,,,,119 Saluda Dr,,Santee,SC,29142,,,,,,,"#fiberCustomer, #residential",,No,,,,,,,,,,,,,,,,,,,,,,,,,,,,,
Joe D. Hendrix  MD,,119,,,,,,, 1557 Carolina Ave,,,,,,,,,,,,,No,,,,,,,,,,,,,,,,,,,,,,,,,,,,,
Joe Fairey,,4539,,,8037070319,,,,PO Box 2269,,,SC,,,,,,,,,,No,,,,,,,,,,,,,,,,,,,,,,,,,,,,,
Joe Huber,,8495,Joe,Huber,(810) 348-3242,jah49@live.com,,,5 Alexander Garden Cir,,Santee,South Carolina,29142,,,,,,,,,Yes,,,,,,,,,,,,,,,,,,,,,,,,,,,,,
Joe Kirby,,3667,,,,,,,179 Ballards Ln,,Santee,SC,,,,,,,,,,No,,,,,,,,,,,,,,,,,,,,,,,,,,,,,
Joe Lyons,,6102,Joe ,Lyons,(803) 216-4507,,,,390 Winding Brook Drive,,Cameron,SC,29030,,,,,,,,,Yes,,,,,,,,,,,,,,,,,,,,,,,,,,,,,
Joe MacEachern,,4216,,,7742594700,,,,1054 Sawyer Street,,Orangeburg,SC,29115,,,,,,,,,No,,,,,,,,,,,,,,,,,,,,,,,,,,,,,
Joe Mitchum,,1347,,,8038543422,,,,235 Park Lane Dr.,,Santee,SC,29142,,,,,,,,,No,,,,,,,,,,,,,,,,,,,,,,,,,,,,,
Joe Murphy,,826,,,7273484556,,,,910 Farmers Rd,,Elloree,SC,29047,,,,,,,,,No,,,,,,,,,,,,,,,,,,,,,,,,,,,,,
Joe Smith,,3364,,,8035360460,,,,2339 Griffith Dr,,Orangeburg,SC,29118,,,,,,,,,No,,,,,,,,,,,,,,,,,,,,,,,,,,,,,
Joe Stricklin,,2444,,,8033486549,,,,207 wintercreek Rd,,Bowman,SC,29018,,,,,,,,,No,,,,,,,,,,,,,,,,,,,,,,,,,,,,,
Joel Anderson,,8097,Joel,Anderson,(828) 855-5652,BusaRydr@gmail.com,,,143 William Clark Boulevard,,Santee,SC,29142,,,,,,,,,Yes,,,,,,,,,,,,,,,,,,,,,,,,,,,,,
Joel Gladfelter,,3694,,,2155279215,,,,6370 Badham Drive,,Reevesville,SC,29471,,,,,,,,,No,,,,,,,,,,,,,,,,,,,,,,,,,,,,,
Joel Hanks,,8217,Joel,Hanks,(915) 408-5859,Joel.w.hanks@gmail.com,,,125 Ballard Lane,,Santee,SC,29142,,,,,,,,,Yes,,,,,,,,,,,,,,,,,,,,,,,,,,,,,
Joel Siegel,,1351,,,9366610184,,,,377 Lexington St. Apt. 5,,Elloree,SC,29047,,,,,,,,,No,,,,,,,,,,,,,,,,,,,,,,,,,,,,,
Joem Phillips,,1890,,,8033873820,,,,113 Santee Cooper Annex,,Santee,SC,29142,,,,,,,,,No,,,,,,,,,,,,,,,,,,,,,,,,,,,,,
Joey Boyer,,5927,Joey,Boyer,(803) 378-3004,georgejosephboyer@gmail.com,,,436 Todd Creek Road,,Neeses,SC,29107,,,,,,,,,Yes,,,,,,,,,,,,,,,,,,,,,,,,,,,,,
Joey Branch,,864,,,8435638111,,,,404 Whetsell St,,Reevesville,SC,29471,,,,,,,,,No,,,,,,,,,,,,,,,,,,,,,,,,,,,,,
Joey Sloop,,1192,,,8037071253,,,,311 Pine St,,Bowman,SC,29018,,,,,,,,,No,,,,,,,,,,,,,,,,,,,,,,,,,,,,,
Johanna Curtiss,,6060,Alan,Curtiss,(864) 320-3089,,,,208 Cooper Drive,,Santee,SC,29142,,,,,,,"#fiberCustomer, #residential",,Yes,,,,,,,,,,,,,,,,,,,,,,,,,,,,,
Johhny Lee Cellos,,5849,,,8036829528,,,,146 Gerber Lane,,Santee,SC,29142,,,,,,,,,No,,,,,,,,,,,,,,,,,,,,,,,,,,,,,
John & Sarah Davis - NEED BUCKET TRUCK,,3313,,,8035364042,,,,3846 Neeses hwy,,Orangeburg,SC,29115,,,,,,,,,No,,,,,,,,,,,,,,,,,,,,,,,,,,,,,
John & Stacy Dunchof,,7905,John,& Stacy Dunchof,(334) 596-9539,,,,127 Birdie Court,,Santee,SC,29142,,,,,,,,,Yes,,,,,,,,,,,,,,,,,,,,,,,,,,,,,
John & Virginia Dennis,,2031,,,8038972059,,,,413 Sorin Circle,,Elloree,SC,29047,,,,,,,,,No,,,,,,,,,,,,,,,,,,,,,,,,,,,,,
John Abbas,,2582,,,2186400997,,,,510 Ragtime Rd,Lot 81,Santee,SC,29142,,,,,,,,,No,,,,,,,,,,,,,,,,,,,,,,,,,,,,,
John and Cathy Jenkins,,7919,John,Jenkins,(843) 209-0651,JJenkins_jcfitness@yahoo.com,,,7 Thomas Walter Circle,,Santee,SC,29142,,,,,,,,,Yes,,,,,,,,,,,,,,,,,,,,,,,,,,,,,
John and Gena Richardson,,6326,Gena,Richardson,(803) 308-4680,,,,604 Laredo Street,,Santee,SC,29142,,,,,,,"#fiberCustomer, #residential",,Yes,,,,,,,,,,,,,,,,,,,,,,,,,,,,,
John Arnold,,4026,,,8169825743,,,,129 Ballards Lane,,Santee,SC,29042,,,,,,,,,No,,,,,,,,,,,,,,,,,,,,,,,,,,,,,
John Bennett,,1140,John,Bennett,(803) 378-1129,,,,7233 Vance Rd,,Bowman,SC,29018,,,,,,,,,No,,,,,,,,,,,,,,,,,,,,,,,,,,,,,
John Bloomer,,6302,John,`Bloomer,(267) 261-1679,,,,513 Ballard Lane,,Santee,SC,29142,,,,,,,,,Yes,,,,,,,,,,,,,,,,,,,,,,,,,,,,,
John Brasington,,4189,,,8034106658,,,,177 Ballards Lane,,Santee,SC,29142,,,,,,,,,No,,,,,,,,,,,,,,,,,,,,,,,,,,,,,
John Browning,,1918,,,8033780000,,,,159 Browning Rd,,Elloree,SC,29047,,,,,,,,,No,,,,,,,,,,,,,,,,,,,,,,,,,,,,,
John C Adams ,,4334,John,C Adams ,8436935002,,,,450 Santee dr,,Santee,SC,,,,,,,,"#fiberCustomer, #residential",,No,,,,,,,,,,,,,,,,,,,,,,,,,,,,,
John C. McLaurin,,1961,,,8033082333,,,,132 Tall Tree ln,,Camron,SC,29030,,,,,,,,,No,,,,,,,,,,,,,,,,,,,,,,,,,,,,,
John Carrington,,2945,,,8035343937,,,,1195 Church St,,Orangeburg,SC,29115,,,,,,,,,No,,,,,,,,,,,,,,,,,,,,,,,,,,,,,
John Copsey (LinuxMagic),,5270,,,6046820300,,,,,,,,,,,,,,,,,No,,,,,,,,,,,,,,,,,,,,,,,,,,,,,
John D Hutto Jr,,1239,John,D Hutto Jr,4782904450,,,,217 Shuler Belt Rd  ,,Holly Hill,SC,29059,,,,,,,,,No,,,,,,,,,,,,,,,,,,,,,,,,,,,,,
John Davis,,2882,,,8646508088,,,,148 One Oak Ln,,Bowman,SC,29018,,,,,,,,,No,,,,,,,,,,,,,,,,,,,,,,,,,,,,,
John Davis Sr,,2668,John,Davis Sr,8033787840,,,,200 Sweet Bay Ln,,Santee,SC,29142,,,,,,,,,No,,,,,,,,,,,,,,,,,,,,,,,,,,,,,
John Dennin,,8453,John,Dennin,(740) 550-9195,johndennin_1@hotmail.com,,,661 Perch Ln,,Santee,SC,29142,,,,,,,,,Yes,,,,,,,,,,,,,,,,,,,,,,,,,,,,,
John Dilts,,2379,,,9046276390,,,,420 Fairway Lane,,Santee,SC,29142,,,,,,,,,No,,,,,,,,,,,,,,,,,,,,,,,,,,,,,
John Dunchol,,6133,John,Dunchol,(334) 596-9538,,,,127 Birdy Court,,Santee,SC,29142,,,,,,,,,Yes,,,,,,,,,,,,,,,,,,,,,,,,,,,,,
John Edwards,,3784,,,8035390050,,,,995 Pasture Lane,,Orangeburg,SC,29118,,,,,,,,,No,,,,,,,,,,,,,,,,,,,,,,,,,,,,,
John Fisher,,2110,,,8036644913,,,,18 Yenny Ln,,Elloree,SC,29047,,,,,,,,,No,,,,,,,,,,,,,,,,,,,,,,,,,,,,,
John Getsinger,,7890,John,Getsinger,(843) 810-5186,GetsingerJ@bellsouth.net,,,108 County Road S-18-134,,Reevesville,SC,29471,,,,,,,,,Yes,,,,,,,,,,,,,,,,,,,,,,,,,,,,,
John Green,,3816,,,8432172152,,,,378 Bryant Rd,,Reevesville,SC,29471,,,,,,,,,No,,,,,,,,,,,,,,,,,,,,,,,,,,,,,
John H. Bailey,,660,John,H. Bailey,8435602678,,,,190 Heaton Road,,Reevesville,SC,29471,,,,,,,,,No,,,,,,,,,,,,,,,,,,,,,,,,,,,,,
John Hane,,2344,,,8037072372,,,,1271 Colonel Thompson Hwy,,St Matthews,SC,29135,,,,,,,,,No,,,,,,,,,,,,,,,,,,,,,,,,,,,,,
John Helmke,,613,,,8038972651,,,,511 Pickett Level Rd,,Elloree,SC,29047,,,,,,,,,No,,,,,,,,,,,,,,,,,,,,,,,,,,,,,
John Hendrickson,,6165,John,Hendrickson,(509) 876-9206,,,,18 Peter Colinson Road,,Santee,SC,29142,,,,,,,,,Yes,,,,,,,,,,,,,,,,,,,,,,,,,,,,,
John Howard,,4892,John,Howard,,,,,,,,,,,,,,,,,,No,,,,,,,,,,,,,,,,,,,,,,,,,,,,,
John Hutto,,4772,,,8435606476,,,,211 Second Street,,Santee,SC,29142,,,,,,,,,No,,,,,,,,,,,,,,,,,,,,,,,,,,,,,
John Irick,,2928,,,8034298294,,,,1459 Shillings Bridge Road,,Orangeburg,SC,,,,,,,,,,No,,,,,,,,,,,,,,,,,,,,,,,,,,,,,
John Jenkins,,8465,John,Jenkins,(843) 209-0651,jjenkins_jcfitness@yahoo.com,,,,,,,,,,,,,,,,Yes,,,,,,,,,,,,,,,,,,,,,,,,,,,,,
John Kelley,,5519,,,8035961079,,,,321 Moss Street,,Bowman,SC,29018,,,,,,,,,No,,,,,,,,,,,,,,,,,,,,,,,,,,,,,
John Knobeloch,,5319,John,Knobeloch,8035342589,knobby@sc.rr.com,,,1173 Putters Path ,,Orangeburg,SC,,,,,,,,,,No,,,,,,,,,,,,,,,,,,,,,,,,,,,,,
John Ku,,5252,John,Ku,7039691850,johnku4989@yahoo.com,,,329 Santee Dr,,Santee,SC,29118,,,,,,,"#fiberCustomer, #residential",,No,,,,,,,,,,,,,,,,,,,,,,,,,,,,,
John Martin,,5589,,,5205591631,,,,161 Country Road,,Bowman,SC,29018,,,,,,,,,No,,,,,,,,,,,,,,,,,,,,,,,,,,,,,
John Mason,,8277,John,Mason,(845) 649-9261,johnbmason43@gmail.com,,,177 Ballard Ln,,Santee,South Carolina,29142-8565,,,,,,,,,Yes,,,,,,,,,,,,,,,,,,,,,,,,,,,,,
John McCants,,658,,,8038579158,,,,125 Joel Drive,,Santee,SC,,,,,,,,,,No,,,,,,,,,,,,,,,,,,,,,,,,,,,,,
John McClary,,3760,John,McClary,8037937308,,,,98 Black St,,Hilda,SC,29813,,,,,,,,,No,,,,,,,,,,,,,,,,,,,,,,,,,,,,,
John Moody,,3932,,,8033008851,,,,134 Creech Road,,Hilda,SC,29813,,,,,,,,,No,,,,,,,,,,,,,,,,,,,,,,,,,,,,,
John Munz,,8170,John,Munz,(843) 425-3169,djlspurrell@gmail.com,,,41 Peter Collins,,Santee,SC,29142,,,,,,,,,Yes,,,,,,,,,,,,,,,,,,,,,,,,,,,,,
John Nigro,,1767,,,8038544824,,,,161 Ballards Ln.  Phase II,,Santee,SC,29142,,,,,,,,,No,,,,,,,,,,,,,,,,,,,,,,,,,,,,,
John O'Toole,,744,John,O'Toole,(843) 563-3681,,,,244 Cross Creek Rd,,Reevesville,SC,29471,,,,,,,,,No,,,,,,,,,,,,,,,,,,,,,,,,,,,,,
John Owen,,4059,John,Owen,8036449795,n4714n@gforcecable.com,,,790 Hwy 15 N,,St George,SC,,,,,,,,,,No,,,,,,,,,,,,,,,,,,,,,,,,,,,,,
John Owens,,4694,,,8035962670,,,,1745 Wingfield Street,,,SC,,,,,,,,,,No,,,,,,,,,,,,,,,,,,,,,,,,,,,,,
John Perrow,,4208,,,8036824176,,,,314 Mourning Dove Road,,Cameron,SC,29030,,,,,,,,,No,,,,,,,,,,,,,,,,,,,,,,,,,,,,,
John Pittard,,8415,John,Pittard,(803) 826-6478,,,,173 Stoudenmire Dr,,Lone Star,South Carolina,29030-8420,,,,,,,,,Yes,,,,,,,,,,,,,,,,,,,,,,,,,,,,,
John Porter,,4094,,,8036007935,,,,519 Scalion Road,,Neeses,SC,29107,,,,,,,,,No,,,,,,,,,,,,,,,,,,,,,,,,,,,,,
John Price,,5901,John,Price,(979) 479-3921,,,,316 Broad River Drive,,Santee,SC,29142,,,,,,,"#fiberCustomer, #residential",,Yes,,,,,,,,,,,,,,,,,,,,,,,,,,,,,
John Pringle,,7902,John,Pringle,(843) 327-6418,,,,120 Green Court,,Santee,SC,29142,,,,,,,,,Yes,,,,,,,,,,,,,,,,,,,,,,,,,,,,,
John Rheney,,5034,,,8035369503,,,,882 Cook Rd,,,SC,,,,,,,,,,No,,,,,,,,,,,,,,,,,,,,,,,,,,,,,
John Rivers,,5412,,,8433197765,,,,,,,,,,,,,,,,,No,,,,,,,,,,,,,,,,,,,,,,,,,,,,,
John Russiaky,,8551,John,Russiaky,(224) 619-6431,jrussiaky@gmail.com,,,122 Congaree Ct,,Santee,South Carolina,29142-9513,,,,,,,,,Yes,,,,,,,,,,,,,,,,,,,,,,,,,,,,,
John S. Langenbach,,2217,,,8038544737,,,,120 Cooper Circle,,Santee,SC,29142,,,,,,,"#fiberCustomer, #residential",,No,,,,,,,,,,,,,,,,,,,,,,,,,,,,,
John Schmidt,,809,John,Schmidt,8038549101,,,,310 Broad River Dr,,Santee,SC,29142,,,,,,,"#fiberCustomer, #residential",,No,,,,,,,,,,,,,,,,,,,,,,,,,,,,,
John Singh,,3614,John,Singh,(803) 897-2994,,,Home,395 Hampton St,,Elloree,SC,29047,,,,,,,,,No,,,,,,,,,,,,,,,,,,,,,,,,,,,,,
John Sloan,,8280,John,Sloan,(315) 247-1800,,,,120 Green Ct,,Santee,South Carolina,29142-8672,,,,,,,,,Yes,,,,,,,,,,,,,,,,,,,,,,,,,,,,,
John Smithhart,,2017,,,8644518271,,,,2407 Old State Rd,,Cameron,SC,SC,,,,,,,,,No,,,,,,,,,,,,,,,,,,,,,,,,,,,,,
John Springs,,1388,,,8038544413,,,,261 Ballard Lane,,Santee,SC,29142,,,,,,,,,No,,,,,,,,,,,,,,,,,,,,,,,,,,,,,
John Stecko,,2801,John,Stecko,8038544635,,,,1060 Sanoree Dr,,Santee,SC,29142,,,,,,,"#fiberCustomer, #residential",,No,,,,,,,,,,,,,,,,,,,,,,,,,,,,,
John Summers,,2075,,,8038291182,,,,610 Laura St,,Bowman,SC,,,,,,,,,,No,,,,,,,,,,,,,,,,,,,,,,,,,,,,,
John Taylor,,2612,,,,,,,2472 Griffith Rd,,Orangeburg,SC,29118,,,,,,,,,No,,,,,,,,,,,,,,,,,,,,,,,,,,,,,
John Thomas Felkel,,4022,John,Thomas Felkel,8036823446,,,,4760 Five Chop Road,,Elloree,SC,29047,,,,,,,,,No,,,,,,,,,,,,,,,,,,,,,,,,,,,,,
John Till,,1258,John,Till,(803) 536-4883,,,,417 Till Rd,,Neeses,SC,29107,,,,,,,,,No,,,,,,,,,,,,,,,,,,,,,,,,,,,,,
John Timko,,5489,John,Timko,8038040538,,,,20 Peter Collinson,,Santee,SC,29142,,,,,,,,,No,,,,,,,,,,,,,,,,,,,,,,,,,,,,,
John Tota,,1730,,,8038544780,,,,37 Peter Collinson Rd  ,,Santee,SC,,,,,,,,,,No,,,,,,,,,,,,,,,,,,,,,,,,,,,,,
John Trombetta,,1825,,,6107517980,,,,195 Ballards Lane,,Santee,SC,29142,,,,,,,,,No,,,,,,,,,,,,,,,,,,,,,,,,,,,,,
John Verger,,2948,,,6308981325,,,,5642 Old State Rd,,Holly Hill ,SC,29059,,,,,,,,,No,,,,,,,,,,,,,,,,,,,,,,,,,,,,,
John Wareham,,7917,John,Wreham,(202) 750-4466,,,,119 Rhett Court,,Santee,SC,29142,,,,,,,,,Yes,,,,,,,,,,,,,,,,,,,,,,,,,,,,,
John Weishaar,,1701,John,Weishaar,8038544460,,,,303 Santee Drive,,Santee,SC,29147,,,,,,,"#fiberCustomer, #residential",,No,,,,,,,,,,,,,,,,,,,,,,,,,,,,,
John West Jr.,,1314,,,8034965011,,,,4280 Vance Road,,Holly Hill,SC,29059,,,,,,,,,No,,,,,,,,,,,,,,,,,,,,,,,,,,,,,
John Whiteman,,787,,,8038540872,,,,419 Ballard Lane,,Santee,SC,29142,,,,,,,,,No,,,,,,,,,,,,,,,,,,,,,,,,,,,,,
John Whitfield,,5784,John,Whitfield,7038636702,,,,103 Saluda Drive,,Santee,SC,29142,,,,,,,"#fiberCustomer, #residential",,No,,,,,,,,,,,,,,,,,,,,,,,,,,,,,
John Williams,,640,,,8037072453,,,,505 Laval Rd,,Santee,SC,29142,,,,,,,,,No,,,,,,,,,,,,,,,,,,,,,,,,,,,,,
John Worley,,3082,,,,,,,1143 Putter path,,Orangeburg,SC,,,,,,,,,,No,,,,,,,,,,,,,,,,,,,,,,,,,,,,,
John Zeigler,,2024,,,8033082632,,,,1200 Old River Rd,,Elloree,SC,29047,,,,,,,,,No,,,,,,,,,,,,,,,,,,,,,,,,,,,,,
John Zimmerman,,2300,,,8038232201,,,,346 Zimmerman Place,,Cameron,SC,29030,,,,,,,,,No,,,,,,,,,,,,,,,,,,,,,,,,,,,,,
John's Car Shop,,120,,,,,,,204 Neeses Hwy,,Orangeburg,SC,29115,,,,,,,,,No,,,,,,,,,,,,,,,,,,,,,,,,,,,,,
Johnathan Armstrong,,8696,Johnathan,Armstrong,(478) 957-8982,armstrongjohnathan692@gmail.com,,,713 Striped Bass Ct,,Santee,SC,29142,,,,,,,,,Yes,,,,,,,,,,,,,,,,,,,,,,,,,,,,,
Johnathan Eccles,,1875,,,8432764320,,,,461 Chapel Creek Dr,,Santee,SC,29142,,,,,,,,,No,,,,,,,,,,,,,,,,,,,,,,,,,,,,,
Johnathan Ravenell,,4960,Johnathan,Ravenell,8037470702,,,,311 Parklane Drive,,Santee,SC,29142,,,,,,,"#fiberCustomer, #residential",,No,,,,,,,,,,,,,,,,,,,,,,,,,,,,,
Johnathan West,,325,Johnathan,West,(803) 290-1105,,,,206 Intracostal Ln.,,Santee,SC,29142,,,,,,,,,No,,,,,,,,,,,,,,,,,,,,,,,,,,,,,
Johnetta Sumpter ,,4592,,,8039711466,,,,166 intraboastal lane House B,,Santee ,SC,29142,,,,,,,,,No,,,,,,,,,,,,,,,,,,,,,,,,,,,,,
Johnnie Davis,,1067,,,8038971131,,,,4475 Cleveland St,,Elloree,SC,,,,,,,,,,No,,,,,,,,,,,,,,,,,,,,,,,,,,,,,
Johnnie Jamison,,551,,,8035343706,,,,146 Project Rd,,Bowman,SC,,,,,,,,,,No,,,,,,,,,,,,,,,,,,,,,,,,,,,,,
Johnnie Watson,,1712,,,8032901900,,,,1413 Sifly Rd,,Orangeburg,SC,,,,,,,,,,No,,,,,,,,,,,,,,,,,,,,,,,,,,,,,
Johnny Bonnette,,7887,Johnny,Bonnette,(803) 427-5793,,,,,,,,,,,,,,,,,Yes,,,,,,,,,,,,,,,,,,,,,,,,,,,,,
Johnny Bradley,,3433,,,8032902381,,,,299 Lawerence St,,Orangeburg,SC,29115,,,,,,,,,No,,,,,,,,,,,,,,,,,,,,,,,,,,,,,
Johnny Evans,,545,,,8035366443,,,,8257 Old State Rd,,Cameron,SC,29030,,,,,,,,,No,,,,,,,,,,,,,,,,,,,,,,,,,,,,,
Johnny Lowery,,1159,,,8034967018,,,,4756 Old State Rd,,Holly Hill,SC,29059,,,,,,,,,No,,,,,,,,,,,,,,,,,,,,,,,,,,,,,
Johnny Mallard,,3869,,,8035154629,,,,207 Jack Branch Road,,Santee,SC,29142,,,,,,,,,No,,,,,,,,,,,,,,,,,,,,,,,,,,,,,
Johnny Murdaugh Sr,,2941,Johnny,Murdaugh Sr,8035360272,,,,117 Patro Lane,,Cameron,SC,,,,,,,,,,No,,,,,,,,,,,,,,,,,,,,,,,,,,,,,
Johnny Ravenell,,2437,Johnny,Ravenell,8032909524,,,,1324 Bonner Ave,,Santee,SC,29142,,,,,,,,,No,,,,,,,,,,,,,,,,,,,,,,,,,,,,,
Johnny Tarrance Jr,,2246,Johnny,Tarrance Jr,(803) 347-5985,,,,147 Park Ridge Road,,Elloree,SC,29047,,,,,,,,,No,,,,,,,,,,,,,,,,,,,,,,,,,,,,,
Johnson  DuRant & Nester  LLC,,843,Ron,Nester Jr.,(803) 854-4484,,,,631 Bass Drive,,Santee,SC,,,,,,,,,,No,,,,,,,,,,,,,,,,,,,,,,,,,,,,,
Johnson Automotive LLC  ,,4608,Johnson,Automotive LLC  ,(803) 331-2291,,,,461 Palmwood Street,,Santee,SC,29142,,,,,,,,,No,,,,,,,,,,,,,,,,,,,,,,,,,,,,,
Johnson Marine,,5712,Heath,,(803) 531-1655,,,,814 Houser Street,,Orangeburg,SC,29118,,,,,,,,,No,,,,,,,,,,,,,,,,,,,,,,,,,,,,,
Johnson Toal & Battiste,,670,,,8035369610,,,,130 Centre Street,,Orangeburg,SC,29115,,,,,,,,,No,,,,,,,,,,,,,,,,,,,,,,,,,,,,,
Johnson's Accounting & Tax Service,,2905,David,Johnson,(803) 331-2291,,,,1624 Antioch Rd,,Santee,SC,29142,,,,,,,,,No,,,,,,,,,,,,,,,,,,,,,,,,,,,,,
Johvanny Munoz,,5269,,,9123417852,,,,40 Hunter's Path,,Santee,SC,29142,,,,,,,,,No,,,,,,,,,,,,,,,,,,,,,,,,,,,,,
Jolesia Hollman,,4813,Jolesia,Hollman,8038629106,,,,129 Frankland st,,Holly Hilll ,SC,,,,,,,,,,No,,,,,,,,,,,,,,,,,,,,,,,,,,,,,
Jolisa Spencer ,,4683,,,8033978612,,,,119 Sagewood Ct,,Santee,SC,29142,,,,,,,,,No,,,,,,,,,,,,,,,,,,,,,,,,,,,,,
Jon Pennington,,3582,Jon,Pennington,4044235274,,,,102 Wateree Annex ,,Santee,SC,29142,,,,,,,"#fiberCustomer, #residential",,No,,,,,,,,,,,,,,,,,,,,,,,,,,,,,
Jonathan & Carlesha Bair,,4259,,,8036641022,,,,669 One Oak Ln,,Bowman,SC,29018,,,,,,,,,No,,,,,,,,,,,,,,,,,,,,,,,,,,,,,
Jonathan Charles ,,4355,,,2158507030,,,,471 boulevard st ,,Orangeburg,SC,29115,,,,,,,,,No,,,,,,,,,,,,,,,,,,,,,,,,,,,,,
Jonathan Floyd,,8267,Jonathan ,Floyd,(813) 325-1710,jfloyd70@gmail.com,,,117 Saluda Dr,,Santee,South Carolina,29142-9321,,,,,,,"#fiberCustomer, #residential",,Yes,,Fiber Webform,,,,,,,,,,,,,,,,,,,,,,,,,,,
Jonathan Gilmore,,1062,,,,,,,954 Bonner Ave,,Santee,SC,,,,,,,,,,No,,,,,,,,,,,,,,,,,,,,,,,,,,,,,
Jonathan Hawkins-Kelley,,8328,Jonathan ,Hawkins-Kelley,(757) 332-6482,kelleyjonathan21@gmail.com,,,129 Congaree Ct,,Santee,South Carolina,29142,,,,,,,,,Yes,,,,,,,,,,,,,,,,,,,,,,,,,,,,,
Jonathan Lewis & Saquoya Smith,,8498,Jonathan,Lewis,(803) 974-9257,Lewis.Jonathan305@gmail.com,,,905 Bream Circle,,Santee,SC,29142,Saquoya,Smith,(803) 707-4671,Saquoyasmith@yahoo.com,,,,,Yes,,,,,,,,,,,,,,,,,,,,,,,,,,,,,
Jonathan McKeown,,6288,Jonathan,Mckeown,(843) 442-7082,jonathan_mckeown@comcast.net,,home,604 Santee Drive,,Santee,SC,29142,,,,,,,"#fiberCustomer, #residential",,Yes,,,,,,,,,,,,,,,,,,,,,,,,,,,,,
Jonathan Ward,,1327,Jonathan,Ward,(860) 930-3816,,,,133 Saluda Dr,,Santee,SC,29142,,,,,,,"#fiberCustomer, #residential",,No,,,,,,,,,,,,,,,,,,,,,,,,,,,,,
Jonathan Wimberly,,3577,Jonathan,Wimberly,8435601721,,,,210 Whetsell St,,Reevesville,SC,29471,,,,,,,,,No,,,,,,,,,,,,,,,,,,,,,,,,,,,,,
Jonathan wise,,5668,Jonathan,wise,8038371621,,,,2591 Camden rd,,Holly Hill,SC,,,,,,,,,,No,,,,,,,,,,,,,,,,,,,,,,,,,,,,,
Jonie Pinter,,3058,,,,,,,107 Santee Cooper Annex,,Santee,SC,29142,,,,,,,"#fiberCustomer, #residential",,No,,,,,,,,,,,,,,,,,,,,,,,,,,,,,
Jordan ,,4407,,,,,,,,,,,,,,,,,,,,No,,,,,,,,,,,,,,,,,,,,,,,,,,,,,
Jordan Gunnells,,3748,Jordan,Gunnells,8033783358,,,,750 Bowman Branch Hwy,,Bowman,SC,29018,,,,,,,,,No,,,,,,,,,,,,,,,,,,,,,,,,,,,,,
Jordan Harris,,4408,Jordan,Harris,8437093239,,,,10110 old state rd ,,Cameron,SC,29030,,,,,,,,,No,,,,,,,,,,,,,,,,,,,,,,,,,,,,,
Jordan Hernandez,,8120,Mercedes,Hernandez,(803) 759-6631,Merchern3377@gmail.com,,,166 William Clark Boulevard,,Santee,SC,29142,,,,,,,,,Yes,,,8039,,,,,,,,,,,,,,,,,,,,,,,,,,
Jordan Lewis,,5801,,,7049958006,,,,235 sorin circle,,Elloree,SC,29047,,,,,,,,,No,,,,,,,,,,,,,,,,,,,,,,,,,,,,,
Jordan Smith,,5665,Jordan,Smith,8033008486,,,, 305 Delk Ave ,,Hilda ,SC,,,,,,,,,,No,,,,,,,,,,,,,,,,,,,,,,,,,,,,,
Jordin Hankins,,8490,Jordin,Hankins,(843) 560-1043,hankinsjordin@gmail.com,,,761 Striped Bass Ct,,Santee,SC,29142,,,,,,,,,Yes,,,,,,,,,,,,,,,,,,,,,,,,,,,,,
Jose Aguirre,,1760,,,8034923751,,,,126 Hi Ridge RD,,Eutawville,SC,,,,,,,,,,No,,,,,,,,,,,,,,,,,,,,,,,,,,,,,
Joseph & Diana Murphy,,673,,,8136903537,,,,910 Farmers Rd,,Elloree,SC,29047,,,,,,,,,No,,,,,,,,,,,,,,,,,,,,,,,,,,,,,
Joseph Allison,,3871,,,8033789427,,,,113 Mozel Lane,,Bowman,SC,29018,,,,,,,,,No,,,,,,,,,,,,,,,,,,,,,,,,,,,,,
Joseph Avinger,,1808,,,8036641182,,,,2737 Cleavland St,Apt 212,Elloree,SC,29047,,,,,,,,,No,,,,,,,,,,,,,,,,,,,,,,,,,,,,,
Joseph Broom  ,,4742,,,,,,,1216 Bridgeview Lane, Unit F204  ,,SC,,,,,,,,,,No,,,,,,,,,,,,,,,,,,,,,,,,,,,,,
Joseph Cassecman,,3409,,,4015730245,,,,8671/2 Summers Ave,,Orangeburg,SC,29115,,,,,,,,,No,,,,,,,,,,,,,,,,,,,,,,,,,,,,,
Joseph Council,,1499,,,8034927342,,,,322 Bonazza Drive,,Eutawville,SC,29048,,,,,,,,,No,,,,,,,,,,,,,,,,,,,,,,,,,,,,,
Joseph Dipaolo,,8040,Joseph,Dipaolo,(908) 625-6905,askjoe@yahoo.com,,,100 Green Court,,Santee,SC,29142,,,,,,,,,Yes,,,,,,,,,,,,,,,,,,,,,,,,,,,,,
Joseph Hallman,,3263,,,8039379642,,,,1919 Forest Dr,,Orangeburg,SC,29118,,,,,,,,,No,,,,,,,,,,,,,,,,,,,,,,,,,,,,,
Joseph Junquet ,,4550,Joseph,Junquet ,8035352501,,,,305 Egret Lane,,Orangeburg,SC,29118,,,,,,,,,No,,,,,,,,,,,,,,,,,,,,,,,,,,,,,
Joseph Keitt,,1161,,,8037073418,,,,946 Graham St,,Orangeburg,SC,29118,,,,,,,,,No,,,,,,,,,,,,,,,,,,,,,,,,,,,,,
Joseph Latulipe,,1266,,,,,,,14 petercollinson Rd,PO 1368,Santee,SC,29142,,,,,,,,,No,,,,,,,,,,,,,,,,,,,,,,,,,,,,,
Joseph Latulippe,,1088,,,8038542027,,,,14 Peter Collinson Rd,,Santee,SC,29142,,,,,,,,,No,,,,,,,,,,,,,,,,,,,,,,,,,,,,,
Joseph Lowman,,8577,Joseph,Lowman,(701) 500-0564,jmichael.lowman@gmail.com,,,681 Perch Ln,,Santee,SC,29142,,,,,,,,,Yes,,,,,,,,,,,,,,,,,,,,,,,,,,,,,
Joseph Mizell,,1355,,,8435633912,,,,101 Whetsell St,,Reevesville,SC,29471,,,,,,,,,No,,,,,,,,,,,,,,,,,,,,,,,,,,,,,
Joseph Nester,,696,,,8037077006,,,,656 Bass Drive,PO Box 68,Santee,SC,29142,,,,,,,,,No,,,,,,,,,,,,,,,,,,,,,,,,,,,,,
Joseph Newman,,574,,,8034923587,,,,1150 St. Julien Dr.,,Eutawville,SC,29048,,,,,,,,,No,,,,,,,,,,,,,,,,,,,,,,,,,,,,,
Joseph Newman,,393,,,8034923387,,,,1150 St. Julien Dr.,,Eutawville,SC,29048,,,,,,,,,No,,,,,,,,,,,,,,,,,,,,,,,,,,,,,
Joseph Rambo,,1696,,,8038542598,,,,220 Cooper Dr,,Santee,SC,29142,,,,,,,"#fiberCustomer, #residential",,No,,,,,,,,,,,,,,,,,,,,,,,,,,,,,
Joseph Rush,,4779,,,7577513009,,,,135 Loblolly Ct,,Elloree,SC,29047,,,,,,,,,No,,,,,,,,,,,,,,,,,,,,,,,,,,,,,
Joseph Sinsigalli,,1840,,,8038543750,,,,326 Oak Hollow Dr,,Santee,SC,,,,,,,,,,No,,,,,,,,,,,,,,,,,,,,,,,,,,,,,
Joseph Williams,,8333,Joseph,Williams,(843) 599-5812,WilliamsJoey741@gmail.com,,,177 William Clark Blvd,,Santee,South Carolina,29142,,,,,,,,,Yes,,,,,,,,,,,,,,,,,,,,,,,,,,,,,
Joseph Wiseman,,8686,Joseph,Wiseman,(843) 693-7884,wisemanjeff3232@gmail.com,,,616 Perch Ln,,Santee,South Carolina,29142-9525,,,,,,,,,Yes,,,,,,,,,,,,,,,,,,,,,,,,,,,,,
Josephine Tapia,,2266,,,8134784927,,,,1841 Colonial Ct,,Orangeburg,SC,29115,,,,,,,,,No,,,,,,,,,,,,,,,,,,,,,,,,,,,,,
Josh Brooks,,3638,,,,,,,222 Ibis Point Road,,Santee,SC,29142,,,,,,,,,No,,,,,,,,,,,,,,,,,,,,,,,,,,,,,
Josh Carrick,,8210,Josh ,Carrick,(843) 424-7941,joshbcarrick@gmail.com,,,615 Ballard Lane,,Santee,SC,29142,,,,,,,,,Yes,,,,,,,,,,,,,,,,,,,,,,,,,,,,,
Josh Detter,,6080,Josh,Detter,(803) 759-0659,,,Home,1319 Bennett Circle,,Holly Hill,SC,29059,,,,,,,,,Yes,,,,,,,,,,,,,,,,,,,,,,,,,,,,,
Josh Herron,,8569,Josh,Herron,(803) 682-4111,jherron@mcteng.com,,,108 Wateree Anx,,Santee,South Carolina,29142-9310,,,,,,,,,Yes,,,,,,,,,,,,,,,,,,,,,,,,,,,,,
Josh Johnson,,4193,,,8036826040,,,,9508 old state road,,Cameron,SC,,,,,,,,,,No,,,,,,,,,,,,,,,,,,,,,,,,,,,,,
Josh Nexsen,,5233,,,8037075953,,,,536 Stanley ,,Orangeburg,SC,29115,,,,,,,,,No,,,,,,,,,,,,,,,,,,,,,,,,,,,,,
Joshana Robinson,,5003,,,8438199980,,,,129 Topeka Ln,,Holly Hill,SC,29059,,,,,,,,,No,,,,,,,,,,,,,,,,,,,,,,,,,,,,,
Joshua Baptist Church,,3641,Ethal,Jones,8034993668,,,,,,,,,,,,,,,,,No,,,,,,,,,,,,,,,,,,,,,,,,,,,,,
Joshua Davis,,4083,,,8035363094,,,,741 Bramble Lane,,Orangeburg,SC,29115,,,,,,,,,No,,,,,,,,,,,,,,,,,,,,,,,,,,,,,
Joshua Fuller,,1416,,,8037599332,,,,2291 Toney Bay Road,,Holly Hill,SC,29059,,,,,,,,,No,,,,,,,,,,,,,,,,,,,,,,,,,,,,,
Joshua McDonald,,4575,Joshua,McDonald,(803) 671-2089,,,,600 Collins ave,,Barnwell,SC,29812,,,,,,,,,No,,,,,,,,,,,,,,,,,,,,,,,,,,,,,
Joshua Minchew,,3727,,,9129802127,,,,149 Saluda Dr,,Santee,SC,29142,,,,,,,"#fiberCustomer, #residential",,No,,,,,,,,,,,,,,,,,,,,,,,,,,,,,
Joshua Morrow,,5684,Joshua,Morrow,(803) 394-1156,,,,95 Saluda Dr,,,,,Joshua,Morrow,8038543151,gamecock723@ntinet.com,,,"#fiberCustomer, #residential, #fiberCustomer, #residential",,No,,,,,,,,,,,,,,,,,,,,,,,,,,,,,
Joshua Rodgers,,8646,Joshua,Rodgers,(843) 992-1396,bucslife15@yahoo.com,,,111 Cypress Hollow Way,,Santee,South Carolina,29142,,,,,,,,,Yes,,,,,,,,,,,,,,,,,,,,,,,,,,,,,
Joshua S. Matthews ,,2508,,,8038293380,,,,503 baxley rd,,Bowman,SC,,,,,,,,,,No,,,,,,,,,,,,,,,,,,,,,,,,,,,,,
Joshua Still,,5884,Joshua ,Still,(803) 621-1596,,,,514 Tracy Street,,Barnwell,SC,29182,,,,,,,,,Yes,,,,,,,,,,,,,,,,,,,,,,,,,,,,,
Joshua Taylor,,8450,Joshua,Taylor,(401) 639-5408,jtaylor4@cox.net,,Rental,177 Ballard Ln,177,Santee,South Carolina,29142-8565,,,,,,,,,Yes,,,,,,,,,,,,,,,,,,,,,,,,,,,,,
Joshua Wade,,8505,Joshua,Wade,(336) 380-4769,joshshwade@gmail.com,,,629 Perch Ln,,Santee,SC,29142,,,,,,,,,Yes,,,,,,,,,,,,,,,,,,,,,,,,,,,,,
Josuan Nieves,,5428,Josuan,Nieves,8435303103,,,,428 Santee dr,,Santee,SC,,,,,,,,"#fiberCustomer, #residential",,No,,,,,,,,,,,,,,,,,,,,,,,,,,,,,
Jovan Ackiss,,1393,,,8035365529,,,,1222 Brickle St.,,Orangeburg ,SC,29118,,,,,,,,,No,,,,,,,,,,,,,,,,,,,,,,,,,,,,,
Jovonna Lewis,,3546,,,8033786236,,,,1191 Hutto St,,Orangeburg,SC,,,,,,,,,,No,,,,,,,,,,,,,,,,,,,,,,,,,,,,,
Joy & Roy Artlip,,2750,,,8038549704,,,,119 Rhett Court,,Santee,SC,29142,,,,,,,,,No,,,,,,,,,,,,,,,,,,,,,,,,,,,,,
Joy Birch,,2421,,,8037079666,,,,157 Stardust Lane,,Eutawville,SC,29048,,,,,,,,,No,,,,,,,,,,,,,,,,,,,,,,,,,,,,,
Joy Davis,,5829,,,8036068191,,,,3004 Tee Vee Road,,Santee,SC,29142,,,,,,,,,No,,,,,,,,,,,,,,,,,,,,,,,,,,,,,
Joy Godwin,,8168,Joy,Godwin,(803) 747-6619,JKWill127@gmail.com,,,5306 Cameron Road,,Cameron,SC,29030,,,,,,,,,Yes,,,,,,,,,,,,,,,,,,,,,,,,,,,,,
Joy Porter,,4977,,,,,,,1126 Hickory Hill Rd,,Orangeburg,SC,29115,,,,,,,,,No,,,,,,,,,,,,,,,,,,,,,,,,,,,,,
Joy Sewell,,366,,,8034965161,,,,1123 Carolina Ave,,Holly Hill,SC,29059,,,,,,,,,No,,,,,,,,,,,,,,,,,,,,,,,,,,,,,
Joyce Baker,,5473,,,8034103182,,,,141 Torch Rd,,Eutawville,SC,29048,,,,,,,,,No,,,,,,,,,,,,,,,,,,,,,,,,,,,,,
Joyce Branch,,6057,Joyce,Branch,(843) 475-1655,,,,153 Saluda Drive,,Santee,SC,29142,,,,,,,"#fiberCustomer, #residential",,Yes,,,,,,,,,,,,,,,,,,,,,,,,,,,,,
Joyce Brown,,2329,,,8039719859,,,,221 Memory Ln,,Eutawville,SC,29048,,,,,,,,,No,,,,,,,,,,,,,,,,,,,,,,,,,,,,,
Joyce Canty,,1641,,,8038972974,,,,106 Cream Puff Circle,,,SC,,,,,,,,,,No,,,,,,,,,,,,,,,,,,,,,,,,,,,,,
Joyce Fogle,,3023,Joyce,Fogle,(803) 878-1450,,,,254 Boo Circle,,Santee,SC,29142,,,,,,,,,No,,,,,,,,,,,,,,,,,,,,,,,,,,,,,
Joyce Foxworth,,3865,,,8035314510,,,,1000 Methodist Oaks Drive,,Orangeburg,SC,29116,,,,,,,,,No,,,,,,,,,,,,,,,,,,,,,,,,,,,,,
Joyce Hendley,,3019,Joyce,Hendley,8036824453,,,,275 Louise Drive,,Orangeburg,SC,29115,,,,,,,,,No,,,,,,,,,,,,,,,,,,,,,,,,,,,,,
Joyce Phillips,,2111,,,8033084020,,,,130 Sunset Dr,,Elloree,SC,29047,,,,,,,,,No,,,,,,,,,,,,,,,,,,,,,,,,,,,,,
Joyce Watts,,2276,,,8036557794,,,,7515 Columbia Rd,,St. Matthews ,SC,29115,,,,,,,,,No,,,,,,,,,,,,,,,,,,,,,,,,,,,,,
Joylynn Jarman,,8632,Joylynn,Jarman,(843) 714-7162,jjoylynn@gmail.com,,,29 Andre Michaux Rd,,Santee,South Carolina,29142-8303,,,,,,,,,Yes,,,,,,,,,,,,,,,,,,,,,,,,,,,,,
JP Sibley,,5631,,,8037474935,,,,541 Broughton Street,,Orangeburg,SC,29118,,,,,,,,,No,,,,,,,,,,,,,,,,,,,,,,,,,,,,,
JT Greene,,3777,JT,Greene,8435638361,,,,117 Greene Dr,,St George,SC,29477,,,,,,,,,No,,,,,,,,,,,,,,,,,,,,,,,,,,,,,
JT Yates Electric Service,,4011,,,9103318484,,,,401 Ballards Lane,,Santee,SC,29142,,,,,,,,,No,,,,,,,,,,,,,,,,,,,,,,,,,,,,,
Juanita & Albert Davis,,1923,,,8038291276,,,,210 Moss st,,Bowman,SC,29018,,,,,,,,,No,,,,,,,,,,,,,,,,,,,,,,,,,,,,,
Juanita Asbury,,4135,,,8035968865,,,,253 Whittaker Parkway,,Orangeburg,SC,29115,,,,,,,,,No,,,,,,,,,,,,,,,,,,,,,,,,,,,,,
Juanita Carter,,868,,,8038292431,,,,6122 Charleston Hwy,,Bowman,SC,29018,,,,,,,,,No,,,,,,,,,,,,,,,,,,,,,,,,,,,,,
Juanita Davis,,2944,,,8035312213,,,,808 Big Buck Blvd,,Orangeburg,SC,29115,,,,,,,,,No,,,,,,,,,,,,,,,,,,,,,,,,,,,,,
Juanita Mabry,,330,,,8034969341,,,,153 Anoka Dr.,,Vance,SC,29163,,,,,,,,,No,,,,,,,,,,,,,,,,,,,,,,,,,,,,,
Juanita Riggins,,4170,Juanita,Riggins,(803) 974-0857,,,,141 Congaree Ct.,,Santee,SC,29142,,,,,,,,,No,,,,,,,,,,,,,,,,,,,,,,,,,,,,,
Juanita Solone,,6178,,,(803) 347-8943,,,,206 Golden Star Road,,Santee,SC,29142,,,,,,,,,Yes,,,,,,,,,,,,,,,,,,,,,,,,,,,,,
Juanita Taylor,,8110,Juanita,Taylor,(843) 412-2656,,,,145 Saluda Dr,,Santee,SC,29142,,,,,,,,,Yes,,,,,,,,,,,,,,,,,,,,,,,,,,,,,
Juanita Watson,,2542,,,8038239048,,,,169 Oak View Rd,,Cameron,SC,29030,,,,,,,,,No,,,,,,,,,,,,,,,,,,,,,,,,,,,,,
Judges Quarters Restraunt,,3884,,,8036624382,,,,1046 John C Calhoun Drive,,Orangeburg,SC,,,,,,,,,,No,,,,,,,,,,,,,,,,,,,,,,,,,,,,,
Judith Geier,,8165,Judith,Geier,(413) 563-4067,JudithLynnG@Yahoo.com,,,223 Cooper Drive,,Santee,SC,29142,,,,,,,,,Yes,,,,,,,,,,,,,,,,,,,,,,,,,,,,,
Judith Lynn Wingard            ,,5454,Judith,Lynn Wingard            ,8032583991,,,,178 Wakefield dr ,,Nesses,SC,,Judith,Wingard,(803) 603-5569,,,,,,No,,,,,,,,,,,,,,,,,,,,,,,,,,,,,
Judith Skolnick,,2591,,,2014462859,,,,112 Saluda Dr,,Santee,SC,29142,,,,,,,"#fiberCustomer, #residential",,No,,,,,,,,,,,,,,,,,,,,,,,,,,,,,
Judith Wagenner,,8213,Judith,Wagenner,(443) 562-6607,charlestongirl21225@yahoo.com,,,125 William Clark Boulevard,,Santee,SC,29142,Judith,Waggener,(443) 562-6607,,,,,,Yes,,,,,,,,,,,,,,,,,,,,,,,,,,,,,
Judy Aiken,,2541,,,8033081020,,,,1077 Cinnabar Rd,,Bowman,SC,29018,,,,,,,,,No,,,,,,,,,,,,,,,,,,,,,,,,,,,,,
Judy Axson,,1913,,,8038972608,,,,5026 Five Chop Rd,,Cameron,SC,29030,,,,,,,,,No,,,,,,,,,,,,,,,,,,,,,,,,,,,,,
Judy Berry,,2894,,,8435631127,,,,678 Friendship rd,,Reevesville,SC,29471,,,,,,,,,No,,,,,,,,,,,,,,,,,,,,,,,,,,,,,
Judy Bonnette,,1223,,,8035310170,,,,132 Sylvan Ave,,Orangeburg,SC,29115,,,,,,,,,No,,,,,,,,,,,,,,,,,,,,,,,,,,,,,
Judy Bouldrick,,5018,,,8033470941,,,,432 Bay Street,,Elloree,SC,29047,,,,,,,,,No,,,,,,,,,,,,,,,,,,,,,,,,,,,,,
Judy Coyle,,3823,Judy,Coyle,(803) 534-4388,,,,215 Club Acres Blvd,,Orangeburg,SC,29118,,,,,,,,,No,,,,,,,,,,,,,,,,,,,,,,,,,,,,,
Judy Cusack,,3043,,,8035637613,,,,6701 Johnston Ave,,Reevesville,SC,,,,,,,,,,No,,,,,,,,,,,,,,,,,,,,,,,,,,,,,
Judy Dyches,,3435,,,8035361149,,,,1895 Middleton St,,Orangeburg,SC,29115,,,,,,,,,No,,,,,,,,,,,,,,,,,,,,,,,,,,,,,
Judy Rosbach,,6223,Judy,Rosbach,(570) 772-3722,,,Santee Home,14 Andre Michaux Road,,Santee,SC,29142,,,,,,,,,Yes,,,,,,,,,,,,,,,,,,,,,,,,,,,,,
Judy S. White,,5855,Judy,S. White,8039749214,,,,242 Fargo Street,,Santee,SC,29142,,,,,,,,,No,,,,,,,,,,,,,,,,,,,,,,,,,,,,,
Judy Sprouse,,4698,,,8035346651,,,,423 Wisp Road,,Neeses,SC,29107,,,,,,,,,No,,,,,,,,,,,,,,,,,,,,,,,,,,,,,
Judy's Electric Inc.,,614,Bonnie,.,8435635385,,,,757 Friendship Rd,,Reevesville,SC,29471,,,,,,,,,No,,,,,,,,,,,,,,,,,,,,,,,,,,,,,
Julain Robinson,,1502,,,8034967765,,,,129 Topeka Ln.,,Holly Hill,SC,29059,,,,,,,,,No,,,,,,,,,,,,,,,,,,,,,,,,,,,,,
Julain Weathers,,5181,,,4049854589,,,,6420 Old Number Six Hwy,,Elloree,SC,29115,,,,,,,,,No,,,,,,,,,,,,,,,,,,,,,,,,,,,,,
Julia Bailey,,1636,,,8034961013,,,,1073 Bayview St,,Holly Hill ,SC,29059,,,,,,,,,No,,,,,,,,,,,,,,,,,,,,,,,,,,,,,
Julia Lambert,,2358,,,8038972135,,,,435 Ulmer St.,,Elloree,SC,29047,,,,,,,,,No,,,,,,,,,,,,,,,,,,,,,,,,,,,,,
Julia Polous,,3472,,,8039424299,,,,310 First St,,Santee,SC,29142,,,,,,,,,No,,,,,,,,,,,,,,,,,,,,,,,,,,,,,
Julian Biering,,2188,,,8034967038,,,,3731 Vance Rd,,Holly Hill,SC,29059,,,,,,,,,No,,,,,,,,,,,,,,,,,,,,,,,,,,,,,
Julian Jenkins,,8613,Julian,Jenkins,(803) 974-5226,Julian.jenkins1@icloud.com,,,649 Perch Ln,,Santee,South Carolina,29142,Deirdre,,,,Girlfriend,,,,Yes,,,,,,,,,,,,,,,,,,,,,,,,,,,,,
Julian Pou,,3241,,,8035344482,,,,363 Wisp Rd,,Neeses,SC,29107,,,,,,,,,No,,,,,,,,,,,,,,,,,,,,,,,,,,,,,
Julian Robinson,,2283,,,8435180534,,,,129 Topeka Ln,,Holly Hill,SC,29059,,,,,,,,,No,,,,,,,,,,,,,,,,,,,,,,,,,,,,,
Julie Bruner,,4416,,,8033473642,,,,950 Chestnut St,,Orangeburg,SC,29115,,,,,,,,,No,,,,,,,,,,,,,,,,,,,,,,,,,,,,,
Julie Carter,,5137,,,8437016750,,,,104 Whetsell st,,Reevesville,SC,,,,,,,,,,No,,,,,,,,,,,,,,,,,,,,,,,,,,,,,
Julie Irick,,7868,Julie,Irick,(803) 707-1867,,,,1237 Sheppard Rd,,Orangeburg,SC,29118,,,,,,,,,Yes,,,,,,,,,,,,,,,,,,,,,,,,,,,,,
Julie Nelson,,6059,Julie,Nelson,(828) 808-3372,,,,7027 Vance Road,,Bowman,SC,29018,,,,,,,,,Yes,,,,,,,,,,,,,,,,,,,,,,,,,,,,,
Julie Riley,,987,,,8035352627,,,,445 Pin Oak St,,Orangeburg,SC,29115,,,,,,,,,No,,,,,,,,,,,,,,,,,,,,,,,,,,,,,
Julie Rollison,,460,Julie,Rollison,8038298217,,,,6461 Old State Road            ,,Holly Hill,SC,29059,,,,,,,,,No,,,,,,,,,,,,,,,,,,,,,,,,,,,,,
Julie Smith,,5900,Julie ,Smith,(843) 263-3919,,,,9075 Old Number Six Hwy,,Santee,SC,29142,,,,,,,,,Yes,,,,,,,,,,,,,,,,,,,,,,,,,,,,,
Julie Sutherland,,5008,Julie,Sutherland,8438133976,,,,115 Cooper Circle,,Santee,SC,29142,,,,,,,"#fiberCustomer, #residential",,No,,,,,,,,,,,,,,,,,,,,,,,,,,,,,
Juliet Palmer,,1496,,,8038543636,,,,118 Sanka Ct,,Santee,SC,29142,,,,,,,,,No,,,,,,,,,,,,,,,,,,,,,,,,,,,,,
Juliette Prophit,,5635,,,8036642738,,,,1315 Jackson Belt Rd,,Holly Hill,SC,,,,,,,,,,No,,,,,,,,,,,,,,,,,,,,,,,,,,,,,
Junae Walker,,5998,Junae,Walker,(803) 759-1012,,,,158 Restwood Court,,Santee,SC,29142,,,,,,,,,Yes,,,,,,,,,,,,,,,,,,,,,,,,,,,,,
Justice Beach,,4074,,,8038373166,,,,751 Midway Rd,,Elloree,SC,29047,,,,,,,,,No,,,,,,,,,,,,,,,,,,,,,,,,,,,,,
Justin Branch,,2137,Justin,Branch,8435601070,,,,101 Main St.,,Reevesville,SC,29471,,,,,,,,,No,,,,,,,,,,,,,,,,,,,,,,,,,,,,,
Justin Brown,,5400,Justin,Brown,(505) 359-9046,justintbrown1991@gmail.com,,,118 Shuler st ,,Santee,SC,29142,,,,,,,"#residential, #fiberCustomer",,No,,,,,,,,,,,,,,,,,,,,,,,,,,,,,
Justin Caskey,,562,,,8435141247,,,,5439 Old Number 6 Hwy,,Elloree,SC,29047,,,,,,,,,No,,,,,,,,,,,,,,,,,,,,,,,,,,,,,
Justin Clamp,,2646,,,8037070125,,,,149 Langlay Rd,,Orangeburg,SC,29115,,,,,,,,,No,,,,,,,,,,,,,,,,,,,,,,,,,,,,,
Justin Gandy,,3198,,,8436176950,,,,145 Ballards Lane,,Santee,SC,29412,,,,,,,,,No,,,,,,,,,,,,,,,,,,,,,,,,,,,,,
Justin Lockwood,,8496,Justin,Lockwood,(631) 807-9594,,,,317 Parklane drive,,Santee,SS,29142,,,,,,,,,Yes,,,,,,,,,,,,,,,,,,,,,,,,,,,,,
Justin Miller,,5039,Justin,Miller,(764) 837-0464,,,,764 Santee River Road,,Santee ,SC,,,,,,,,,,No,,,,,,,,,,,,,,,,,,,,,,,,,,,,,
Justin Polito,,8599,Justin,Polito,(804) 512-5489,Jpoliti98@gmail.com,,,119 Wateree Dr,,Santee,South Carolina,29142-9307,,,,,,,,,Yes,,,,,,,,,,,,,,,,,,,,,,,,,,,,,
Justin Reynolds,,3303,,,8033470530,,,,410 santee dr,,,,,,,,,,,"#fiberCustomer, #residential",,No,,,,,,,,,,,,,,,,,,,,,,,,,,,,,
Justin Sherrill,,7993,Justin,Sherrill,(843) 909-0956,,,,419 Ballard Lane,419,Santee,SC,29142,Justin,Sherril,(843) 549-6663,,,,,,Yes,,,,,,,,,,,,,,,,,,,,,,,,,,,,,
Justin Steadman,,4749,,,8033001245,,,,4239 Galilee Rd,,Barnwell,SC,29812,,,,,,,,,No,,,,,,,,,,,,,,,,,,,,,,,,,,,,,
Justin Wise,,4954,,,7402191762,,,,1109 Peake Street,,Holly Hill,SC,,,,,,,,,,No,,,,,,,,,,,,,,,,,,,,,,,,,,,,,
Juston Wimberly,,5732,Juston,Wimberly,8646530151,,,,104 Whetsell Street,,Reevesville,SC,29471,,,,,,,,,No,,,,,,,,,,,,,,,,,,,,,,,,,,,,,
Juvonda Jackson,,6274,Juvonda,Jackson,(551) 689-8163,juvondaj@gmail.com,,Home,70 Hunters Path,,Santee,SC,29142,,,,,,,"#fiberCustomer, #residential",,Yes,,,,,,,,,,,,,,,,,,,,,,,,,,,,,
Kacey Smith,,4277,Kacey,Smith,(803) 664-0573,,,,320 Harvest Drive,,Cameron,SC,29030,,,,,,,,,No,,,,,,,,,,,,,,,,,,,,,,,,,,,,,
Kacey Smith,,487,,,8038542310,,,,670 Plantation Dr  ,,Santee,SC,29142,,,,,,,,,No,,,,,,,,,,,,,,,,,,,,,,,,,,,,,
Kaitlyn Beach,,6305,Kaitlyn,Beach,(803) 974-0125,,,,50 Thunder Circle,,Santee,SC,29142,,,,,,,"#fiberCustomer, #residential",,Yes,,,,,,,,,,,,,,,,,,,,,,,,,,,,,
Kaitlyn Sawyer,,5340,,,8039740125,,,,24 santee lake ct,,Elloree,SC,,,,,,,,,,No,,,,,,,,,,,,,,,,,,,,,,,,,,,,,
Kaiya Elliott,,5912,Kaiya ,Elliott,(803) 290-0147,,,,280 Corn Street,,Bowman,SC,,,,,,,,,,Yes,,,,,,,,,,,,,,,,,,,,,,,,,,,,,
Kandy & Bobby Platt,,8113,Bobby,Platt,(304) 813-0050,bobbyplatt1979@gmail.com,,Home,23 Andre Michaux Road,,Santee,SC,29142,,,,,,,,,Yes,,,,,,,,,,,,,,,,,,,,,,,,,,,,,
Kandy Rudd,,4332,Kandy,Rudd,(803) 465-3876,,,,164 Kurtfan Ln,,Norway,SC,29113,,,,,,,,,No,,,,,,,,,,,,,,,,,,,,,,,,,,,,,
Kanifha Kinley,,5135,,,8039749888,,,,914 Hampton st,,Elloree,SC,,,,,,,,,,No,,,,,,,,,,,,,,,,,,,,,,,,,,,,,
Karen Anderson,,6111,Karen,Anderson,(843) 442-2957,,,,609 Ballard Lane,,Santee,SC,29142,,,,,,,,,Yes,,,,,,,,,,,,,,,,,,,,,,,,,,,,,
Karen Buchanan,,5265,Karen,Buchanan,2347599088,,,,235 Parklane dr,,Santee,SC,,,,,,,,"#fiberCustomer, #residential",,No,,,,,,,,,,,,,,,,,,,,,,,,,,,,,
Karen Griffin,,5196,,,8039749608,,,,148 Beckett dr,,Ellloree,SC,29047,,,,,,,,,No,,,,,,,,,,,,,,,,,,,,,,,,,,,,,
Karen Griffith,,617,,,8038292615,,,,P O Box 247,7018 Charleston Hwy,Bowman,SC,,,,,,,,,,No,,,,,,,,,,,,,,,,,,,,,,,,,,,,,
Karen Herrera,,8511,Karen,Herrera,(862) 247-5160,HKarenkenyon@gmail.com,,,121 Lakeland Cir,A1,Santee,South Carolina,29142-9600,Tamara,Robinson,(803) 759-5460,tamararob95@gmail.com,,,,,Yes,,,,,,,,,,,,,,,,,,,,,,,,,,,,,
Karen Kuester,,4292,,,4784550927,,,,11 Sandy Meadow Ln,,Barnwell,SC,29812,,,,,,,,,No,,,,,,,,,,,,,,,,,,,,,,,,,,,,,
Karen L White,,8082,Karen,White,(781) 234-5257,klwhite56@yahoo.com,,,140 Par Court,,Santee,SC,29142,,,,,,,,,Yes,,,8003,,,,,,,,,,,,,,,,,,,,,,,,,,
Karen Murley,,8420,Karen,Murley,(803) 854-4299,kmurley8@gmail.com,,,520 Plantation Dr,,Santee,South Carolina,29142-9468,,,,,,,,,Yes,,,8262,,,,,,,,,,,,,,,,,,,,,,,,,,
Karen Murray ,,4501,,,8433645217,,,,1719 Cleveland st ,,Elloree,,29047,,,,,,,,,No,,,,,,,,,,,,,,,,,,,,,,,,,,,,,
Karen O Wimberly,,2651,,,8038293360,,,,7051 Vance Rd,,Bowman,SC,,,,,,,,,,No,,,,,,,,,,,,,,,,,,,,,,,,,,,,,
Karen Peek,,8470,Karen,Peek,(843) 270-1586,karenrpeek@gmail.com,,,433 Santee Dr,,Santee,South Carolina,29142-9304,,,,,,,,,Yes,,,8307,,,,,,,,,,,,,,,,,,,,,,,,,,
Karen Robinson,,3910,,,8032680348,,,,1221 Glen Robinson Street,,Orangeburg,SC,29115,,,,,,,,,No,,,,,,,,,,,,,,,,,,,,,,,,,,,,,
Karen Snodgrass,,5564,,,8033470343,,,,2433 Norway SC,,Bolen Town,SC,29115,,,,,,,,,No,,,,,,,,,,,,,,,,,,,,,,,,,,,,,
Karen Spahr,,5870,Karen,Spahr,(717) 379-8068,,,,215 Cooper Drive,,Santee,SC,29142,,,,,,,"#fiberCustomer, #residential",,No,,,7585,,,,,,,,,,,,,,,,,,,,,,,,,,
Karen Stokes,,1523,Karen,Stokes,8037475657,,,,204 Haigler St,,Elloree,SC,29047,,,,,,,,,No,,,,,,,,,,,,,,,,,,,,,,,,,,,,,
Karen Stroman,,2974,,,8033085149,,,,843 stilton rd,,Orangeburg,SC,29118,,,,,,,,,No,,,,,,,,,,,,,,,,,,,,,,,,,,,,,
Karen Summers,,3416,,,8037470834,,,,7910 old state rd,,Cameron ,SC,29030,,,,,,,,,No,,,,,,,,,,,,,,,,,,,,,,,,,,,,,
Karen Swofford,,4549,,,8647064433,,,,404 Whetsell St,,Reevesville,SC,29471,,,,,,,,,No,,,,,,,,,,,,,,,,,,,,,,,,,,,,,
Karen Todd,,861,Karen,Todd,(610) 888-1371,ktodd@dca.net,,,446 Santee Dr.,,Santee,SC,29142,,,,,,,"#fiberCustomer, #residential",,No,,,,,,,,,,,,,,,,,,,,,,,,,,,,,
Karen Washington,,5813,,,8035964732,,,,105 Pigford Court,,Neeses,SC,,,,,,,,,,No,,,,,,,,,,,,,,,,,,,,,,,,,,,,,
Karla Hood,,4584,,,8033786147,,,,1910 TeeVee Road,,Elloree,SC,29047,,,,,,,,,No,,,,,,,,,,,,,,,,,,,,,,,,,,,,,
Karla McCormick,,8638,Carla,McCormick,(719) 452-9777,mgmccormick@yahoo.com,,,161 Ballards Ln,,Santee,SC,29142,,,,,,,,,Yes,,,,,,,,,,,,,,,,,,,,,,,,,,,,,
Karmen Kennerly,,1212,,,8036821922,,,,115 Whistling Swan Rd,,Elloree,SC,29047,,,,,,,,,No,,,,,,,,,,,,,,,,,,,,,,,,,,,,,
Karol Williames ,,4720,,,8032901529,,,,1725 myers rd orangeburg sc ,,,,,,,,,,,,,No,,,,,,,,,,,,,,,,,,,,,,,,,,,,,
Karon Hopkins,,4525,,,8036443079,,,,967 Chitwood st,,Orangeburg ,SC,29115,,,,,,,,,No,,,,,,,,,,,,,,,,,,,,,,,,,,,,,
Karri Parren,,2478,Karri,Parren,8038291780,,,,111 Oliver St,,Bowman,SC,29018,,,,,,,,,No,,,6186,,,,,,,,,,,,,,,,,,,,,,,,,,
Kashawna Bonaparte,,6211,Kashawna,Bonaparte,(803) 614-9723,,,,1078 Eutaw Street,,Orangeburg,SC,29115,,,,,,,,,Yes,,,,,,,,,,,,,,,,,,,,,,,,,,,,,
Kate Maria,,4966,,,8037078147,,,,9715 Old State rd,,Camron ,SC,,,,,,,,,,No,,,,,,,,,,,,,,,,,,,,,,,,,,,,,
Katharine Taylor,,5649,Katharine,Taylor,(757) 632-5209,,,,205 Green St,,Santee,SC,29142,,,,,,,"#fiberCustomer, #residential",,No,,,7495,,,,,,,,,,,,,,,,,,,,,,,,,,
Katheen Smith,,4704,,,8065701662,,,,865 County Road,,Bowman,SC,,,,,,,,,,No,,,,,,,,,,,,,,,,,,,,,,,,,,,,,
Katherine Funderburk,,2645,,,8505171659,,,,1050 Myrtle Dr,,Santee,SC,29142,,,,,,,,,No,,,,,,,,,,,,,,,,,,,,,,,,,,,,,
Katherine Jamison,,5071,Katherine,Jamison,(940) 882-9600,,,,440 Santee dr,,Santee,SC,,,,,,,,"#fiberCustomer, #residential",,No,,,,,,,,,,,,,,,,,,,,,,,,,,,,,
Katherine Matthews,,3022,,,8038292381,,,,491 Baxley Rd,,Bowman,SC,29018,,,,,,,,,No,,,,,,,,,,,,,,,,,,,,,,,,,,,,,
Kathleen Carey,,4834,,,8038540058,,,,153 Misty Woods Dr,,Elloree,SC,29047,,,,,,,,,No,,,,,,,,,,,,,,,,,,,,,,,,,,,,,
Kathleen Held,,6039,Kathleen,Held,(843) 834-2500,khinsc@bellsouth.net,,,314 Santee Drive,,Santee,SC,29142,Mark,Held,(843) 834-3807,,,,"#fiberCustomer, #residential",,Yes,,,,,,,,,,,,,,,,,,,,,,,,,,,,,
Kathleen Huntington,,8372,Kathleen,Huntington,(203) 733-1782,kathleen.huntington@yahoo.com,,,21 Peter Collinson Rd,,Santee,South Carolina,29142-8300,,,,,,,,,Yes,,,8225,,,,,,,,,,,,,,,,,,,,,,,,,,
Kathleen King & Patrick Stewart,,2770,,,8034637812,,,,208 Trillian Ct,,Santee,SC,29142,,,,,,,,,No,,,,,,,,,,,,,,,,,,,,,,,,,,,,,
Kathleen Mcknight,,5341,Kathleen,Mcknight,8033477770,,,,106 Cooper Dr,,Santee,SC,29142,,,,,,,"#fiberCustomer, #residential",,No,,,7356,,,,,,,,,,,,,,,,,,,,,,,,,,
Kathleen Thomas,,2600,Kathleen,Thomas,(843) 870-8294,,,,607 Santee Dr,,Santee ,SC,29142,,,,,,,"#fiberCustomer, #residential",,No,,,6246,,,,,,,,,,,,,,,,,,,,,,,,,,
Kathryn Hughes,,1981,,,8037079300,,,,525 Willington Dr,,Orangeburg,SC,29118,,,,,,,,,No,,,,,,,,,,,,,,,,,,,,,,,,,,,,,
Kathryn Lancaster,,3873,Kathryn,Lancaster,(803) 308-2779,,,,465 Woodland Terrace,,Elloree,SC,29042,,,,,,,,,No,,,6820,,,,,,,,,,,,,,,,,,,,,,,,,,
Kathryn Metts ,,5648,,,8035348336,,,,4506 Cannon Bridge Road,,Cope,SC,29038,,,,,,,,,No,,,,,,,,,,,,,,,,,,,,,,,,,,,,,
Kathryn Owens,,7891,Kathryn,Owens,(301) 502-9654,Aowens0914@verizon.net,,,385 Ballard Lane,385,Santee,SC,29142,,,,,,,,,Yes,,,,,,,,,,,,,,,,,,,,,,,,,,,,,
Kathryn Roberts,,1377,,,8038972547,,,,525 Pickett level Rd,,Elloree,SC,29047,,,,,,,,,No,,,,,,,,,,,,,,,,,,,,,,,,,,,,,
Kathy Bidinger,,2664,Kathy,Bidinger,(803) 378-1656,,,,306 Santee Dr ,,Santee,SC,29142,,,,,,,"#fiberCustomer, #residential",,No,,,5723,,,,,,,,,,,,,,,,,,,,,,,,,,
Kathy Brown,,3307,,,8597716868,,,,10010 marion dr,,Santee,SC,,,,,,,,,,No,,,,,,,,,,,,,,,,,,,,,,,,,,,,,
Kathy Budjanec,,8255,Kathy,Budjanec,(412) 638-4217,kbudjanec@yahoo.com,,,8 Peter Collinson Road,,Santee,SC,29142,,,,,,,,,Yes,,,8144,,,,,,,,,,,,,,,,,,,,,,,,,,
Kathy Casey,,1727,,,8039379535,,,,470 Santee Drive,,Santee,SC,,,,,,,,"#fiberCustomer, #residential",,No,,,,,,,,,,,,,,,,,,,,,,,,,,,,,
Kathy Chaplin,,3265,,,8036640588,,,,2120 Lakeside Dr,,Orangeburg,SC,,,,,,,,,,No,,,,,,,,,,,,,,,,,,,,,,,,,,,,,
Kathy Cooper,,7819,Kathy,Cooper,(518) 858-6808,,,,239 Green Street,,Santee,SC,29142,,,,,,,"#fiberCustomer, #residential",,Yes,,,7829,,,,,,,,,,,,,,,,,,,,,,,,,,
Kathy E. Thompson,,2713,,,8034963036,,,,4221 Old State Rd,,Santee,SC,29142,,,,,,,,,No,,,,,,,,,,,,,,,,,,,,,,,,,,,,,
Kathy Fersner,,8365,Kathy,Fersner,(803) 534-2385,,,,1000 Methodist Oaks Dr,Walsh 203,Orangeburg,South Carolina,29115-1815,,,,,,,,,Yes,,,,,,,,,,,,,,,,,,,,,,,,,,,,,
Kathy Goodwin,,8658,Kathy,Goodwin,(803) 707-5367,,,,925 Riverside Dr,,Orangeburg,South Carolina,29115-5336,,,,,,,,,Yes,,,,,,,,,,,,,,,,,,,,,,,,,,,,,
Kathy Grantham,,2096,,,8034967740,,,,256 Salisberry Rd,,Holly Hill,SC,29059,,,,,,,,,No,,,,,,,,,,,,,,,,,,,,,,,,,,,,,
Kathy Higgenbotham,,8685,Kathy,Higgenbotham,(910) 622-8481,higgenbotham5578@aol.com,,,125 Cooper Dr,,Santee,South Carolina,29142-9318,,,,,,,,,Yes,,,,,,,,,,,,,,,,,,,,,,,,,,,,,
Kathy Huffman,,8584,Kathy,Huffman,(803) 707-0290,,,,,,,,,,,,,,,,,Yes,,,,,,,,,,,,,,,,,,,,,,,,,,,,,
Kathy Kimmel,,2057,,,8034967579,,,,314 Gabigar Rd,,Holly Hill,SC,29059,,,,,,,,,No,,,,,,,,,,,,,,,,,,,,,,,,,,,,,
Kathy Linville,,3077,,,8038291134,,,,6522 Vance Rd,,Bowman,SC,29018,,,,,,,,,No,,,,,,,,,,,,,,,,,,,,,,,,,,,,,
Kathy Patterson,,2453,,,8033086940,,,,120 Beardsley Dr ,,Bowman,SC,29018,,,,,,,,,No,,,,,,,,,,,,,,,,,,,,,,,,,,,,,
Kathy Scarbro,,2007,,,8038971022,,,,107 Brass lantern Ln,,Elloree,SC,29047,,,,,,,,,No,,,,,,,,,,,,,,,,,,,,,,,,,,,,,
Kathy Shultz,,3424,,,8035363513,,,,185 Bumble Bee Rd,,Neeses,SC,,,,,,,,,,No,,,,,,,,,,,,,,,,,,,,,,,,,,,,,
Kathy Singletary,,5586,Kathy,Singletary,(803) 854-4174,,,,202 Broad River Dr,,Santee,SC,29142,,,,,,,"#fiberCustomer, #residential",,No,,,7499,,,,,,,,,,,,,,,,,,,,,,,,,,
Kathy Smith,,1721,,,8038544156,,,,123 Wateree Dr,,Santee,SC,29142,,,,,,,"#fiberCustomer, #residential",,No,,,,,,,,,,,,,,,,,,,,,,,,,,,,,
Kathy Wiles,,4764,,,8038232046,,,,108 Cardinal Road,,Elloree,SC,29047,,,,,,,,,No,,,,,,,,,,,,,,,,,,,,,,,,,,,,,
Kathy Williams,,5347,Kathy,Williams,7159281406,,,,29 Peter Collinson Rd,,Santee,SC,29142,,,,,,,,,No,,,,,,,,,,,,,,,,,,,,,,,,,,,,,
Kathy's ABC,,8684,Katherine,Smith,(843) 509-7282,katherine122265@yahoo.com,,,520 Bass Dr,,Santee,South Carolina,29142-8886,,,,,,,,,Yes,,,,,,,,,,,,,,,,,,,,,,,,,,,,,
Katina Robinson,,2454,,,8037595319,,,,102 Summerlane Dr,,Santee,SC,29142,,,,,,,,,No,,,,,,,,,,,,,,,,,,,,,,,,,,,,,
Katrina ,,4989,,,,,,,,,,,,,,,,,,,,No,,,,,,,,,,,,,,,,,,,,,,,,,,,,,
Katrina Brown,,4563,,,8037078280,,,,102 Heven Road,,Orangeburg,SC,29115,,,,,,,,,No,,,,,,,,,,,,,,,,,,,,,,,,,,,,,
Katrina Croft (KC Electric),,457,,,8033480593,,,,827 Jackson Belt Rd    ,,Holly Hill,SC,29059,,,,,,,,,No,,,,,,,,,,,,,,,,,,,,,,,,,,,,,
Katrina Echols'Mitchel,,5005,,,8035309301,,,,423 Cortez,,Santee,SC,,,,,,,,,,No,,,,,,,,,,,,,,,,,,,,,,,,,,,,,
Katrina Garrett,,5083,,,8038780930,,,,977 Hammock Street ,,Orangeburg,SC,29115,,,,,,,,,No,,,,,,,,,,,,,,,,,,,,,,,,,,,,,
Katrina Kinsey,,2373,,,8034963028,,,,1338 Jackson Belt Rd,,Holly Hill,SC,29059,,,,,,,,,No,,,,,,,,,,,,,,,,,,,,,,,,,,,,,
Katrina Robinson,,2861,,,8037599104,,,,7006 Five Chop Rd,,Santee,SC,29142,,,,,,,,,No,,,,,,,,,,,,,,,,,,,,,,,,,,,,,
Katrina Williams,,6196,Katrina,Williams,(803) 496-6613,,,Home,180 Cantey Dr,221,Santee,SC,29142,,,,,,,,,Yes,,,,,,,,,,,,,,,,,,,,,,,,,,,,,
Katrina Witherspoon,,4436,,,8039710740,,,,118 Franklin Street,,HollyHill,SC,29059,,,,,,,,,No,,,,,,,,,,,,,,,,,,,,,,,,,,,,,
Kay Shirer,,1169,Kay,Shirer,(803) 928-6007,,,,331 Barkley Street ,,Elloree,SC,29030,,,,,,,,,No,,,6848,,,,,,,,,,,,,,,,,,,,,,,,,,
Kaye Peagler,,6170,Kaye,Peagler,(803) 707-5853,,,,7064 Vance Road,,Bowman,SC,29018,,,,,,,,,Yes,,,,,,,,,,,,,,,,,,,,,,,,,,,,,
Kayla Beach,,802,,,8038371502,,,,5479 Old Number 6 Hwy,PO BOX 70,Elloree,SC,29047,,,,,,,,,No,,,,,,,,,,,,,,,,,,,,,,,,,,,,,
Kayla Griffin,,3550,,,8033080757,,,,3420 Veneer St,,Elloree,SC,29047,,,,,,,,,No,,,,,,,,,,,,,,,,,,,,,,,,,,,,,
Kayla Grubbs,,8163,Kayla ,Grubbs,(843) 478-8763,,,Oak Hollow,,,,,,,,,,,,,,Yes,,,,,,,,,,,,,,,,,,,,,,,,,,,,,
Kayla Mintz,,2158,,,8036649915,,,,671 Moss Street,,Bowman,SC,29018,,,,,,,,,No,,,,,,,,,,,,,,,,,,,,,,,,,,,,,
Kayla Stroble,,4309,,,8435600598,,,,249 Old Millpond Rd,,Reevesville,SC,29471,,,,,,,,,No,,,,,,,,,,,,,,,,,,,,,,,,,,,,,
Kaylah Gonzalez,,5946,Kaylah,Gonzalez,(843) 509-1120,,,,122 Monsum Court,,Elloree,SC,29047,,,,,,,,,Yes,,,,,,,,,,,,,,,,,,,,,,,,,,,,,
Kazo Vapor Shop,,4990,,,8039375371,,,,1718 Nesses Hwy,,Orangeburg,SC,29115,,,,,,,,,No,,,,,,,,,,,,,,,,,,,,,,,,,,,,,
Ke'Amari Williams,,8287,Ke'Amari,Williams,(912) 433-8334,keamariwilliams@gmail.com,,,"138 Congaree court Santee, SC 29142",,,,,,,,,,,,,Yes,,,8164,,,,,,,,,,,,,,,,,,,,,,,,,,
Kedivera Center,,6361,Crystal,Jefferson,(803) 347-9466,,,,,,,,,,,,,,,,,Yes,,,,,,,,,,,,,,,,,,,,,,,,,,,,,
Keesha Pelzer,,627,Keesha,Pelzer,8036644634,,,,421 Bowman Branch Hwy,,Bowman,SC,29018,,,,,,,,,No,,,,,,,,,,,,,,,,,,,,,,,,,,,,,
Keira Williams,,5638,,,8035967190,,,,521 Rail Street,,Bowman,SC,29018,,,,,,,,,No,,,,,,,,,,,,,,,,,,,,,,,,,,,,,
Keith Byrd,,2198,,,8038293363,,,,130 Weathers St.,,Bowman,SC,,,,,,,,,,No,,,,,,,,,,,,,,,,,,,,,,,,,,,,,
Keith Eadie,,8071,Keith,Eadie,,,,,My Road,,,,,,,,,,,,,Yes,,,,,,,,,,,,,,,,,,,,,,,,,,,,,
Keith Glover,,4621,,,,,,,,,,,,,,,,,,,,No,,,,,,,,,,,,,,,,,,,,,,,,,,,,,
Keith Glover,,4029,Keith,Glover,8037078850,,,,1465 Ellis Ave,,Orangeburg,SC,29115,,,,,,,,,No,,,,,,,,,,,,,,,,,,,,,,,,,,,,,
Keith Haigler,,3181,,,8038232261,,,,8721 Old State Rd,,Cameron,SC,29030,,,,,,,,,No,,,,,,,,,,,,,,,,,,,,,,,,,,,,,
Keith Hewitt Insurance Agency,,2247,,,8035341111,,,,.,,Orangeburg,SC,,,,,,,,,,No,,,1087,,,,,,,,,,,,,,,,,,,,,,,,,,
Keith Knauer ,,6043,Keith,Knauer ,(813) 454-5095,,,Home Address,8095 Old Number Six Highway,,Santee,SC,29142,,,,,,,,,Yes,,,,,,,,,,,,,,,,,,,,,,,,,,,,,
Keith Martin,,1675,Keith,Martin,(803) 468-4075,,,,136 Saluda Dr,,Santee,SC,29142,,,,,,,"#fiberCustomer, #residential",,No,,,6626,,,,,,,,,,,,,,,,,,,,,,,,,,
Keith Owen,,3565,,,8032906115,,,,1581 CountrySide Drive,,Orangeburg,SC,29118,,,,,,,,,No,,,,,,,,,,,,,,,,,,,,,,,,,,,,,
Keith Rowland,,4647,,,8438103788,,,,401 Ballard Ln,,Santee ,SC,29142,,,,,,,,,No,,,7110,,,,,,,,,,,,,,,,,,,,,,,,,,
Kelley Beaty,,8125,Kelley,Beaty,(678) 476-4388,KelleyBeaty@icloud.com,,,101 Green Ct,,Santee,SC,29142,,,,,,,,,Yes,,,8175,,,,,,,,,,,,,,,,,,,,,,,,,,
Kelli Wilson,,2497,,,,,,,1066 Addidas St,,Eutawville,SC,,,,,,,,,,No,,,,,,,,,,,,,,,,,,,,,,,,,,,,,
Kellie Williams,,8161,Kellie ,Williams,(843) 819-3454,,,,1021 Myrtle Drive,,Santee,SC,29142,,,,,,,,,Yes,,,8270,,,,,,,,,,,,,,,,,,,,,,,,,,
Kellie Williams (105 Pee Dee Dr),,8428,Kellie, Williams,(803) 496-4979,,,,105 Pee Dee Dr,,Santee,South Carolina,29142-9407,,,,,,,,,Yes,,,8092,,,,,,,,,,,,,,,,,,,,,,,,,,
Kelly and Cliff Young,,4157,,,8036820285,,,,190 Cobb Road,,Orangeburg,SC,29115,,,,,,,,,No,,,,,,,,,,,,,,,,,,,,,,,,,,,,,
Kelly Brown,,8576,Kelly,Brown,(770) 547-3566,kwbrown23@gmail.com,,,158 William Clark Blvd,,Santee,South Carolina,29142-9507,,,,,,,,,Yes,,,,,,,,,,,,,,,,,,,,,,,,,,,,,
Kelly Chavis,,8493,Kelly,Chavis,(803) 533-0462,,,,1698 Joe S Jeffords Hwy,,Orangeburg,South Carolina,29115-7471,,,,,,,,,Yes,,,,,,,,,,,,,,,,,,,,,,,,,,,,,
Kelly Green,,2908,,,8034968666,,,,124 Omega Ct,,Santee,SC,29142,,,,,,,,,No,,,,,,,,,,,,,,,,,,,,,,,,,,,,,
Kelly Lett,,5646,,,9072295166,,,,60 thurder circle,,Santee,SC,29142,,,,,,,,,No,,,,,,,,,,,,,,,,,,,,,,,,,,,,,
Kelly Sauls,,5938,Kelly,Sauls,(803) 747-1784,,,,163 Bumble Bee Road,,Neeses,SC,29107,,,,,,,,,Yes,,,,,,,,,,,,,,,,,,,,,,,,,,,,,
Kelly Stabler,,5910,Kelly,Stabler,(803) 378-8976,kfstabler9@icloud.com,,,105 2nd Street,,Cameron,SC,29030,,,,,,,"#fiberCustomer, #residential",,Yes,,,3677,,,,,,,,,,,,,,,,,,,,,,,,,,
Kelly Varner,,5169,,,8435041629,,,,131 3rd st,,Santee,SC,,,,,,,,"#fiberCustomer, #residential",,No,,,,,,,,,,,,,,,,,,,,,,,,,,,,,
Kelly Wright,,3538,,,8437294647,,,,278 Rexford Court,,Santee,SC,29412,,,,,,,,,No,,,,,,,,,,,,,,,,,,,,,,,,,,,,,
Kelsey Grapperhaus,,5628,Kelsey,Grapperhaus,(270) 226-4512,,,,502 Avens Court,,Bowman,SC,29018,,,,,,,,,No,,,,,,,,,,,,,,,,,,,,,,,,,,,,,
Kelton Gillens,,8146,Kelton ,Gillens,(803) 857-1341,Kelton.Gillens@yahoo.com,,Ballards,505 Ballard Lane,,Santee,SC,29142,,,,,,,,,Yes,,,8048,,,,,,,,,,,,,,,,,,,,,,,,,,
Kelvin Byrd,,2890,,,8038378878,,,,140 Weathers Street   ,,Bowman,SC,29018,,,,,,,,,No,,,,,,,,,,,,,,,,,,,,,,,,,,,,,
Ken Braxton,,3513,,,8035961924,,,,513 Rosewood Dr,,Orangeburg,SC,29115,,,,,,,,,No,,,,,,,,,,,,,,,,,,,,,,,,,,,,,
Ken Gilring,,8219,Ken,Gilring,(570) 498-2532,rescuemedic2006@yahoo.com,,,1011 Myrtle Drive,,Santee,SC,29142,,,,,,,,,Yes,,,,,,,,,,,,,,,,,,,,,,,,,,,,,
Ken Kalafus,,3525,,,8035364777,,,, 1374 ChurchCamp Road,,Orangeburg,SC,29115,,,,,,,,,No,,,,,,,,,,,,,,,,,,,,,,,,,,,,,
Ken Mcneil,,5141,,,,,,,182 Airport Lane,,Cameron,SC,,,,,,,,,,No,,,,,,,,,,,,,,,,,,,,,,,,,,,,,
Ken Minus,,5981,Ken,Minus,(843) 200-7131,,,,440 Harley Road,,Reevesville,SC,29471,,,,,,,,,Yes,,,7107,,,,,,,,,,,,,,,,,,,,,,,,,,
Ken Spiroff,,2655,,,,,,,999 Jackson Belt Rd,,`Holly Hill,SC,29059,,,,,,,,,No,,,,,,,,,,,,,,,,,,,,,,,,,,,,,
Kena Riser,,2304,,,8438344190,,,,5875 Vance Rd,,Bowman,SC,29018,,,,,,,,,No,,,,,,,,,,,,,,,,,,,,,,,,,,,,,
Kendal Bittner,,8201,Kendal ,Bittner,(843) 345-2645,,,,1041 Huran Lane,,Santee,SC,29142,,,,,,,,,Yes,,,,,,,,,,,,,,,,,,,,,,,,,,,,,
Kendal Jamison,,4705,,,8035337807,,,,1279 Douglas Mcarthour,,Orangeburg ,SC,29115,,,,,,,,,No,,,,,,,,,,,,,,,,,,,,,,,,,,,,,
Kendra Clinton,,4209,,,8037596028,,,,127 Franklin st,,Holly Hill ,SC,,,,,,,,,,No,,,,,,,,,,,,,,,,,,,,,,,,,,,,,
Kendra Edwards,,2009,,,8033088146,,,,121 Patch Ct,,Bowman,SC,29018,,,,,,,,,No,,,,,,,,,,,,,,,,,,,,,,,,,,,,,
Kendra Inabinett,,3390,,,8033082800,,,,116 Goodwin Rd,lot a 21,Orangeburg ,SC,29115,,,,,,,,,No,,,,,,,,,,,,,,,,,,,,,,,,,,,,,
Kendrell Jacqes,,4447,,,8036828998,,,,126 Newfield Circle,,Elloree,SC,29147,,,,,,,,,No,,,,,,,,,,,,,,,,,,,,,,,,,,,,,
Kendrell Palmer,,2788,,,8037070409,,,,1168 Addens St,,Orangeburg,SC,29115,,,,,,,,,No,,,,,,,,,,,,,,,,,,,,,,,,,,,,,
Kendrick Davis,,387,,,8038543082,,,,221 Angelica St,,Santee,SC,29142,,,,,,,,,No,,,,,,,,,,,,,,,,,,,,,,,,,,,,,
Keneth Karlsen,,5175,,,8034609782,,,,23 Andrea Michaux rd ,,Santee,SC,,,,,,,,,,No,,,,,,,,,,,,,,,,,,,,,,,,,,,,,
Kenji Kennerly,,5653,,,8038782520,,,,207 Elbow Bend Road,,Elloree,SC,29047,,,,,,,,,No,,,,,,,,,,,,,,,,,,,,,,,,,,,,,
Kennedy Nelson,,8221,Kennedy,Nelson,(850) 321-7966,Nelson.kennedy17@gmail.com,,,121 Lakeland Circle,A6,Santee,SC,29142,,,,,,,,,Yes,,,8113,,,,,,,,,,,,,,,,,,,,,,,,,,
Kenneth Anderson ,,5806,,,8033083788,,,,9323 Old Number Six Hwy ,,Santee,SC,29142,,,,,,,,,No,,,,,,,,,,,,,,,,,,,,,,,,,,,,,
Kenneth Berry,,2854,,,8033471843,,,,109 Arant Dr,,Bowman,SC,,,,,,,,,,No,,,,,,,,,,,,,,,,,,,,,,,,,,,,,
Kenneth Brown,,8447,Kenneth,Brown,(803) 496-8858,,,,776 Striped Bass Ct.,,Santee,SC,29142,,,,,,,,,Yes,,,8287,,,,,,,,,,,,,,,,,,,,,,,,,,
Kenneth Case,,5617,Kenneth,Case,7405056074,,,,108 Broad River Dr,,Santee,SC,29412,,,,,,,"#fiberCustomer, #residential",,No,,,,,,,,,,,,,,,,,,,,,,,,,,,,,
Kenneth Dallas,,2832,,,8038378689,,,,7439 Old Number Six Hwy,,Santee ,SC,,,,,,,,,,No,,,,,,,,,,,,,,,,,,,,,,,,,,,,,
Kenneth Ellis/Venetia Delano,,4832,Kenneth,Ellis/Venetia Delano,2543171202,,,,5507 Old Number Six,,Elloree,SC,29047,,,,,,,,,No,,,,,,,,,,,,,,,,,,,,,,,,,,,,,
Kenneth Frasier,,2456,,,8032903803,,,,3658 Cleveland St,,Elloree,SC,29047,,,,,,,,,No,,,,,,,,,,,,,,,,,,,,,,,,,,,,,
Kenneth Froisy,,8009,Kenneth,Froisy,(843) 513-4981,k.froisy@yahoo.com,,,420 Fairway Lane,,Santee,SC,29142,,,,,,,,,Yes,,,7966,,,,,,,,,,,,,,,,,,,,,,,,,,
Kenneth Green,,4537,,,8033875159,,,,1927 Unity Road,,HollyHill,SC,29059,,,,,,,,,No,,,,,,,,,,,,,,,,,,,,,,,,,,,,,
Kenneth Heavner,,7932,Kenneth,Heavner,(336) 681-5546,Heavnerken@yahoo.com,,,447 Santee Drive,,Santee,SC,29142,,,,,,,"#fiberCustomer, #residential",,Yes,,,7897,,,,,,,,,,,,,,,,,,,,,,,,,,
Kenneth Hilliard,,403,Kenneth,Hilliard,8039719769,,,,4698 Old State Rd,,Holly Hill,SC,29059,,,,,,,,,No,,,,,,,,,,,,,,,,,,,,,,,,,,,,,
Kenneth Horlacher,,4041,,,8035345577,,,,18 Knotty Pine Ln,,Orangeburg,SC,29119,,,,,,,,,No,,,,,,,,,,,,,,,,,,,,,,,,,,,,,
Kenneth Lobaugh,,1987,Kenneth,Lobaugh,8038545924,,,,223 Cooper Dr,,Santee,SC,29142,,,,,,,"#fiberCustomer, #residential",,No,,,,,,,,,,,,,,,,,,,,,,,,,,,,,
Kenneth Orum Jr,,8208,Kenneth,Orum,(843) 624-4026,bbecky33@yahoo.com,,,5 Thomas Walter Circle,,Santee,SC,29142,,,,,,,,,Yes,,,,,,,,,,,,,,,,,,,,,,,,,,,,,
Kenneth Ott,,5962,Amy,Ott,(803) 664-1555,,,,774 Reevesville Road,,Bowman,SC,29018,,,,,,,,,Yes,,,,,,,,,,,,,,,,,,,,,,,,,,,,,
Kenneth Ott,,1191,,,8038292416,,,,1097 Country Rd,,Bowman,SC,29018,,,,,,,,,No,,,,,,,,,,,,,,,,,,,,,,,,,,,,,
Kenneth Pifer,,4214,Kenneth,Pifer,(843) 270-4206,,,,220 Parklane Dr,,Santee,SC,,,,,,,,"#fiberCustomer, #residential",,No,,,6952,,,,,,,,,,,,,,,,,,,,,,,,,,
Kenneth Salamon,,8316,Kenneth,Salamon,(610) 283-8909,kjsalamon@msn.com,,,149 Saluda Dr,,Santee,South Carolina,29142,,,,,,,,,Yes,,,8187,,,,,,,,,,,,,,,,,,,,,,,,,,
Kenneth Shuler ,,533,,,8034963688,,,,120 Amar Ave,,Holly Hill,SC,29059,,,,,,,,,No,,,,,,,,,,,,,,,,,,,,,,,,,,,,,
Kenneth Washington,,1474,Kenneth,Washington,8038371110,,,,2157 Bass Dr,,Santee,SC,29142,,,,,,,,,No,,,,,,,,,,,,,,,,,,,,,,,,,,,,,
Kenneth Woody,,2779,Kenneth,Woody,(803) 854-5702,,,,337 Pinewood Dr,,Santee,SC,29142,,,,,,,"#fiberCustomer, #residential",,No,,,6340,,,,,,,,,,,,,,,,,,,,,,,,,,
Kenneth Wright,,580,Kenneth,Wright,3865270140,,,,6080 Old Number Six Hwy.,,Elloree,SC,29047,,,,,,,,,No,,,,,,,,,,,,,,,,,,,,,,,,,,,,,
Kenneth Wright,,1921,,,8037590172,,,,1829 Bonner Ave,,Santee,SC,29142,,,,,,,,,No,,,,,,,,,,,,,,,,,,,,,,,,,,,,,
Kenneth Zamora,,3165,,,2089651482,,,,105 Birdie Ct,,Santee,SC,29142,,,,,,,,,No,,,,,,,,,,,,,,,,,,,,,,,,,,,,,
Kenny Hutto,,8273,Kenny,Hutto,(803) 378-7896,kennyhuttosenior9@icloud.com,,,1493 Shulmer Rd,,Cameron,South Carolina,29030-9435,,,,,,,,,Yes,,,,,,,,,,,,,,,,,,,,,,,,,,,,,
Kenny Scott,,5885,Kenny,Scott,(843) 296-6663,,,,479 Santee Dr,,Santee,South Carolina,29142-9304,,,,,,,"#fiberCustomer, #residential",,Yes,,,7586,,,,,,,,,,,,,,,,,,,,,,,,,,
Kenny's Body Shop,,746,Kennys,Body Shop,(803) 531-1738,,,,PO Box 107,1520 Lagrande Smoak Street,Cordova,SC,29039,,,,,,,,,No,,,,,,,,,,,,,,,,,,,,,,,,,,,,,
Kenrell Hollman,,4933,Kenrell,Hollman,(803) 971-9762,,,,139 Franklin Street,,Holly Hill,SC,29059,,,,,,,,,No,,,,,,,,,,,,,,,,,,,,,,,,,,,,,
Kent Clements,,3732,Kent,Clements,(803) 516-1660,,,,218 Gin Bay Road,,Cameron,SC,29030,,,,,,,,,No,,,6757,,,,,,,,,,,,,,,,,,,,,,,,,,
Kent Kruse,,891,Kent,Kruse,8035391275,,,,1050 Moultrie Dr,,Santee,SC,29142,,,,,,,"#fiberCustomer, #residential",,No,,,,,,,,,,,,,,,,,,,,,,,,,,,,,
Kenya Gaines,,4780,,,8033479022,,,,244 Damascus Drive,,Vance,SC,29163,,,,,,,,,No,,,,,,,,,,,,,,,,,,,,,,,,,,,,,
Kenzie Jones,,515,,,8038542085,,,,423 Santee Drive   ,,Santee,SC,29142,,,,,,,"#fiberCustomer, #residential",,No,,,,,,,,,,,,,,,,,,,,,,,,,,,,,
Keonia Gilliard,,3677,,,8038371024,,,,262 Golson Dr,,Orangeburg,SC,29115,,,,,,,,,No,,,,,,,,,,,,,,,,,,,,,,,,,,,,,
Keonia Govan,,2938,,,8038371024,,,,492 Palmwood St,,Santee,SC,29142,,,,,,,,,No,,,,,,,,,,,,,,,,,,,,,,,,,,,,,
Keosha Morgan,,4636,,,8033193085,,,,3246 Columbia Rd,,Orangeburg,SC,29118,,,,,,,,,No,,,,,,,,,,,,,,,,,,,,,,,,,,,,,
Keshia Shuler-Johnson,,2714,,,8032906921,,,,344 Spencer Rd,,Bowman,SC,,,,,,,,,,No,,,,,,,,,,,,,,,,,,,,,,,,,,,,,
Keth Sheard,,5332,,,8039740315,,,,353 Rosevelt st,,Elloree,SC,,,,,,,,,,No,,,,,,,,,,,,,,,,,,,,,,,,,,,,,
Kevin & Nya Dalton,,3563,,,,,,,,,,,,,,,,,,,,No,,,,,,,,,,,,,,,,,,,,,,,,,,,,,
Kevin Bennett,,1080,Kevin,Bennett,8035053100,,,,445 Santee Drive,,Santee,SC,29142,,,,,,,"#fiberCustomer, #residential",,No,,,5755,,,,,,,,,,,,,,,,,,,,,,,,,,
Kevin Bennett Jr,,5096,,,8032250747,,,,1061 Huran Lane,,Santee,SC,,,,,,,,,,No,,,7190,,,,,,,,,,,,,,,,,,,,,,,,,,
Kevin Brown,,4520,,,8032902977,,,,393 Threson st,,Orangeburg ,,29115,,,,,,,,,No,,,,,,,,,,,,,,,,,,,,,,,,,,,,,
Kevin Burdette,,6204,Kevin,Burdette,(843) 898-4141,,,,625 State Road S-38-121,,Elloree,SC,29047,,,,,,,,,Yes,,,7731,,,,,,,,,,,,,,,,,,,,,,,,,,
Kevin Dowling,,5322,,,,,,,125 Elaine Rd,,Elloree,SC,29047,,,,,,,,,No,,,,,,,,,,,,,,,,,,,,,,,,,,,,,
Kevin Edwards,,8086,Kevin,Edwards,(803) 682-0394,smedwards1965@gmail.com,,,800 Gin Bay Road,,Cameron,SC,29030,,,,,,,,,Yes,,,,,,,,,,,,,,,,,,,,,,,,,,,,,
Kevin Good,,5329,,,8437088518,,,,418 Santee Dr,,Santee,SC,29142,,,,,,,"#fiberCustomer, #residential",,No,,,7480,,,,,,,,,,,,,,,,,,,,,,,,,,
Kevin Grant,,5139,,,8707234311,,,,1601 Gardner Blv,,Holly Hill ,SC,,,,,,,,,,No,,,,,,,,,,,,,,,,,,,,,,,,,,,,,
Kevin L Judy,,755,,,8435637988,,,,134 Amber Drive,,Reevesville,SC,29471,,,,,,,,,No,,,,,,,,,,,,,,,,,,,,,,,,,,,,,
Kevin O'Connor,,1963,,,8038973770,,,,95 Quail Hollow Ln,,Elloree,SC,29047,,,,,,,,,No,,,,,,,,,,,,,,,,,,,,,,,,,,,,,
Kevin Oconnor,,3273,,,8038549441,,,,235 Parklane Drive,,Santee,SC,29142,,,,,,,,,No,,,,,,,,,,,,,,,,,,,,,,,,,,,,,
Kevin Pendarvis,,1558,,,8038291208,,,,315 Country Rd,,Bowman,SC,29018,,,,,,,,,No,,,,,,,,,,,,,,,,,,,,,,,,,,,,,
Kevin Reeves,,1426,Kevin,Reeves,8436361229,,,,3543 Reevesville Rd,,Reevesville,SC,29471,,,,,,,,,No,,,5560,,,,,,,,,,,,,,,,,,,,,,,,,,
Kevin simmons ,,5708,,,8439919797,,,,7144 old state rd,,Holly Hill ,SC,,,,,,,,,,No,,,,,,,,,,,,,,,,,,,,,,,,,,,,,
Kevin Stroman,,4266,Kevin,Stroman,(803) 378-0584,,,,137 Misty Wood Dr,,Elloree,SC,29047,,,,,,,,,No,,,,,,,,,,,,,,,,,,,,,,,,,,,,,
Kevin Weathers,,4081,Kevin,Weathers,8436361093,,,,201 Rigby St,,Reevesville,SC,29471,,,,,,,,,No,,,6905,,,,,,,,,,,,,,,,,,,,,,,,,,
Kevin Wyndham,,785,,,8435633215,,,,405 Rigby St,,Reevesville,SC,29491,,,,,,,,,No,,,,,,,,,,,,,,,,,,,,,,,,,,,,,
Key Largo,,3753,Key,Largo,8038543107,,,,820 Bass Drive,,Santee,SC,29142,,,,,,,,,No,,,,,,,,,,,,,,,,,,,,,,,,,,,,,
Keyina Murphy,,5278,,,8037479856,,,,10201 old number six hwy,,Vance,SC,29163,,,,,,,,,No,,,,,,,,,,,,,,,,,,,,,,,,,,,,,
Keyina Murphy,,1552,,,8033784751,,,,128 Montegue St,,Santee,SC,29142,,,,,,,,,No,,,,,,,,,,,,,,,,,,,,,,,,,,,,,
Keyona Hill,,1475,,,8032367890,,,,133 Gentry Ln,,Santee,SC,29142,,,,,,,,,No,,,,,,,,,,,,,,,,,,,,,,,,,,,,,
Kezimen Myers,,8351,Kezimen,myers,(803) 496-8475,kezimen@icloud.com,,,125 Cecelia St,,Santee,South Carolina,29142-8762,,,,,,,,,Yes,,,,,,,,,,,,,,,,,,,,,,,,,,,,,
KFC Santee,,2856,,,8038542376,,,,,,,,,,,,,,,,,No,,,,,,,,,,,,,,,,,,,,,,,,,,,,,
Khira Dantzler,,8553,Khira,Dantzler,(843) 364-9021,kd1906@yahoo.com,,,116 Cooper Dr,,Santee,South Carolina,29142-8522,,,,,,,,,Yes,,,,,,,,,,,,,,,,,,,,,,,,,,,,,
Khori Mitchell,,5940,Khori,Mitchell,(803) 308-9329,,,,1040 Deer Trail Dr,,Santee,SC,29142,,,,,,,"#fiberCustomer, #residential",,Yes,,,7630,,,,,,,,,,,,,,,,,,,,,,,,,,
Kianna Monroe,,6030,Kianna,Monroe,(843) 619-5897,,,,137 3rd srteet,,Santee,SC,29142,,,,,,,"#fiberCustomer, #residential",,Yes,,,,,,,,,,,,,,,,,,,,,,,,,,,,,
KickBooty ,,3281,,,8035331111,,,,450 John C Calhoun Dr,,Orangeburg,SC,,,,,,,,,,No,,,,,,,,,,,,,,,,,,,,,,,,,,,,,
Kiera Williams,,5959,Kiera,Williams,(803) 664-2973,,,Home,521 Rail Street,,Bowman,SC,29018,,,,,,,,,Yes,,,,,,,,,,,,,,,,,,,,,,,,,,,,,
Kim Bacot,,3479,,,8033479713,,,,3908 Homestead Rd,,Bowman,SC,29018,,,,,,,,,No,,,,,,,,,,,,,,,,,,,,,,,,,,,,,
Kim Burnett,,7975,Kim,Burnett,(803) 447-0139,Ksbinsc@yahoo.com,,,6314 Old Number Six Highway,,Elloree,SC,29047,,,,,,,,,Yes,,,,,,,,,,,,,,,,,,,,,,,,,,,,,
Kim Coker,,743,,,8034964350,,,,635 White Sands Road,,Holly Hill,SC,29059,,,,,,,,,No,,,,,,,,,,,,,,,,,,,,,,,,,,,,,
Kim Gidron,,697,Kim,Gidron,(803) 614-0779,,,,1055 Harlin St,,Elloree,SC,29047,,,,,,,,,No,,,,,,,,,,,,,,,,,,,,,,,,,,,,,
Kim Mimms,,1417,,,8435606455,,,,101 Fender St,,Reevesville,SC,29471,,,,,,,,,No,,,,,,,,,,,,,,,,,,,,,,,,,,,,,
Kim pugh,,5608,,,8438101451,,,,482 santee dr,,Santee,SC,29142,,,,,,,"#fiberCustomer, #residential",,No,,,,,,,,,,,,,,,,,,,,,,,,,,,,,
Kim Williams,,4620,,,8034774188,,,,567 Project rd ,,Bowman,,29018,,,,,,,,,No,,,,,,,,,,,,,,,,,,,,,,,,,,,,,
Kim Zimmerman,,708,,,8032906678,,,,631 Avens Court,,Bowman,SC,29018,,,,,,,,,No,,,,,,,,,,,,,,,,,,,,,,,,,,,,,
Kimberly Felton ,,4492,,,8033785803,,,,5471 Cameron Road,,Camron,SC,29030,,,,,,,,,No,,,,,,,,,,,,,,,,,,,,,,,,,,,,,
Kimberly Fuller,,1507,,,8436362369,,,,114 Kyra Lane,,Reevesville,SC,29471,,,,,,,,,No,,,,,,,,,,,,,,,,,,,,,,,,,,,,,
Kimberly Gidron,,2249,,,8038974301,,,,560 Tee Vee Rd,,Elloree,SC,29047,,,,,,,,,No,,,,,,,,,,,,,,,,,,,,,,,,,,,,,
Kimberly Gleaton,,680,,,8033083358,,,,115 Misty Glenn Rd,,Elloree,SC,,,,,,,,,,No,,,,,,,,,,,,,,,,,,,,,,,,,,,,,
Kimberly Glover,,1673,,,8038292371,,,,993 Reevesville Rd.,,Bowman,SC,,,,,,,,,,No,,,,,,,,,,,,,,,,,,,,,,,,,,,,,
Kimberly Johnson,,2767,,,8036829449,,,,6076 Old Number 6 Hwy,,Elloree,SC,29047,,,,,,,,,No,,,,,,,,,,,,,,,,,,,,,,,,,,,,,
Kimberly Livingston,,3941,,,8037478862,,,,860 longbrook dr,,Bowman,SC,29118,,,,,,,,,No,,,,,,,,,,,,,,,,,,,,,,,,,,,,,
Kimberly Rivers,,5819,,,8034964410,,,,750 Mount Olive Rd,,Santee,SC,29142,,,,,,,,,No,,,,,,,,,,,,,,,,,,,,,,,,,,,,,
Kimberly Stevens,,5478,Kimberly,Stevens,8034970105,,,,106 Reeves st ,,Revvesville,SC,,,,,,,,,,No,,,7413,,,,,,,,,,,,,,,,,,,,,,,,,,
Kimberly Watson,,4794,,,8037478082,,,,187 Barcelona Drive,,Santee,SC,,,,,,,,,,No,,,,,,,,,,,,,,,,,,,,,,,,,,,,,
Kimberly Young,,8600,Kimberly,Young,(804) 832-1132,poptarts990@gmail.com,,,1040 Myrtle Dr,,Santee,South Carolina,29142-9413,,,,,,,,,Yes,,,,,,,,,,,,,,,,,,,,,,,,,,,,,
Kimberly Young (NA),,4458,,,8035359132,,,,389 Jack Branch Road,,Santee,SC,29142,,,,,,,,,No,,,,,,,,,,,,,,,,,,,,,,,,,,,,,
Kimlor Mills,,122,James,Weatherford,(803) 308-8032,,,,2630 St. Matthews Rd,,Orangeburg,SC,29118,Renee or Susan,,(803) 531-2037,,,,,,No,,,,,,,,,,,,,,,,,,,,,,,,,,,,,
Kimmi Kizer,,774,Kimmi,Kizer,(843) 560-1508,,,,126 Railroad Ave,,Reevesville,SC,29471,,,,,,,,,No,,,5145,,,,,,,,,,,,,,,,,,,,,,,,,,
King Motors,,940,Kayla,Dantzler,8038549020,,,,679 Bass Dr,,Santee,SC,29142,,,,,,,,,No,,,,,,,,,,,,,,,,,,,,,,,,,,,,,
Kingdom Life Ministries,,748,,,8035341980,,,,1172 Orangeburg Mall Circle,,Orangeburg,SC,,,,,,,,,,No,,,,,,,,,,,,,,,,,,,,,,,,,,,,,
Kirk McMahon,,8238,Kirk,McMahon,(267) 446-8816,theoldpa@hotmail.com,,,910 Moultrie Drive,,Santee,SC,29142,,,,,,,,,Yes,,,8130,,,,,,,,,,,,,,,,,,,,,,,,,,
Kirsten Bedenbaugh,,4360,Kirsten,Bedenbaugh,(803) 664-1218,,,,725 Santee River Road,,Santee,SC,29142,,,,,,,,,No,,,,,,,,,,,,,,,,,,,,,,,,,,,,,
Kirsten Nash,,3653,Kirsten,Nash,8037077815,,,,219 New Meadow Dr,,Reevesville,SC,29471,,,,,,,,,No,,,,,,,,,,,,,,,,,,,,,,,,,,,,,
Kirven Garage,,2119,,,8038292970,,,,450 Magnolia St,,Bowman,SC,,,,,,,,,,No,,,,,,,,,,,,,,,,,,,,,,,,,,,,,
Kiser Lumber,,1900,,,8038292571,,,,6903 Vance Road,,Bowman,SC,,,,,,,,,,No,,,,,,,,,,,,,,,,,,,,,,,,,,,,,
Kisha Berry,,751,,,8435603506,,,,174 Neighborhood Dr,,St. George,SC,29477,,,,,,,,,No,,,,,,,,,,,,,,,,,,,,,,,,,,,,,
Kisha Green,,6011,Kisha,Green,(803) 290-4325,kshfldr@ymail.com,,,1741 B Street,,Orangeburg,SC,29118,,,,,,,,,Yes,,,,,,,,,,,,,,,,,,,,,,,,,,,,,
Kishana Porter,,4470,,,8033877172,,,,1031 Waring St,,Orangeburg ,SC,29115,,,,,,,,,No,,,,,,,,,,,,,,,,,,,,,,,,,,,,,
Kisti Bulton,,3420,,,8036826709,,,,5354 Cameron Rd,,Cameron ,SC,29030,,,,,,,,,No,,,,,,,,,,,,,,,,,,,,,,,,,,,,,
Kittie Collier,,689,,,8036824838,,,,2609 Antioch Rd,,Santee,SC,29142,,,,,,,,,No,,,,,,,,,,,,,,,,,,,,,,,,,,,,,
Kitty Gschwender,,1229,,,(803) 854-9515,,,,207 Cooper Dr,,Santee,SC,29142,,,,,,,"#fiberCustomer, #residential",,No,,,,,,,,,,,,,,,,,,,,,,,,,,,,,
KKP Auto Service,,8433,Chris,,(803) 662-9940,,,,,,,,,,,,,,,,,Yes,,,,,,,,,,,,,,,,,,,,,,,,,,,,,
Kouichi Mejias,,8652,Kouichi,Mejias,(864) 202-7243,,,,1501 Harris Drivw,,Orangeburg,SC,29115,,,,,,,,,Yes,,,,,,,,,,,,,,,,,,,,,,,,,,,,,
KP Performance Antennas,,5258,,,9786826936,,,,.,,,SC,,,,,,,,,,No,,,,,,,,,,,,,,,,,,,,,,,,,,,,,
Kris Hackelman,,6281,Kris,Hackelman,(480) 406-1934,,,home,491 Santee Drive,,Santee,SC,29142,,,,,,,"#fiberCustomer, #residential",,Yes,,,7772,,,,,,,,,,,,,,,,,,,,,,,,,,
Kris Kizer,,649,Kris,Kizer,8435602697,,,,148 Heaton rd,,Reevesville,SC,29471,,,,,,,,,No,,,,,,,,,,,,,,,,,,,,,,,,,,,,,
Krista Sprague,,7876,Krista ,Sprague,(843) 708-1527,,,,359 Green Street,,Santee,SC,29142,,,,,,,"#fiberCustomer, #residential",,Yes,,,7868,,,,,,,,,,,,,,,,,,,,,,,,,,
Kristen Brown,,4613,Kristen,Brown,8035719178,,,,383 Robertson cir,,Barnwell,SC,29812,,,,,,,,,No,,,,,,,,,,,,,,,,,,,,,,,,,,,,,
Kristen Singleton,,8582,Kristen,Singleton,(843) 995-4453,carolinagurlz@icloud.com,,,705 Striped Bass Ct,,Santee,SC,29142,,,,,,,,,Yes,,,,,,,,,,,,,,,,,,,,,,,,,,,,,
Kristi Bolton,,3721,Kristi,Bolton,8036826709,,,,5354 Cameron Road,,Cameron,SC,29030,,,,,,,,,No,,,,,,,,,,,,,,,,,,,,,,,,,,,,,
Kristi Hassell,,6096,Krista,Hassell,(843) 568-8106,,,,342 Barkley Street,,Elloree,SC,29142,,,,,,,,,Yes,,,,,,,,,,,,,,,,,,,,,,,,,,,,,
Kristina & Thomas Still,,4213,Kristina,& Thomas Still,8038601194,,,,3780 Homestead Road,,Bowman,SC,,,,,,,,,,No,,,,,,,,,,,,,,,,,,,,,,,,,,,,,
Kristy Edmonds,,381,,,8038292623,,,,1514 Reevesville Rd,,Bowman,SC,29018,,,,,,,,,No,,,,,,,,,,,,,,,,,,,,,,,,,,,,,
Krystal Pauling,,1792,,,8038974975,,,,145 Prairie Ln,,Elloree,SC,29047,,,,,,,,,No,,,,,,,,,,,,,,,,,,,,,,,,,,,,,
Kurk Bennet,,4976,,,8037074148,,,,213 Fountain Lake Drive,,Eutawville,SC,29048,,,,,,,,,No,,,,,,,,,,,,,,,,,,,,,,,,,,,,,
Kwest Mortgage Group,,3398,,,8037079997,,,,1725 St Matthews Rd   ,,Orangeburg,SC,29116,,,,,,,,,No,,,6509,,,,,,,,,,,,,,,,,,,,,,,,,,
Kye Kaitt,,4750,,,8036644066,,,,4530 Nintey 6 rd,,Nesses ,SC,29107,,,,,,,,,No,,,,,,,,,,,,,,,,,,,,,,,,,,,,,
Kyle Bonnette,,1713,,,8038293439,,,,7074 Vance Rd,,Bowman,SC,29018,,,,,,,,,No,,,,,,,,,,,,,,,,,,,,,,,,,,,,,
Kyle McManus,,4405,,,8437259117,,,,1318 Gemini Drive,,HollyHill,SC,29059,,,,,,,,,No,,,7015,,,,,,,,,,,,,,,,,,,,,,,,,,
Kyle Myers,,6334,Kyle,Myers,(803) 378-3494,,,,2126 Bonner Avenue,,Santee,SC,29142,,,,,,,,,Yes,,,,,,,,,,,,,,,,,,,,,,,,,,,,,
KYM Farm,,123,,,,,,,467 Whistling Swan Rd,,Elloree,SC,29047,,,,,,,,,No,,,,,,,,,,,,,,,,,,,,,,,,,,,,,
KYM Farms,,1932,Myra,Artis,8038374329,,,,467 Whistling Swan Rd,,Elloree,SC,29047,,,,,,,,,No,,,,,,,,,,,,,,,,,,,,,,,,,,,,,
Kyna Oliver,,2099,,,8038293129,,,,280 Corn St.,,Bowman,SC,29018,,,,,,,,,No,,,,,,,,,,,,,,,,,,,,,,,,,,,,,
Kyna Oliver,,3394,,,8038291771,,,,641 Laura St,,Bowman,SC,29018,,,,,,,,,No,,,,,,,,,,,,,,,,,,,,,,,,,,,,,
L&B Transporters,,3249,,,8037079844,,,,3310 Tamara Lane,,Orangeburg,SC,,,,,,,,,,No,,,,,,,,,,,,,,,,,,,,,,,,,,,,,
Labrian Harley,,2160,,,8038293817,,,,110 Chinaberry St,,Bowman,SC,29018,,,,,,,,,No,,,,,,,,,,,,,,,,,,,,,,,,,,,,,
Lacey Mckeowen,,3293,Lacey,Mckeowen,8033083846,,,,8896 Old State Rd,,Cameron ,SC,29030,,,,,,,,,No,,,,,,,,,,,,,,,,,,,,,,,,,,,,,
Lachan Mitchell,,8401,Lachan,Mitchell,(201) 424-3682,mitchell0521@verizon.net,,,130 Congaree Ct,,Santee,South Carolina,29142-9513,,,,,,,,,Yes,,,8244,,,,,,,,,,,,,,,,,,,,,,,,,,
Lachelle Howell ,,5802,,,8035964276,,,,232 Empire Lane,,Santee,SC,29142,,,,,,,,,No,,,,,,,,,,,,,,,,,,,,,,,,,,,,,
Laci Bearden,,2831,,,2564521052,,,,3457 Reevesville Road,,Reevesville,SC,29471,,,,,,,,,No,,,,,,,,,,,,,,,,,,,,,,,,,,,,,
Ladedra Carson,,5949,Ladedra,Carson,(803) 308-1211,dedracarson1986@gmail.com,,,892 Reevesville Road,,Bowman,SC,29018,,,,,,,,,Yes,,,,,,,,,,,,,,,,,,,,,,,,,,,,,
Ladevia Kinley,,881,,,8038972286,,,,730 N. Hampton St.,,Elloree,SC,29047,,,,,,,,,No,,,,,,,,,,,,,,,,,,,,,,,,,,,,,
Ladson Beach,,124,,,,,,,P O Box 5004,,Orangeburg,SC,29116,,,,,,,,,No,,,,,,,,,,,,,,,,,,,,,,,,,,,,,
Laird's BBQ,,2540,,,8035349092,,,,PO Box 514         ,,North,SC,29112,,,,,,,,,No,,,,,,,,,,,,,,,,,,,,,,,,,,,,,
Lake Electric Inc,,125,,,,,,,135 Market Street,,Orangeburg,SC,29115,,,,,,,,,No,,,,,,,,,,,,,,,,,,,,,,,,,,,,,
Lake Marion Golf Course ( Jonathan Johnson),,5643,Lake,Marion Golf Course ( Jonathan Johnson),8037076374,,,,9069 Old Number Six Hwy,,Santee,SC,29142,,,,,,,,,No,,,,,,,,,,,,,,,,,,,,,,,,,,,,,
Lake Marion Inn,,2460,Pete,Kher,(803) 460-4087,,,,628 Bass Dr,,Santee,SC,29142,,,,,,,,,No,,,6182,,,,,,,,,,,,,,,,,,,,,,,,,,
Lake Marion Partners,,1519,,,8037077006,,,,9161 Old Number six Hwy,PO Box 248,Santee,SC,29142,,,,,,,,,No,,,,,,,,,,,,,,,,,,,,,,,,,,,,,
Lake Marion Resort & Marina,,500,Debbie,Reser,(803) 854-2136,lakemarionreservations@gmail.com,,,109 Ragtime Trail   ,,Santee,SC,29142,,,,,,,,,No,,,,,,,,,,,,,,,,,,,,,,,,,,,,,
Lake Marion Title Services,,126,Lake,Marion Title Services,8039749003,,,,104 Wateree Dr,PO Box 37,Santee,SC,29142,,,,,,,"#fiberCustomer, #residential",,No,,,,,,,,,,,,,,,,,,,,,,,,,,,,,
LaKeisha Lawrence,,4013,,,8037077182,,,,538 Langley Rd,,Orangeburg,SC,29115,,,,,,,,,No,,,,,,,,,,,,,,,,,,,,,,,,,,,,,
Lakeisha Mood,,4192,,,8035311594,,,,1059 Teevee Road,,Elloree,SC,29047,,,,,,,,,No,,,,,,,,,,,,,,,,,,,,,,,,,,,,,
Lakeisha Taylor,,1105,,,8038600272,,,,127 Dre Court,,Santee,SC,29142,,,,,,,,,No,,,,,,,,,,,,,,,,,,,,,,,,,,,,,
Lakeisha Thompson,,2071,,,8038374218,,,,7113 Five Chop Rd.,,Santee,SC,29142,,,,,,,,,No,,,,,,,,,,,,,,,,,,,,,,,,,,,,,
Laken Inabinet,,5046,,,8033083713,,,,4237 Neeses hwy,,Nesses ,SC,,,,,,,,,,No,,,7252,,,,,,,,,,,,,,,,,,,,,,,,,,
Lakesha Felder,,2871,,,8033873644,,,,111 cumberland ct,,Orangeburg,SC,29115,,,,,,,,,No,,,,,,,,,,,,,,,,,,,,,,,,,,,,,
Lakesha Oliver,,4580,Lakesha,Oliver,(803) 308-8808,,,,7506 Charelston Hwy ,,Bowman ,SC,,,,,,,,,,No,,,,,,,,,,,,,,,,,,,,,,,,,,,,,
Lakeshia Cannady,,3485,,,8038378141,,,,154 cordarold road,,Neeses,SC,29107,,,,,,,,,No,,,,,,,,,,,,,,,,,,,,,,,,,,,,,
Lakeside Cigars and  Tobacco,,8454,Mike,Patel,(516) 660-4293,,,,166 Business Park Dr,,Santee,South Carolina,29142-8689,,,,,,,,,Yes,,,8288,,,,,,,,,,,,,,,,,,,,,,,,,,
Lakeside Landscaping       ,,4805,Lakeside,Landscaping       ,(803) 854-3184,,,New,161 City Point Road,,Elloree,SC,29047,Brian,Hooks,(803) 460-3476,,,,,,No,,,7156,,,,,,,,,,,,,,,,,,,,,,,,,,
Laketia Poellnitz,,5752,,,4704159890,,,,161 Abbott Street,,Bowman,SC,29018,,,,,,,,,No,,,,,,,,,,,,,,,,,,,,,,,,,,,,,
Lakiesha Colman,,3500,,,8037473752,,,,263 Murry,,Orangeburg,SC,29115,,,,,,,,,No,,,,,,,,,,,,,,,,,,,,,,,,,,,,,
Lakisha Benekin,,3814,,,8038549317,,,,561 Resort St,,Santee,SC,29142,,,,,,,,,No,,,,,,,,,,,,,,,,,,,,,,,,,,,,,
Lakisha Patrick,,8241,Lakisha,Patrick,(305) 213-2553,kiwigreen28@hotmail.com,,,1120 Uncle Bud Road,,Orangeburg,SC,29115,,,,,,,,,Yes,,,,,,,,,,,,,,,,,,,,,,,,,,,,,
Lakisha Patrick,,8242,Lakisha,Patrick,(305) 213-2553,kiwigreen28@hotmail.com,,,1120 Uncle Bud Road,,Orangeburg,SC,29115,,,,,,,,,Yes,,,,,,,,,,,,,,,,,,,,,,,,,,,,,
Lakishia Taylor,,275,,,8038600718,,,,127 Dre Court,,,SC,,,,,,,,,,No,,,,,,,,,,,,,,,,,,,,,,,,,,,,,
Lamar Daniels,,2015,,,8038972515,,,,246 Canebrake Ct,,Elloree,SC,29047,,,,,,,,,No,,,,,,,,,,,,,,,,,,,,,,,,,,,,,
Lamb Shelley,,5327,Lamb,Shelley,,,,,144 Wateree Dr,,Santee,SC,29142,,,,,,,"#fiberCustomer, #residential",,No,,,,,,,,,,,,,,,,,,,,,,,,,,,,,
Lamont Nelson,,413,,,8034927257,,,,532 Factory Rd  ,,Eutawville,SC,29048,,,,,,,,,No,,,,,,,,,,,,,,,,,,,,,,,,,,,,,
Lanata Waring,,4761,,,8036822665,,,,118 Larramore Court,,Santee,SC,29142,,,,,,,,,No,,,,,,,,,,,,,,,,,,,,,,,,,,,,,
Lance Jones,,6112,Lance,Jones,(803) 860-7989,lance.jones4884@gmail.com,,,7074 Vance Rd,,Bowman,South Carolina,29018-8984,,,,,,,,,Yes,,,,,,,,,,,,,,,,,,,,,,,,,,,,,
Landon Dao,,5948,Landon,Doa,(854) 444-9082,,,,100 Saluda Drive,,Santee,SC,29142,,,,,,,"#fiberCustomer, #residential",,Yes,,,,,,,,,,,,,,,,,,,,,,,,,,,,,
Landy Weathers,,4187,,,8036005818,,,,7105 Vance Road,,Bowman,SC,29018,,,,,,,,,No,,,,,,,,,,,,,,,,,,,,,,,,,,,,,
Lanesha Dowling,,6082,Lanesha,Dowling,(803) 974-0002,neshasheard@yahoo.com,,,174 Wactor Drive,,Santee,SC,29142,,,,,,,,,Yes,,,,,,,,,,,,,,,,,,,,,,,,,,,,,
Lanier and Burroughs,,561,Lanier,and Burroughs,(803) 268-9800,,,,PO Drawer 2789,250 Gibson St,Orangeburg,SC,29116,,,,,,,,,No,,,6979,,,,,,,,,,,,,,,,,,,,,,,,,,
Laquanda Shingler,,6341,Laquanda,Shingler,(803) 759-5841,,,,861 Toney Bay Road,,Holly Hill,SC,29059,,,,,,,,,Yes,,,,,,,,,,,,,,,,,,,,,,,,,,,,,
Laquandria Lawton,,5935,Laquandria,Lawton,(803) 308-2882,llawton68@gmail.com,,,1046 West Harlin Street,,Elloree,SC,29047,,,,,,,,,Yes,,,7620,,,,,,,,,,,,,,,,,,,,,,,,,,
Laquanna Owens,,3807,,,8036144229,,,,407 Barcelona Dr,,Santee,SC,29142,,,,,,,,,No,,,,,,,,,,,,,,,,,,,,,,,,,,,,,
Laquetta Gilmore,,4795,,,8036142088,,,,148 Tea Olive ct,,Orangeburg,SC,29115,,,,,,,,,No,,,,,,,,,,,,,,,,,,,,,,,,,,,,,
Laquinta Gantt,,3069,,,8032900032,,,,1438 Pepper Ln,,Orangeburg,SC,29115,,,,,,,,,No,,,,,,,,,,,,,,,,,,,,,,,,,,,,,
Lara Beason,,5261,,,8438145510,,,,359 Lexington rd,,,SC,,,,,,,,,,No,,,,,,,,,,,,,,,,,,,,,,,,,,,,,
Larica Felder,,1869,,,8038371892,,,,1011 Dibble St.,,Bowman,SC,29018,,,,,,,,,No,,,,,,,,,,,,,,,,,,,,,,,,,,,,,
Larry Arrowood,,2053,,,8035313859,,,,307 Mixon Mill Rd,,Cordova,SC,,,,,,,,,,No,,,,,,,,,,,,,,,,,,,,,,,,,,,,,
Larry Barwick,,967,,,8035331611,,,,.,,,SC,,,,,,,,,,No,,,,,,,,,,,,,,,,,,,,,,,,,,,,,
Larry Beach CPA,,5025,,,8035346443,,,,1220 Broughton Street,,Orangeburg,SC,29115,,,,,,,,,No,,,,,,,,,,,,,,,,,,,,,,,,,,,,,
Larry Berry,,2382,,,8033781222,,,,2633 Big Buck Blvd,,Bowman,SC,,,,,,,,,,No,,,,,,,,,,,,,,,,,,,,,,,,,,,,,
Larry Burgbacher (Irrevocable Trust),,5049,,,8434428165,,,,304 Broad River Dr,,Santee,SC,29142,Jason,,(843) 478-3286,,Son,,"#fiberCustomer, #residential",,No,,,7255,,,,,,,,,,,,,,,,,,,,,,,,,,
Larry Catlett,,3762,,,8035331623,,,,209 Albee Ln,,Neeses,SC,,,,,,,,,,No,,,,,,,,,,,,,,,,,,,,,,,,,,,,,
Larry Doyle,,5592,,,,,,,114 Broad River Dr,,Santee,SC,29142,,,,,,,"#fiberCustomer, #residential",,No,,,,,,,,,,,,,,,,,,,,,,,,,,,,,
Larry F Sims,,1230,Larry,F Sims,8039716188,,,,106 Wateree Annex        ,,Santee,SC,29142,,,,,,,"#fiberCustomer, #residential",,No,,,2739,,,,,,,,,,,,,,,,,,,,,,,,,,
Larry Felder,,3333,,,8039379774,,,,1399 Lartique Dr,,Orangeburg,SC,29115,,,,,,,,,No,,,,,,,,,,,,,,,,,,,,,,,,,,,,,
Larry Fogle,,427,Brian,Tilton,8036822436,,,,1126 Pruitt Dr,,Orangeburg,SC,29118,,,,,,,,,No,,,,,,,,,,,,,,,,,,,,,,,,,,,,,
Larry Garrick,,6028,Larry,Garrick,(803) 682-5634,,,,550 Bonnette Road,,Cope ,SC,29038,,,,,,,,,Yes,,,,,,,,,,,,,,,,,,,,,,,,,,,,,
Larry Greene,,635,,,8038972846,,,,133 Tarpin Court,,Elloree,SC,29047,,,,,,,,,No,,,,,,,,,,,,,,,,,,,,,,,,,,,,,
Larry Halverson-Tracy,,859,,,8038543677,,,,327 Pinewood Dr.,,Santee,SC,29142,,,,,,,,,No,,,,,,,,,,,,,,,,,,,,,,,,,,,,,
Larry Johnson,,3986,,,7042234898,,,,581 bowman ave,,Bowman,SC,29018,,,,,,,,,No,,,,,,,,,,,,,,,,,,,,,,,,,,,,,
Larry Jumper,,978,Larry,Jumper,8033784389,,,,536 Gramling Rd.,,Cameron ,SC,,,,,,,,,,No,,,5281,,,,,,,,,,,,,,,,,,,,,,,,,,
Larry Kyzer,,8572,Larry,Kyzer,(803) 347-6360,,,,391 Hodges Dr,,Orangeburg,South Carolina,29118-2239,,,,,,,,,Yes,,,,,,,,,,,,,,,,,,,,,,,,,,,,,
Larry Mcdonough,,4348,Larry,Mcdonough,5136237217,,,,202 Cooper Dr,,Santee,SC,29142,,,,,,,"#fiberCustomer, #residential",,No,,,7387,,,,,,,,,,,,,,,,,,,,,,,,,,
Larry Smith,,960,Larry,Smith,(803) 682-2528,,,,7205 Charleston Hwy,,Bowman,SC,29018,,,,,,,,,No,,,4817,,,,,,,,,,,,,,,,,,,,,,,,,,
Larry Turner,,477,,,8039374801,,,,221 Cooper Dr        ,,Santee,SC,29142,,,,,,,"#fiberCustomer, #residential",,No,,,,,,,,,,,,,,,,,,,,,,,,,,,,,
Larry Williams,,3894,,,8039749035,,,,597 Resort Street,,Santee,SC,29142,,,,,,,,,No,,,,,,,,,,,,,,,,,,,,,,,,,,,,,
Lashawn Mitchell,,4206,,,8038579289,,,,127 Citation Drive,,Elloree,SC,29047,,,,,,,,,No,,,,,,,,,,,,,,,,,,,,,,,,,,,,,
Lashawn Mitchell,,367,,,8038972730,,,,204 Midway Road,P.O. Box 802,Elloree,SC,29047,,,,,,,,,No,,,,,,,,,,,,,,,,,,,,,,,,,,,,,
Lashayla Venable,,2848,,,8037418281,,,,1244 Douglas Macarthur st,,Orangeburg,SC,29115,,,,,,,,,No,,,,,,,,,,,,,,,,,,,,,,,,,,,,,
Lashonda Lewis ,,4480,,,8032906689,,,,530 Maple st ,,Orangeburg,SC,29115,,,,,,,,,No,,,,,,,,,,,,,,,,,,,,,,,,,,,,,
Lasonya Williams,,1203,Lasonya,Williams,8036596728,,,,121 LakeLand Circle B5,,Santee,SC,29142,,,,,,,,,No,,,,,,,,,,,,,,,,,,,,,,,,,,,,,
Lataff Felder,,8303,Lataff,Felder,(843) 209-9566,latafffelder41@gmail.com,,,117 Stono Cir,Santee,,SC,29142,,,,,,,,,Yes,,,8177,,,,,,,,,,,,,,,,,,,,,,,,,,
Latanya Ravenell,,2388,Latanya,Ravenell,8033476011,,,,129 Big Phils Ct,,Santee,SC,29142,,,,,,,,,No,,,,,,,,,,,,,,,,,,,,,,,,,,,,,
Latasha Jenkins,,1541,,,8034967916,,,,2254 Vance Rd,,Vance,SC,,,,,,,,,,No,,,,,,,,,,,,,,,,,,,,,,,,,,,,,
Latasha Williams,,4747,,,8039713334,,,,239 Fourwind Road,,HollyHill,SC,29059,,,,,,,,,No,,,,,,,,,,,,,,,,,,,,,,,,,,,,,
Latavis Evans,,1968,,,8038542317,,,,206 Sweet Bay Ln,,Santee,SC,29142,,,,,,,,,No,,,,,,,,,,,,,,,,,,,,,,,,,,,,,
Lateisha Beard ,,5448,,,7135027643,,,,9111 Old number six hwy,,Santee,SC,,,,,,,,,,No,,,,,,,,,,,,,,,,,,,,,,,,,,,,,
Latesha McCall,,8500,Latesha,McCall,(843) 729-1969,Teshasworld2688@gmail.com,,,909 Bream Circle,,Santee,SC,29142,,,,,,,,,Yes,,,8327,,,,,,,,,,,,,,,,,,,,,,,,,,
Lateya Brown,,5897,Lateya,Brown,(803) 974-0884,lateya5@yahoo.com,,,180 Cantey Dr,223,Santee,South Carolina,29142-8945,,,,,,,,,Yes,,,7577,,,,,,,,,,,,,,,,,,,,,,,,,,
Laticy Stroman,,1990,,,8037078176,,,,128 Flash Ln,,Santee,SC,29142,,,,,,,,,No,,,,,,,,,,,,,,,,,,,,,,,,,,,,,
Latisha McMichael,,1321,,,8038293405,,,,893 Rail St,,Bowman,SC,29018,,,,,,,,,No,,,,,,,,,,,,,,,,,,,,,,,,,,,,,
Latonia Witherspoon,,4634,,,8039710079,,,,1802 pinland st,,Vance,SC,29163,,,,,,,,,No,,,,,,,,,,,,,,,,,,,,,,,,,,,,,
Latonya Dash,,4889,,,8039740812,,,,131 Lefty ct,,Elloree ,SC,,,,,,,,,,No,,,,,,,,,,,,,,,,,,,,,,,,,,,,,
Latonya Lambright,,5886,Latonya ,Lambright,(803) 496-4930,,,,180 Cantey Drive,APT 222,Santee,SC,29142,,,,,,,,,Yes,,,,,,,,,,,,,,,,,,,,,,,,,,,,,
Latonya Peeples,,1639,,,8036144678,,,,41 Keener Ct,,Orangeburg,SC,29118,,,,,,,,,No,,,,,,,,,,,,,,,,,,,,,,,,,,,,,
Latonya Ravenell,,3227,,,8039740773,,,,129 Big Phils Court,,Santee,SC,29142,,,,,,,,,No,,,,,,,,,,,,,,,,,,,,,,,,,,,,,
Latonya Simmons,,3471,,,8033878882,,,,2125 Felderville Rd,,Santee,SC,29142,,,,,,,,,No,,,,,,,,,,,,,,,,,,,,,,,,,,,,,
Latonya Thompson,,5138,,,8033080934,,,,695 Hardware Street,,Elloree,SC,29047,,,,,,,,,No,,,,,,,,,,,,,,,,,,,,,,,,,,,,,
Latonya Waterman,,3767,,,9042529194,,,,5050 Myrtle Drive,,Santee,SC,29142,,,,,,,,,No,,,,,,,,,,,,,,,,,,,,,,,,,,,,,
Latonya West,,4114,Latonya,West,(803) 837-0872,,,,188 Intracostal Lane,,Santee,SC,29142,,,,,,,,,No,,,,,,,,,,,,,,,,,,,,,,,,,,,,,
Latoya  Bookhart,,6026,Latoya, Bookhart,(803) 759-0090,,,,224 Nimbus Road,,Vance,SC,,,,,,,,,,Yes,,,,,,,,,,,,,,,,,,,,,,,,,,,,,
LaToya Bonapart ,,4349,,,8036621886,,,,256 H and S Drive,256 Haynes St ,Orangeburg ,SC,29115,,,,,,,,,No,,,,,,,,,,,,,,,,,,,,,,,,,,,,,
Latoya Gilmore-Ndure,,8311,Latoya,Gilmore-Ndure,(803) 614-9181,,,,180 Cantey Dr,205,Santee,South Carolina,29142-8945,,,,,,,,,Yes,,,8182,,,,,,,,,,,,,,,,,,,,,,,,,,
Latoya Goodwin,,1379,,,8037590692,,,,1042 Lodge Hall Street,,Vance,SC,29163,,,,,,,,,No,,,,,,,,,,,,,,,,,,,,,,,,,,,,,
Latoya Mallard,,1570,,,8038292637,,,,124 Passage Pl (new),7521 Charleston Hwy (old),Bowman,SC,29018,,,,,,,,,No,,,,,,,,,,,,,,,,,,,,,,,,,,,,,
Latoya Moorer,,2065,Latoya,Moorer,8033784311,,,,335 Parklane Dr,,,SC,,,,,,,,,,No,,,4450,,,,,,,,,,,,,,,,,,,,,,,,,,
Latoya Moorer,,4810,,,,,,,,,,,,,,,,,,,,No,,,,,,,,,,,,,,,,,,,,,,,,,,,,,
Latoya Perry,,5937,Latoya,Perry,(843) 560-3273,,,,360 Bryant RD,,Reevesville,SC,29471,,,,,,,,,Yes,,,,,,,,,,,,,,,,,,,,,,,,,,,,,
Latoya Shuler,,2378,,,,,,,135 Cheryl Lane,,Santee ,SC,,,,,,,,,,No,,,,,,,,,,,,,,,,,,,,,,,,,,,,,
Latrell Abraham,,3049,,,8038540956,,,,182 Pedigree ln,,Santee,SC,29142,,,,,,,,,No,,,,,,,,,,,,,,,,,,,,,,,,,,,,,
Latricia Fogle,,4948,,,8033085292,,,,7012 Old Number 6 hwy,,Elloree,SC,,,,,,,,,,No,,,,,,,,,,,,,,,,,,,,,,,,,,,,,
Latricia Jones,,3215,,,8033878734,,,,315 Plum Tree Rd,,North,SC,29112,,,,,,,,,No,,,,,,,,,,,,,,,,,,,,,,,,,,,,,
Latroya Keitt,,6193,Latroya,Keitt,(803) 759-1046,isaiah10102@gmail.com,,,2031 Tee Vee Road,,Elloree,SC,29047,,,,,,,,,Yes,,,,,,,,,,,,,,,,,,,,,,,,,,,,,
Lattie Rodney,,4949,,,8035964164,,,,5331 Five Chop rd,,Orangeburg,SC,,,,,,,,,,No,,,,,,,,,,,,,,,,,,,,,,,,,,,,,
Laura Beason,,5275,Laura,Beason,(843) 819-9234,,,,359 Lexington Road,,Elloree,SC,29047,,,,,,,,,No,,,7326,,,,,,,,,,,,,,,,,,,,,,,,,,
Laura Benecke,,5862,Laura,Benecke,8033780279,,,,141 Saluda Dr,,Santee,SC,29142,,,,,,,"#fiberCustomer, #residential",,No,,,7570,,,,,,,,,,,,,,,,,,,,,,,,,,
Laura Clarke,,8421,Laura,Clarke,(843) 749-0648,lauraclarke0319@gmail.com,,,356 Bass Dr,,Santee,South Carolina,29142-8884,,,,,,,,,Yes,,,,,,,,,,,,,,,,,,,,,,,,,,,,,
Laura Clayton,,5566,Laura,Clayton,8435604339,,,,138 Wateree Dr,,Santee ,SC,29142,,,,,,,"#fiberCustomer, #residential",,No,,,7449,,,,,,,,,,,,,,,,,,,,,,,,,,
Laura Davis,,3177,,,8035339249,,,,183 Bimini Bay Rd,,Orangeburg,SC,29115,,,,,,,,,No,,,,,,,,,,,,,,,,,,,,,,,,,,,,,
Laura Gordon,,5834,Laura,Gordon,(803) 348-3149,,,,231 Cooper Drive,,Santee,SC,29142,,,,,,,"#fiberCustomer, #residential",,No,,,7559,,,,,,,,,,,,,,,,,,,,,,,,,,
Laura Hair,,4217,,,8039208701,,,,108 Boyce Lawton Drive,,Cameron,SC,29030,,,,,,,,,No,,,,,,,,,,,,,,,,,,,,,,,,,,,,,
Laura Harris,,839,Laura,Harris,(803) 759-0064,,,,10029 Old State Rd.,,Cameron ,SC,,,,,,,,,,No,,,,,,,,,,,,,,,,,,,,,,,,,,,,,
Laura Haynes,,3016,,,8035366562,,,,179 Grassy lane,,Bowman,SC,29018,,,,,,,,,No,,,,,,,,,,,,,,,,,,,,,,,,,,,,,
Laura Huber,,3574,,,8037070925,,,,,,,,,,,,,,,,,No,,,2740,,,,,,,,,,,,,,,,,,,,,,,,,,
Laura Jenkins,,3081,,,8438178178,,,,1293 Goff Ave,,Orangeburg,SC,29115,,,,,,,,,No,,,,,,,,,,,,,,,,,,,,,,,,,,,,,
Laura Laduke,,7924,Laura,Laduke,(912) 441-2071,,,Rental,387 Ballard Lane,,Santee,SC,29142,,,,,,,,,Yes,,,7891,,,,,,,,,,,,,,,,,,,,,,,,,,
Laura Lindsay,,8673,Laura,Lindsay,(843) 340-3165,laylalindsay@frontier.com,,,415 Santee Dr,,Santee,South Carolina,29142-9304,,,,,,,,,Yes,,,,,,,,,,,,,,,,,,,,,,,,,,,,,
Laura Motley,,4373,,,5732251826,,,,444 Harley Road,,Reevesville,SC,29471,,,,,,,,,No,,,,,,,,,,,,,,,,,,,,,,,,,,,,,
Laura Sneed,,5066,,,8038571488,,,,124 Cooper dr,,Santee,SC,29142,,,,,,,"#fiberCustomer, #residential",,No,,,,,,,,,,,,,,,,,,,,,,,,,,,,,
Laurel Baye Health Care,,1157,Jason,Evans,8038372327,,,,575 Stonewall Jackson Blvd,,Orangeburg,SC,29115,,,,,,,,,No,,,,,,,,,,,,,,,,,,,,,,,,,,,,,
Lauren Caddell,,4504,,,8037073958,,,,110 Angler lane,,Neeses,SC,29115,,,,,,,,,No,,,,,,,,,,,,,,,,,,,,,,,,,,,,,
Lauren Dawkins,,2924,,,8032903600,,,,2323 Belleville Rd,,Orangeburg,SC,29118,,,,,,,,,No,,,,,,,,,,,,,,,,,,,,,,,,,,,,,
Lauren Varnadoe,,3007,Lauren,Varnadoe,(843) 830-5007,,,,6818 Johnston Avenue,,Reevesville,SC,29471,,,,,,,,,No,,,7614,,,,,,,,,,,,,,,,,,,,,,,,,,
Lauretta Herrick,,955,Lauretta,Herrick,(803) 854-5260,,,,2 John Fothergill Cir,,Santee,SC,29142,,,,,,,,,No,,,,,,,,,,,,,,,,,,,,,,,,,,,,,
Laurie Bongiorno,,5747,,,8039740307,,,,370 chapel creek d,,Santee,SC,29142,,,,,,,,,No,,,,,,,,,,,,,,,,,,,,,,,,,,,,,
Laurie Coates,,8156,Laurie ,Coates,(907) 399-1969,coates@alaskan.com,,,127 William Clark Boulevard,,Santee,SC,29142,,,,,,,,,Yes,,,8069,,,,,,,,,,,,,,,,,,,,,,,,,,
Laurie Krzyston,,1776,,,8035330997,,,,1575 Lee Blvd,,Orangeburg,SC,29118,,,,,,,,,No,,,,,,,,,,,,,,,,,,,,,,,,,,,,,
Laurie Minus,,2118,Laurie,Minus,8435601818,,,,440 Harley Rd,,Reevesville,SC,29471,,,,,,,,,No,,,,,,,,,,,,,,,,,,,,,,,,,,,,,
laurie minus,,4337,Ken,Minus,(843) 200-7131,,,,440 Harley Road,,Reevesville,SC,29471,,,,,,,,,No,,,,,,,,,,,,,,,,,,,,,,,,,,,,,
Laurie Mullinas ,,5366,,,8432704760,,,,407 Santee Dr,,Santee,SC,,,,,,,,"#fiberCustomer, #residential",,No,,,,,,,,,,,,,,,,,,,,,,,,,,,,,
Laurie Mullinax,,6346,Laurie,Mullinax,(843) 270-4760,,,,98 Saluda Drive,,Santee,SC,29142,,,,,,,"#fiberCustomer, #residential",,Yes,,,7824,,,,,,,,,,,,,,,,,,,,,,,,,,
Laverne Chancy,,853,,,8038972126,,,,814 Antioch Rd,,Santee,SC,29142,,,,,,,,,No,,,,,,,,,,,,,,,,,,,,,,,,,,,,,
Laverne Clark,,2206,Laverne,Clark,8039749189,,,,553 Resort St,,Santee,SC,29142,,,,,,,,,No,,,,,,,,,,,,,,,,,,,,,,,,,,,,,
Laverne Jamison,,1530,,,8038545055,,,,113 Edisto Dr,,Santee,SC,29142,,,,,,,,,No,,,,,,,,,,,,,,,,,,,,,,,,,,,,,
Laverne Ndiaya,,8050,Laverne,Ndiaya,(803) 860-4332,,,,130 Abbott Street,,Bowman,SC,29018,,,,,,,,,Yes,,,,,,,,,,,,,,,,,,,,,,,,,,,,,
Lavernette Green,,3594,,,8039710276,,,,867 Bayview St,,Holly Hill,SC,29059,,,,,,,,,No,,,,,,,,,,,,,,,,,,,,,,,,,,,,,
Lavon Shuler,,5988,Von,Shuler,(803) 634-7452,,,,,,Santee,SC,29142,,,,,,,,,Yes,,,,,,,,,,,,,,,,,,,,,,,,,,,,,
Lavonda Riggins,,5047,,,8038573113,,,,2307 Teevee rd,, Elloree,SC,,,,,,,,,,No,,,,,,,,,,,,,,,,,,,,,,,,,,,,,
Law Office of Belinda Davis Branch LLC,,6306,Annette,Jones,(803) 533-1006,,,,205 Elliott Street Southeast,,Orangeburg,SC,29115,,,,,,,,,Yes,,,,,,,,,,,,,,,,,,,,,,,,,,,,,
Law office of Ronald E. Hutto  LLC,,1993,,,,,,,198 Docket St Suite 101,,,SC,,,,,,,,,,No,,,,,,,,,,,,,,,,,,,,,,,,,,,,,
Law Office of Ronald E. Hutto  LLC,,8471,Law,Office of Ronald E. Hutto  LLC,(803) 534-0626,,,,1240 Amelia St,,Orangeburg,South Carolina,29115-5478,,,,,,,,,Yes,,,,,,,,,,,,,,,,,,,,,,,,,,,,,
Lawrance Lynn,,5075,,,8032930667,,,,6318 Old Number 6 hwy,,Ellorre,SC,,,,,,,,,,No,,,,,,,,,,,,,,,,,,,,,,,,,,,,,
Lawrence Berry,,2661,,,8033781222,,,,2633 Big Buck Blvd,,Bowman,SC,,,,,,,,,,No,,,,,,,,,,,,,,,,,,,,,,,,,,,,,
Lawrence Curtis,,4851,,,8039749558,,,,1001 Myrtle Dr,,Santee,SC,29142,,,,,,,,,No,,,,,,,,,,,,,,,,,,,,,,,,,,,,,
Lawrence High,,338,,,8038543442,,,,573 Resort St.,,Santee,SC,29142,,,,,,,,,No,,,,,,,,,,,,,,,,,,,,,,,,,,,,,
Lawrence Potter ,,5144,,,8438701019,,,,359 South Lexington st ,,Elloree,SC,,,,,,,,,,No,,,,,,,,,,,,,,,,,,,,,,,,,,,,,
Lawrence T. Halverson-Tracy,,4273,,,8038373154,,,,327 Pinewood Rd,,Santee,SC,29142,,,,,,,,,No,,,,,,,,,,,,,,,,,,,,,,,,,,,,,
Lawrence Washington,,2241,,,8038546321,,,,140 McCord Dr,,Santee,SC,29142,,,,,,,,,No,,,6071,,,,,,,,,,,,,,,,,,,,,,,,,,
Laytoya Kinard,,3607,,,8032909533,,,,239 Woodberry Drive,,Orangeburg,SC,,,,,,,,,,No,,,,,,,,,,,,,,,,,,,,,,,,,,,,,
LD Suggs,,2027,,,8432093492,,,,139 Saluda Dr,,Santee,SC,29142,,,,,,,"#fiberCustomer, #residential",,No,,,,,,,,,,,,,,,,,,,,,,,,,,,,,
Leaf 2 Light Cigars,,7826,Karen,Smith,(803) 854-5100,Leaf2lightcigars@gmail.com,,,,,,,,,,,,,,,,Yes,,,7836,,,,,,,,,,,,,,,,,,,,,,,,,,
Leah Glasby,,5986,Leah,Glasby,(843) 751-0232,,,,6517 Old Number Six Highway,,Elloree,SC,29047,,,,,,,,,Yes,,,,,,,,,,,,,,,,,,,,,,,,,,,,,
Leah McKloskie,,5618,,,8037959414,,,,193 Ballard Lane,,Santee,SC,29142,,,,,,,,,No,,,,,,,,,,,,,,,,,,,,,,,,,,,,,
Leatha Taste,,2850,,,8037595466,,,,1263 nouveau rd,,Eutawville ,SC,29048,,,,,,,,,No,,,,,,,,,,,,,,,,,,,,,,,,,,,,,
Lee Blackman,,4199,,,8038972563,,,,135 Sunset Drive,,Elloree,SC,,,,,,,,,,No,,,,,,,,,,,,,,,,,,,,,,,,,,,,,
Lee Blume,,2107,,,8037078027,,,,217 Misty Glenn Rd,,Elloree,SC,29047,,,,,,,,,No,,,,,,,,,,,,,,,,,,,,,,,,,,,,,
Lee Brazell,,4202,,,8036140355,,,,2542 Branchdale Hwy,,Holly Hill,SC,29059,,,,,,,,,No,,,,,,,,,,,,,,,,,,,,,,,,,,,,,
Lee Fersner,,4474,,,8036140047,,,,4361 Russell St,,Orangeburg,SC,29115,,,,,,,,,No,,,,,,,,,,,,,,,,,,,,,,,,,,,,,
Lee Fersner,,5325,,,8036140047,,,,4361 Cameron Road,,Orangeburg,SC,29115,,,,,,,,,No,,,,,,,,,,,,,,,,,,,,,,,,,,,,,
Lee Financial Services,,1384,,,8038548088,,,,820 Bass Dr,,Santee ,SC,29142,,,,,,,,,No,,,,,,,,,,,,,,,,,,,,,,,,,,,,,
Lee Forestry,,3457,,,8036825500,,,,408 Russel St Suite 25 ,,,,,,,,,,,,,No,,,,,,,,,,,,,,,,,,,,,,,,,,,,,
Lee Fulmer,,5077,Lee,Fulmer,8033002818,,,,425 Delk ave,,Barnwell,SC,,,,,,,,,,No,,,7262,,,,,,,,,,,,,,,,,,,,,,,,,,
Lee Gaillard,,2334,,,8038542947,,,,209 Oak Hollow Dr,,Santee,SC,29142,,,,,,,,,No,,,,,,,,,,,,,,,,,,,,,,,,,,,,,
Lee Hardwell,,3422,Lee,Hardwell,(803) 534-7823,,,,1481 hebron rd,,Neeses,SC,29107,,,,,,,,,No,,,6674,,,,,,,,,,,,,,,,,,,,,,,,,,
Lee Harley,,2937,Lee,Harley,8439061977,,,,151 Park St,,Bowman,SC,,Novena,Goodwin,(803) 308-1850,,,,,,No,,,,,,,,,,,,,,,,,,,,,,,,,,,,,
Lee Harrison,,7910,Lee,Harrison,(843) 655-4104,,,,10010 Marion Dr,,Santee,SC,29142,,,,,,,"#fiberCustomer, #residential",,Yes,,,6592,,,,,,,,,,,,,,,,,,,,,,,,,,
Lee Nails ,,4642,Lee,Nails ,8038547007,,,,305 Santee River Plaza Circle ,,Santee ,,29142,,,,,,,,,No,,,,,,,,,,,,,,,,,,,,,,,,,,,,,
Lee Polin,,1029,Lee,Polin,8037073868,,,,133 Elbow Bend Rd,,Elloree,SC,29047,,,,,,,,,No,,,,,,,,,,,,,,,,,,,,,,,,,,,,,
Leea Perkins,,6185,Leea,Perkins,(843) 499-1456,leeaperkins126@gmail.com,,,127 Citation Drive,,Elloree,SC,29047,,,,,,,,,Yes,,,,,,,,,,,,,,,,,,,,,,,,,,,,,
LeeAnn Chapman,,3781,,,,,,,240 Johnson Drive,,Santee,SC,29142,,,,,,,,,No,,,,,,,,,,,,,,,,,,,,,,,,,,,,,
LeeAnn Fredericks,,6267,LeeAnn,Fredericks,(860) 306-0364,,,,123 Wateree Dr,,Santee,SC,29142,Trevor,Frefrick,(860) 463-4861,,,,"#fiberCustomer, #residential",,Yes,,,7765,,,,,,,,,,,,,,,,,,,,,,,,,,
Leisha Smith,,4865,,,8038971075,,,,250 Poplar creek,,Elloree,SC,,,,,,,,,,No,,,,,,,,,,,,,,,,,,,,,,,,,,,,,
Lemuel Garvin,,3686,,,8036141138,,,,6437 Charleston Highway,,Bowman,SC,29018,,,,,,,,,No,,,,,,,,,,,,,,,,,,,,,,,,,,,,,
Len Leclair,,5613,Len,Leclair,(901) 229-1063,,,,432 Santee Drive,,Santee,SC,29142,,,,,,,"#fiberCustomer, #residential",,No,,,7471,,,,,,,,,,,,,,,,,,,,,,,,,,
Lena Lewis,,3908,,,8039379617,,,,852 Chitwood Street,,Orangeburg,SC,29115,,,,,,,,,No,,,6834,,,,,,,,,,,,,,,,,,,,,,,,,,
Lender's Loans,,5388,,,8035350303,,,,1447 Russell Street,,Orangeburg,SC,29115,,,,,,,,,No,,,,,,,,,,,,,,,,,,,,,,,,,,,,,
Leo Browder,,1992,,,8038972404,,,,149 Canebreak Ct. ,,Elloree,SC,29047,,,,,,,,,No,,,,,,,,,,,,,,,,,,,,,,,,,,,,,
Leola Adams,,6181,Leola,Adams,(803) 534-8705,,,,1947 cherrywoods street,,Orangeburg,SC,29118,,,,,,,,,Yes,,,,,,,,,,,,,,,,,,,,,,,,,,,,,
Leola C Johnson   ,,1548,,,8038370461,,,,321 jet ridge rd,,Holly Hill,SC,29059,,,,,,,,,No,,,,,,,,,,,,,,,,,,,,,,,,,,,,,
Leon Dantzler,,1873,,,8034963591,,,,115 Lejay rd,,Santee,SC,,,,,,,,,,No,,,,,,,,,,,,,,,,,,,,,,,,,,,,,
Leon Dizzley,,4111,,,8035968406,,,,218 Shagbrak Trail Apt B,,North Charleston,SC,29418,,,,,,,,,No,,,,,,,,,,,,,,,,,,,,,,,,,,,,,
Leon Horton ,,6098,Leon ,Horton ,(803) 347-2986,,,,8500 Old Number Six Highway,,Santee,SC,29142,,,,,,,,,Yes,,,,,,,,,,,,,,,,,,,,,,,,,,,,,
Leona Mack,,1094,,,8035345740,,,,2456 griffith st,,Orangeburg,SC,29118,,,,,,,,,No,,,,,,,,,,,,,,,,,,,,,,,,,,,,,
Leonard Huggins Jr.,,1124,,,8038291566,,,,1051 Bowman Branch Hwy,,Bowman,SC,29018,,,,,,,,,No,,,,,,,,,,,,,,,,,,,,,,,,,,,,,
Leonard Murray,,351,,,8034923612,,,,118 Geraldson Dr,,Eutawville,SC,299048,,,,,,,,,No,,,,,,,,,,,,,,,,,,,,,,,,,,,,,
Leonard Parren,,2245,Leonard,Parren,6075635440,,,,6818 Charlston Hwy,,Bowman,SC,29018,,,,,,,,,No,,,6044,,,,,,,,,,,,,,,,,,,,,,,,,,
Leonard Rice,,4687,,,8037073437,,,,394 Deer Crossing rd ,,,SC,,,,,,,,,,No,,,,,,,,,,,,,,,,,,,,,,,,,,,,,
LeOsha Prioleau,,8623,LeOsha,Prioleau,(803) 759-6500,leosha721@gmail.com,,,748 Striped Bass Ct,,Santee,SC,29142,,,,,,,,,Yes,,,,,,,,,,,,,,,,,,,,,,,,,,,,,
Leroy Polin,,1016,,,8038972290,,,,7050 Old Number six Hwy,,Elloree,SC,29047,,,,,,,,,No,,,,,,,,,,,,,,,,,,,,,,,,,,,,,
Lesley Marshall,,7841,Lesley,Marshall,(803) 315-0643,,,,401 Barkley Street,,Elloree,SC,29047,Michelle,Antley,(803) 897-2546,,,,,,Yes,,,7844,,,,,,,,,,,,,,,,,,,,,,,,,,
Leslie Collins,,5983,Leslie,Collins,(803) 854-7010,,,,40 Andre Michaux Road,,Santee,SC,29142,,,,,,,,,Yes,,,6418,,,,,,,,,,,,,,,,,,,,,,,,,,
Leslie Davis,,2946,Leslie,Davis,(803) 570-0250,,,,145 Betty Pl,,Bowman,South Carolina,29018-9656,,,,,,,,,No,,,6423,,,,,,,,,,,,,,,,,,,,,,,,,,
Leslie Delacruz,,1862,,,8038972748,,,,191 Browing Road,,Elloree,SC,29047,,,,,,,,,No,,,,,,,,,,,,,,,,,,,,,,,,,,,,,
Leslie Denno,,8258,Leslie,Denno,(609) 332-6837,,,,620 Hampton Street,,Elloree,SC,29047,,,,,,,,,Yes,,,,,,,,,,,,,,,,,,,,,,,,,,,,,
Leslie Garner,,1589,Leslie,Garner,8034963750,,,,259 Jack Branch Rd,,Santee,SC,29142,,,,,,,,,No,,,,,,,,,,,,,,,,,,,,,,,,,,,,,
Leslie Pugh,,1989,Leslie,Pugh,8038542611,,,,132 Wateree Dr,,Santee,SC,29142,,,,,,,"#fiberCustomer, #residential",,No,,,,,,,,,,,,,,,,,,,,,,,,,,,,,
Lessie Hair,,1353,,,8038292885,,,,3920 Homestead Rd,,Bowman,SC,29018,,,,,,,,,No,,,,,,,,,,,,,,,,,,,,,,,,,,,,,
Lesteen Burns,,3285,,,8035962038,,,,667B Ellis Ave,,Orangeburg,SC,29115,,,,,,,,,No,,,,,,,,,,,,,,,,,,,,,,,,,,,,,
Lester Paquette,,4570,,,8037471833,,,,.,,,,,,,,,,,,,No,,,,,,,,,,,,,,,,,,,,,,,,,,,,,
Leticra Hernandez,,2049,,,8036642208,,,,175 Gwendolyn Dr,,Elloree,SC,29047,,,,,,,,,No,,,,,,,,,,,,,,,,,,,,,,,,,,,,,
Lettie Fralick,,2876,Lettie,Fralick,(803) 536-9807,,,,2141 Slab Landing Rd,,Neeses,SC,29107,,,,,,,,,No,,,6532,,,,,,,,,,,,,,,,,,,,,,,,,,
Levale Hezekiah,,2574,,,8038545015,,,,174 Buckhead Drive,,Elloree,SC,29047,,,,,,,,,No,,,,,,,,,,,,,,,,,,,,,,,,,,,,,
Leverage Group,,5774,Leverage,Group,8034040360,,,,1520 Russell Street,,Orangeburg,SC,29118,,,,,,,,,No,,,,,,,,,,,,,,,,,,,,,,,,,,,,,
Leveta Guyton,,2440,Leveta,Guyton,8438340992,,,,15 Peter Collinson Rd,,Santee,SC,29142,,,,,,,,,No,,,6160,,,,,,,,,,,,,,,,,,,,,,,,,,
Lewis Fogle,,8567,Lewis,Fogle,(803) 707-1936,,,,367 Pinehill Rd,,Orangeburg,South Carolina,29115-4546,,,,,,,,,Yes,,,,,,,,,,,,,,,,,,,,,,,,,,,,,
Lewis Shuler,,5985,Lewis,Shuler,(803) 974-0968,,,,9369 Old Number Six Highway,,Santee,SC,29142,,,,,,,,,Yes,,,7639,,,,,,,,,,,,,,,,,,,,,,,,,,
Lia Binetti,,8197,Lia,Benitti,(352) 552-0975,liawriter@aol.com,,,103 Rhett Court,,Santee,SC,29142,,,,,,,,,Yes,,,8097,,,,,,,,,,,,,,,,,,,,,,,,,,
Lifetime Doors,,127,,,,,,,812 Mayfield St,,Denmark ,SC,29843,,,,,,,,,No,,,,,,,,,,,,,,,,,,,,,,,,,,,,,
Lijie Lin,,3710,,,9172468428,,,,Marsh Wood Appartments #7,Lexington Street,Elloree,SC,29047,,,,,,,,,No,,,,,,,,,,,,,,,,,,,,,,,,,,,,,
Lil's Processing,,6089,Chuck,Blinkhorn,(843) 560-4903,,,,228 Porcher Avenue,,Eutawville,SC,29048,,,,,,,,,Yes,,,,,,,,,,,,,,,,,,,,,,,,,,,,,
Lillian Bodiford,,6018,Lillian,Bodiford,(843) 302-6378,,,,126 Saluda Drive,,Sc,Santee,29142,,,,,,,"#fiberCustomer, #residential",,Yes,,,,,,,,,,,,,,,,,,,,,,,,,,,,,
Lillian Johnson,,2904,,,8039378967,,,,885 Crestline dr,,Orangeburg,SC,29115,,,,,,,,,No,,,,,,,,,,,,,,,,,,,,,,,,,,,,,
Lillian Linville,,3372,Lillian,Linville,(603) 279-8394,,,,2043 slab landing road,,Neeses,SC,29107,,,,,,,,,No,,,,,,,,,,,,,,,,,,,,,,,,,,,,,
Lillian Simmons,,8537,Lillian,Simmons,(803) 971-9488,lanettasd@gmail.com,,,173 Ballard Ln,,Santee,South Carolina,29142-8565,,,,,,,,,Yes,,,,,,,,,,,,,,,,,,,,,,,,,,,,,
Lillian Thornburg,,3844,,,8432911182,,,,310 First St,,Santee`,SC,29142,,,,,,,,,No,,,,,,,,,,,,,,,,,,,,,,,,,,,,,
Lillie Gurganus,,846,Lillie,Gurganus,8036823158,,,,6087 Charleston Hwy. ,,Bowman,SC,29018,,,,,,,,,No,,,,,,,,,,,,,,,,,,,,,,,,,,,,,
Lillie Pickney,,2935,,,8038742797,,,,272 Creek Mill Rd,,North,SC,29112,,,,,,,,,No,,,,,,,,,,,,,,,,,,,,,,,,,,,,,
Lilly Green,,1559,,,8034969574,,,,131 Good Farm Rd,,Holly Hill,SC,29059,,,,,,,,,No,,,,,,,,,,,,,,,,,,,,,,,,,,,,,
Lilly Laclair,,7880,Lilly,Laclair,(843) 952-5590,m4m4h4wk3y33@yahoo.com,,,924 Moultrie Drive,,Santee,SC,29142,,,,,,,,,Yes,,,7883,,,,,,,,,,,,,,,,,,,,,,,,,,
Limehouse & Walsh,,4471,Nicole,Berry,(803) 534-6061,,,,1436 Amelia St,,,SC,,,,,,,,,,No,,,,,,,,,,,,,,,,,,,,,,,,,,,,,
Linda & Bruce Griffin,,998,Linda,& Bruce Griffin,8038972667,,,,262 Horse Pond Rd.,,Elloree ,SC,29047,,,,,,,,,No,,,,,,,,,,,,,,,,,,,,,,,,,,,,,
linda adams,,2006,,,8033089587,,,,54 Nates Store Rd,,Cameron ,SC,29030,,,,,,,,,No,,,,,,,,,,,,,,,,,,,,,,,,,,,,,
Linda Altman,,5106,,,8432967147,,,,104 Santee Cooper anx ,,Santee,SC,,,,,,,,,,No,,,,,,,,,,,,,,,,,,,,,,,,,,,,,
Linda Avildsen,,6182,Linda,Avildsen,(803) 747-7003,,,,190 Crescent Oaks Court,,Orangeburg,SC,29115,,,,,,,,,Yes,,,,,,,,,,,,,,,,,,,,,,,,,,,,,
Linda Bair,,8080,Linda,Bair,(803) 308-9684,smileybair93@gmail.com,,,1 Peter Colinson Road,,Santee,SC,29142,,,,,,,,,Yes,,,8110,,,,,,,,,,,,,,,,,,,,,,,,,,
Linda Berger,,3190,,,8038540193,,,,108 Broad River Dr,,Santee,SC,,,,,,,,"#fiberCustomer, #residential",,No,,,,,,,,,,,,,,,,,,,,,,,,,,,,,
Linda Berry,,2794,,,8035316247,,,,2633 Big Buck Blvd,,Bowman,SC,29018,,,,,,,,,No,,,,,,,,,,,,,,,,,,,,,,,,,,,,,
Linda Bledsoe,,5093,Linda,Bledsoe,(803) 664-1068,,,,2308 Cleveland Street,,Elloree,SC,29047,,,,,,,,,No,,,7264,,,,,,,,,,,,,,,,,,,,,,,,,,
Linda Bonnette,,5627,,,8033084736,,,,1946 Taylor Street,,Orangeburg,SC,29142,,,,,,,,,No,,,,,,,,,,,,,,,,,,,,,,,,,,,,,
Linda Bresnihan,,5435,,,8438223104,,,,1159 Mobile Street,,Orangeburg,SC,29115,,,,,,,,,No,,,,,,,,,,,,,,,,,,,,,,,,,,,,,
Linda Bryant,,3972,,,8037275156,,,,1362 Moore Rd,,,SC,,,,,,,,,,No,,,,,,,,,,,,,,,,,,,,,,,,,,,,,
Linda Corbisello,,8223,Linda,Corbisello,(843) 637-1905,Linda.Corbisello@gmail.com,,,150 William Clark Boulevard,,Santee,SC,29142,,,,,,,,,Yes,,,8120,,,,,,,,,,,,,,,,,,,,,,,,,,
Linda G Danner,,4035,,,,,,,176 Browning Rd,,Elloree,SC,29047,,,,,,,,,No,,,,,,,,,,,,,,,,,,,,,,,,,,,,,
Linda G Danner,,4036,,,,,,,176 Browning Rd,,Elloree,SC,29047,,,,,,,,,No,,,,,,,,,,,,,,,,,,,,,,,,,,,,,
Linda Gilliard,,4103,,,(803) 928-0430,,,,449 Bay st,,Elloree,SC,,,,,,,,,,No,,,,,,,,,,,,,,,,,,,,,,,,,,,,,
Linda Goodwin,,726,Linda,Goodwin,(803) 974-9804,,,,2303 Tee Vee Road,,Elloree,SC,29047,,,,,,,,,No,,,5112,,,,,,,,,,,,,,,,,,,,,,,,,,
Linda Gordon,,5636,,,8037076136,,,,1304 Weeping drive ,,Orangeburg,SC,29115,,,,,,,,,No,,,,,,,,,,,,,,,,,,,,,,,,,,,,,
Linda Green,,3606,,,8035154629,,,,207 Jack Branch Rd,,Santee,SC,29142,,,,,,,,,No,,,,,,,,,,,,,,,,,,,,,,,,,,,,,
Linda Hightower,,3169,Linda,Hightower,8038543642,,,,125 Green St,,,SC,,,,,,,,"#fiberCustomer, #residential, #VoIP",,No,,,6531,,,,,,,,,,,,,,,,,,,,,,,,,,
Linda Jeffcoat,,3696,Linda,Jeffcoat,8035341871,,,,387 Todd Creek Rd,,Neeses,SC,29107,,,,,,,,,No,,,,,,,,,,,,,,,,,,,,,,,,,,,,,
Linda Jones,,7878,Linda,Jones,(704) 608-0600,,,,1 Thomas Walter Circle,,Santee,SC,29142,,,,,,,,,Yes,,,7869,,,,,,,,,,,,,,,,,,,,,,,,,,
Linda Jones,,418,,,7046080600,,,,329 Santee Dr,,Santee,SC,29142,,,,,,,"#fiberCustomer, #residential",,No,,,,,,,,,,,,,,,,,,,,,,,,,,,,,
Linda M Bryant,,2039,,,8037275156,,,,PO Box 212,1362 Moore Rd (home),Orangeburg,SC,29116,,,,,,,,,No,,,,,,,,,,,,,,,,,,,,,,,,,,,,,
Linda O Ulmer,,5063,Linda,Ulmer,8032252041,,,,2309 Cleveland St,,Elloree,SC,29047,,,,,,,,,No,,,7257,,,,,,,,,,,,,,,,,,,,,,,,,,
Linda Oda,,5016,,,8036555090,,,,727 Caw Caw Hwy,,St Matthews ,SC,,,,,,,,,,No,,,,,,,,,,,,,,,,,,,,,,,,,,,,,
Linda Parris,,2733,,,8034297998,,,,4773 Edgewood Dr,,Orangeburg,SC,29118,,,,,,,,,No,,,,,,,,,,,,,,,,,,,,,,,,,,,,,
Linda Passmore,,8616,Linda,Passmore,(864) 828-0214,hlpassmore@gmail.com,,,120 Wateree Dr,,Santee,South Carolina,29142-9308,,,,,,,,,Yes,,,,,,,,,,,,,,,,,,,,,,,,,,,,,
Linda Rickenbaker,,982,,,8038371783,,,,216 Gamebird Ln,,Elloree,SC,,,,,,,,,,No,,,,,,,,,,,,,,,,,,,,,,,,,,,,,
Linda S. Blume,,865,,,(803) 707-4254,,,,266 Blume Rd,,Elloree,SC,29047,,,,,,,,,No,,,,,,,,,,,,,,,,,,,,,,,,,,,,,
Linda Stillwell,,282,,,8034965926,,,,1010 Jackson Belt Rd,NEW   380 E Main St,Harleyville,SC,29448,,,,,,,,,No,,,,,,,,,,,,,,,,,,,,,,,,,,,,,
Linda Terry,,2979,Linda,Terry,8037079564,,,,431 Murph Mill Rd,,St. Matthews,SC,29135,,,,,,,,,No,,,,,,,,,,,,,,,,,,,,,,,,,,,,,
Linda Walters,,2753,,,8285573001,,,,6302 Old Number Six Hwy,,Elloree,SC,29047,,,,,,,,,No,,,,,,,,,,,,,,,,,,,,,,,,,,,,,
Linda Watson,,783,,,8038548186,,,,187 Barcelona Drive,,Santee,SC,29142,,,,,,,,,No,,,,,,,,,,,,,,,,,,,,,,,,,,,,,
Linda Wells,,4278,,,8035416364,,,,366 Huckleberry Bay Road,,Barnwell,SC,29812,,,,,,,,,No,,,,,,,,,,,,,,,,,,,,,,,,,,,,,
Linda Williams,,3200,,,8035313149,,,,200 Lower Cherokee Rd,,Neeses,SC,29107,,,,,,,,,No,,,,,,,,,,,,,,,,,,,,,,,,,,,,,
Linda Wood,,5403,Linda,Wood,8436079393,,,,424 Santee Dr,,Santee,SC,,,,,,,,"#fiberCustomer, #residential",,No,,,7394,,,,,,,,,,,,,,,,,,,,,,,,,,
Linda Wright,,679,,,8035154629,,,,606 Fourwind Rd,,Holly Hill,SC,29059,,,,,,,,,No,,,,,,,,,,,,,,,,,,,,,,,,,,,,,
Lindsay Still,,5409,,,8036711020,,,,1576 Friendship Road,,Barnwell,SC,29812,,,,,,,,,No,,,,,,,,,,,,,,,,,,,,,,,,,,,,,
Lindsey Reynolds,,5964,Lindsey,Reynolds,(803) 566-3228,,,,337 Santee Drive,,Santee,SC,29142,,,,,,,"#fiberCustomer, #residential",,Yes,,,7612,,,,,,,,,,,,,,,,,,,,,,,,,,
Linton Davis,,5358,Linton,Davis,(803) 707-2682,,,,486 Meadowlark Dr,,Orangeburg,SC,29118,,,,,,,,,No,,,2754,,,,,,,,,,,,,,,,,,,,,,,,,,
Lisa Bearden,,3906,,,8037071698,,,,1961 Carolina Ave,,Orangeburg,SC,29115,,,,,,,,,No,,,,,,,,,,,,,,,,,,,,,,,,,,,,,
Lisa Bunch,,4257,,,8436966326,,,,143 Bayview St,,Holly Hill,SC,29059,,,,,,,,,No,,,,,,,,,,,,,,,,,,,,,,,,,,,,,
Lisa Casey Howell,,3070,,,9106172653,,,,435 Ballards Lane,,Santee,SC,29142,,,,,,,,,No,,,,,,,,,,,,,,,,,,,,,,,,,,,,,
Lisa Crossan,,723,,,8433512954,,,,107 Ballard Lane,,Santee,SC,29142,,,,,,,,,No,,,,,,,,,,,,,,,,,,,,,,,,,,,,,
Lisa Gooden,,3356,,,8039740163,,,,120 licorice lane,,Elloree,SC,29047,,,,,,,,,No,,,,,,,,,,,,,,,,,,,,,,,,,,,,,
Lisa Hollman,,5958,Lisa,Hollman,(803) 971-9283,,,Home, 501 Holly Way Court,,Holly Hill,SC,29059,,,,,,,,,Yes,,,,,,,,,,,,,,,,,,,,,,,,,,,,,
Lisa Johnson,,1343,,,8038600477,,,,4563 Cleveland St.,,Elloree,SC,29047,,,,,,,,,No,,,,,,,,,,,,,,,,,,,,,,,,,,,,,
Lisa K Williams,,6308,Lisa,Williams,(864) 435-5776,lkcw2029@gmail.com,,,6819 Barnwell Road,,Blackville,SC,29817,,,,,,,,,Yes,,,7786,,,,,,,,,,,,,,,,,,,,,,,,,,
Lisa Lutz,,463,Lisa,Lutz,8034967210,,,,2172 Antioch Rd      ,,Santee,SC,29142,,,,,,,,,No,,,,,,,,,,,,,,,,,,,,,,,,,,,,,
Lisa Myers,,1286,,,8037599454,,,,920 Hart Street,,Holly Hill,SC,29059,,,,,,,,,No,,,,,,,,,,,,,,,,,,,,,,,,,,,,,
Lisa Myers,,4911,,,8033789539,,,,407 Torrington rd,,Eutawville,SC,,,,,,,,,,No,,,,,,,,,,,,,,,,,,,,,,,,,,,,,
Lisa Quinlan,,3990,,,9103897341,,,,125 Bowman Ave,,Bowman,SC,29018,,,,,,,,,No,,,,,,,,,,,,,,,,,,,,,,,,,,,,,
Lisa Ray,,8514,Lisa,Ray,(803) 596-1771,lisa@raycommercial.com,,,511 Gue Rd,,Orangeburg,South Carolina,29115-4124,,,,,,,,,Yes,,,,,,,,,,,,,,,,,,,,,,,,,,,,,
Lisa Rivers,,3268,,,8032905540,,,,307 Joy Dr,,Santee,SC,29142,,,,,,,,,No,,,,,,,,,,,,,,,,,,,,,,,,,,,,,
Lisa Simmons,,2990,,,8433303146,,,,1481 Arista Road,,Bowman,SC,29018,,,,,,,,,No,,,,,,,,,,,,,,,,,,,,,,,,,,,,,
Lisa Stack,,1886,Lisa,Stack,(803) 539-1915,,,,160 Bowman Branch Hwy,,Bowman,SC,,,,,,,,,,No,,,,,,,,,,,,,,,,,,,,,,,,,,,,,
Lisa Tillison,,4987,Lisa,Tillison,3176041413,,,,314 Santee Drive,,Santee,SC,29142,,,,,,,"#fiberCustomer, #residential",,No,,,7470,,,,,,,,,,,,,,,,,,,,,,,,,,
Lisa Williams,,952,,,8037076311,,,,716 Jericho Rd.,,Cameron,SC,,,,,,,,,,No,,,,,,,,,,,,,,,,,,,,,,,,,,,,,
Live Oak Dental Associates,,837,.,Wix,8038292566,,,,1465 South Edgewater Dr   (Bill),108 Causeway Dr   Bowman  SC,Charleston   ,SC,29407,,,,,,,,,No,,,,,,,,,,,,,,,,,,,,,,,,,,,,,
lloyd Prebatt,,4836,,,8032206498,,,,4665 Five Chop rd,,Orangeburg,SC,,,,,,,,,,No,,,,,,,,,,,,,,,,,,,,,,,,,,,,,
LNJ Technologies,,2210,,,8038549018,,,,P.O. Box 1126 ,,Santee,SC,29142,,,,,,,,,No,,,,,,,,,,,,,,,,,,,,,,,,,,,,,
Local Finance,,2839,,,8035365600,,,,1014 Chestnut St,,,SC,,,,,,,,,,No,,,,,,,,,,,,,,,,,,,,,,,,,,,,,
Logan Harris,,1010,Logan,Harris,(803) 759-0675,,,,9728 Old State Rd,,Cameron,SC,,,,,,,,,,No,,,5352,,,,,,,,,,,,,,,,,,,,,,,,,,
Logan J Lamping,,3664,,,,,,,105 Birdie Ct,,Santee,SC,29142,,,,,,,,,No,,,,,,,,,,,,,,,,,,,,,,,,,,,,,
Lois McClain,,428,,,8438700101,,,,7255 Old Number Six Highway,,Elloree,SC,29047,,,,,,,,,No,,,,,,,,,,,,,,,,,,,,,,,,,,,,,
Lois Roberts,,8249,Lois ,Roberts,(716) 307-0850,ufvnis9654@att.net,,,116 William Clark Boulevard,,Santee,SC,29142,,,,,,,,,Yes,,,8136,,,,,,,,,,,,,,,,,,,,,,,,,,
Lola Bradshaw,,8601,Lola,Bradshaw,(803) 473-6495,lolatb49@gmail.com,,,202 Cooper Dr,,Santee,South Carolina,29142-9315,,,,,,,,,Yes,,,,,,,,,,,,,,,,,,,,,,,,,,,,,
Lolita Williams,,2597,Lolita,Williams,8033081249,,,,189 Mall St,,Santee,SC,,,,,,,,,,No,,,6248,,,,,,,,,,,,,,,,,,,,,,,,,,
Lone Star Barbeque Mercantile,,5440,,,8038373269,,,,2212 State Park rd,,Santee,SC,,,,,,,,,,No,,,,,,,,,,,,,,,,,,,,,,,,,,,,,
Longwood Plantation,,2916,Jerri,Johnson,(803) 535-0250,jerri.johnson-still@longwoodplantation.net,,,1687 Longwood Dr,,Orangeburg,SC,29118,,,,,,,,,No,,,,,,,,,,,,,,,,,,,,,,,,,,,,,
Lonnie Bair,,6126,Lonnie,Bair,(843) 990-2079,lonniebair@yahoo.com,,,,,,,,,,,,,,,,Yes,,,,,,,,,,,,,,,,,,,,,,,,,,,,,
Lonnie James,,5136,,,8039719920,,,,181 Training Road,,Eutawville,SC,29048,,,,,,,,,No,,,,,,,,,,,,,,,,,,,,,,,,,,,,,
Lonnie Shuler,,3530,,,8039378190,,,,135 Melvin Rd,,Orangeburg,SC,29118,,,,,,,,,No,,,,,,,,,,,,,,,,,,,,,,,,,,,,,
Loralyn Coker,,2352,,,8033541440,,,,171 Woodcock Rd,,Elloree,SC,,,,,,,,,,No,,,,,,,,,,,,,,,,,,,,,,,,,,,,,
Loralyn Coler,,8254,Loralyn,Coker,(803) 707-3947,,,,20 Andre Michaux Road,,Santee,SC,29142,,,,,,,,,Yes,,,,,,,,,,,,,,,,,,,,,,,,,,,,,
Lorane James,,3451,,,8036645284,,,,424 hilltop cir,,Orangeburg,SC,,,,,,,,,,No,,,,,,,,,,,,,,,,,,,,,,,,,,,,,
Lorel Humburg Office,,3003,,,8035319995,,,,2323 St. Matthews Road,,Orangeburg,SC,29118,,,,,,,,,No,,,,,,,,,,,,,,,,,,,,,,,,,,,,,
Lorene Ammond,,3843,,,8033086907,,,,694 Anderson Street,,Orangeburg,SC,29115,,,,,,,,,No,,,,,,,,,,,,,,,,,,,,,,,,,,,,,
Loretta Haselden,,2570,,,8034965805,,,,2089 Bonner Ave,,Santee,SC,29142,,,,,,,,,No,,,,,,,,,,,,,,,,,,,,,,,,,,,,,
Lori Barrows,,5626,,,8439343407,,,,136 Parklin Lane,,Elloree,SC,29142,,,,,,,,,No,,,,,,,,,,,,,,,,,,,,,,,,,,,,,
Lori Harmon,,5098,,,,,,,6019 Fivechop rd,,,SC,,,,,,,,,,No,,,,,,,,,,,,,,,,,,,,,,,,,,,,,
Lori Jackson,,1293,,,8038973047,,,,1621 Midway Rd,,Elloree,SC,29047,,,,,,,,,No,,,,,,,,,,,,,,,,,,,,,,,,,,,,,
Lorna Petrin,,6316,Lorna,Petrin,(803) 974-9101,,,,349 Fair Street,,Elloree,SC,29047,,,,,,,,,Yes,,,7785,,,,,,,,,,,,,,,,,,,,,,,,,,
Lorny Jackson,,3515,,,8038604174,,,,1451 Arista Rd,,Bowman,SC,29018,,,,,,,,,No,,,,,,,,,,,,,,,,,,,,,,,,,,,,,
Lorraine Bonaparte ,,4478,,,8036144097,,,,1264 lakeshore dr,,Orangeburg,SC,29115,,,,,,,,,No,,,,,,,,,,,,,,,,,,,,,,,,,,,,,
Lorraine Campbell,,3687,,,8033472626,,,,17L Andre Michaux Rd,,Santee,SC,29142,,,,,,,,,No,,,,,,,,,,,,,,,,,,,,,,,,,,,,,
Lorraine Easterby,,8394,Giles,Toole,(843) 425-4270,GilesToole@bellsouth.net,,Magnolias of Santee,118 Britian St,Room 106,Santee,South Carolina,29142,,,,,,,"#VoIP, #residential",,Yes,,Customer Referral,,,,,,,,,,,,,,,,,,,,,,,,,,,
Lorraine Shuler,,4809,,,8038786232,,,,335 Switch Grass Court,,Elloree,SC,29047,,,,,,,,,No,,,,,,,,,,,,,,,,,,,,,,,,,,,,,
Lorri Rutter,,5531,,,8434524819,,,,2713 Cleveland Ave,,Elloree ,SC,29047,,,,,,,,,No,,,,,,,,,,,,,,,,,,,,,,,,,,,,,
Lorri Rutter,,5698,,,8434895645,,,,695 HardWare Street,,Elloree,SC,29047,,,,,,,,,No,,,,,,,,,,,,,,,,,,,,,,,,,,,,,
Lorrie Mims,,2095,,,7049064211,,,,721 Rockhill Rd,PO Box 141,Vance,SC,29163,,,,,,,,,No,,,,,,,,,,,,,,,,,,,,,,,,,,,,,
Lorrine Shuler,,4771,,,8038786015,,,,335 Switch Grass ct,,Elloree,SC,,,,,,,,,,No,,,,,,,,,,,,,,,,,,,,,,,,,,,,,
Lotoya Gavins,,5429,,,2052176705,,,,651 torrington,,Eutaville ,SC,,,,,,,,,,No,,,,,,,,,,,,,,,,,,,,,,,,,,,,,
Lottie Dunning,,8247,Lottie,Dunning,(803) 308-0362,Ldunning@yahoo.com,,,1339 Springdale Drive,,Orangeburg,SC,29118,,,,,,,,,Yes,,,,,,,,,,,,,,,,,,,,,,,,,,,,,
Lou Hilliard,,5244,,,2028414617,,,,3424 Homestead rd,,Bowman,SC,,,,,,,,,,No,,,,,,,,,,,,,,,,,,,,,,,,,,,,,
Louis Deal Jr,,3624,,,,,,,599 One Oak Lane,,Bowman,SC,29018,,,,,,,,,No,,,,,,,,,,,,,,,,,,,,,,,,,,,,,
Louis Schneider,,4673,,,5613708493,,,,110 Purina Lane ,,Santee,SC,29142,,,,,,,,,No,,,,,,,,,,,,,,,,,,,,,,,,,,,,,
Louise Williams,,2760,,,8436361622,,,,128 Grimestown Rd,,Reevesville,SC,29471,,,,,,,,,No,,,,,,,,,,,,,,,,,,,,,,,,,,,,,
Loves Chevrolet,,3466,,,8034074800,,,,1255 Knox Abbott dr,,Cayce,SC,29033,,,,,,,,,No,,,,,,,,,,,,,,,,,,,,,,,,,,,,,
Lovie McFadden,,4812,Lovie,McFadden,8038291678,,,,6642 Vance Road,,Bowman,SC,29018,,,,,,,,,No,,,,,,,,,,,,,,,,,,,,,,,,,,,,,
Low Country Healty Start,,3855,,,8035318008,,,,1732 Village Park Drive,,Orangeburg,SC,29118,,,,,,,,,No,,,,,,,,,,,,,,,,,,,,,,,,,,,,,
Low Country Printers,,1654,,,8034965649,,,,8645 Old State Rd,,Holly Hill,SC,29059,,,,,,,,,No,,,,,,,,,,,,,,,,,,,,,,,,,,,,,
Low Country Security Cameras,,3595,,,8033783110,,,,5 Battery Park Road,,Edisto Beach,SC,29438,,,,,,,,,No,,,,,,,,,,,,,,,,,,,,,,,,,,,,,
Low Country Thread,,5072,Erin,Pesavento,(803) 854-2990,,,,8831 Old Number 6 hwy,,Santee,SC,,,,,,,,,,No,,,7318,,,,,,,,,,,,,,,,,,,,,,,,,,
Lower Orangeburg Upper Dorchester Cdc,,1205,,,8435601616,,,,301 Smith St,,Bowman,SC,29018,,,,,,,,,No,,,,,,,,,,,,,,,,,,,,,,,,,,,,,
Lucas Funderburk,,4281,,,8037475679,,,,270 Calvary Church Road,,Neeses,SC,29107,,,,,,,,,No,,,,,,,,,,,,,,,,,,,,,,,,,,,,,
Lucia Hill,,1256,,,8034963949,,,,927 Shuler Belt Rd,,Providence,SC,29059,,,,,,,,,No,,,,,,,,,,,,,,,,,,,,,,,,,,,,,
Lucille Murphy,,3572,,,8032905178,,,,623 Dwight Swamp Road,,Cameron,SC,29030,,,,,,,,,No,,,,,,,,,,,,,,,,,,,,,,,,,,,,,
Lucille Murphy,,3695,,,,,,,623 Dwight Swamp Road,,Cameron,SC,29030,,,,,,,,,No,,,,,,,,,,,,,,,,,,,,,,,,,,,,,
Lucinda Evans,,5379,Lucinda,Evans,(803) 614-4426,,,,331 Santee Dr,,Santee,SC,29142,,,,,,,"#fiberCustomer, #residential",,No,,,7359,,,,,,,,,,,,,,,,,,,,,,,,,,
Lucreti Griffin,,8180,Lucreti ,Griffin,(828) 234-2152,,,,229 Oak Hollow Drive,,Santee,SC,29142,,,,,,,,,Yes,,,8098,,,,,,,,,,,,,,,,,,,,,,,,,,
Lula White,,2126,,,8034963707,,,,323 Archie rd,,Holly Hill,SC,29059,,,,,,,,,No,,,,,,,,,,,,,,,,,,,,,,,,,,,,,
Lurline Jacques,,4986,,,8034964696,,,,2316 Toney Bay rd,,Holly Hill,SC,,,,,,,,,,No,,,,,,,,,,,,,,,,,,,,,,,,,,,,,
Luther Gramling,,8694,Luther,Gramling,(803) 971-9257,boomhawer48@gmail.com,,,1 John Fothergill Cir,,Santee,South Carolina,29142-8306,,,,,,,,,Yes,,,,,,,,,,,,,,,,,,,,,,,,,,,,,
Luvenia Smith,,5883,Luvenia,Smith,(803) 682-3021,,,,1905 Bonner Avenue,,Santee,SC,29142,,,,,,,,,Yes,,,,,,,,,,,,,,,,,,,,,,,,,,,,,
Lydia Lackey,,1433,,,8032589040,,,,6918 Festival Trail,,Springfield,SC,29146,,,,,,,,,No,,,,,,,,,,,,,,,,,,,,,,,,,,,,,
Lydia Ravenell,,3037,,,8034965625,,,,212 Dalehurst Dr,,Holly Hill,SC,29059,,,,,,,,,No,,,,,,,,,,,,,,,,,,,,,,,,,,,,,
Lyla Braxton,,1855,,,8038544391,,,,208 Broad River Dr,,Santee,SC,,,,,,,,"#fiberCustomer, #residential",,No,,,,,,,,,,,,,,,,,,,,,,,,,,,,,
Lyle Brown,,340,,,8038292567,,,,513 Wayside Dr.,,Bowman,SC,29018,,,,,,,,,No,,,,,,,,,,,,,,,,,,,,,,,,,,,,,
Lynda Duffy,,5709,Lynda,Duffy,8034784118,,,,1158 Kimbeth Ln,,Summerton,SC,29148,,,,,,,,,No,,,,,,,,,,,,,,,,,,,,,,,,,,,,,
Lyndell Cummins,,6072,Lyndell,Cummins,(843) 708-3881,,,,145 Saluda Drive,,Santee,SC,29142,,,,,,,"#fiberCustomer, #residential",,Yes,,,,,,,,,,,,,,,,,,,,,,,,,,,,,
Lynette Harvin,,3028,,,8033497139,,,,121 Gozmo Road,,Orangeburg,SC,29115,,,,,,,,,No,,,,,,,,,,,,,,,,,,,,,,,,,,,,,
Lynn Dudarenke,,5171,,,8035366707,,,,3283 Pine Lane ,,Orangeburg,SC,29118,,,,,,,,,No,,,,,,,,,,,,,,,,,,,,,,,,,,,,,
Lynn Mosteller,,909,,,9312376909,,,,320 Stack Ave,,elloree,SC,29047,,,,,,,,,No,,,,,,,,,,,,,,,,,,,,,,,,,,,,,
Lynn Rood,,947,,,8038542159,,,,219 3rd St,,Santee,SC,29142,,,,,,,"#fiberCustomer, #residential",,No,,,,,,,,,,,,,,,,,,,,,,,,,,,,,
Lynn VanHeusden,,8233,Lynn,VanHeusden,(512) 913-9447,lywest@live.com,,,127 Wateree Drive,,Santee,SC,29142,,,,,,,,,Yes,,,8123,,,,,,,,,,,,,,,,,,,,,,,,,,
Lynn Verzwyvelt,,2018,Lynn,Verzwyvelt,8037307410,,,,225 Cooper Dr,,Santee,SC,SC,,,,,,,"#fiberCustomer, #residential",,No,,,,,,,,,,,,,,,,,,,,,,,,,,,,,
Lynn Whetsell,,3665,,,8037075903,,,,6233 Vance Road,,Bowman,SC,29018,,,,,,,,,No,,,,,,,,,,,,,,,,,,,,,,,,,,,,,
Lynnette Butler,,2191,,,8038378103,,,,168 Bridle Path,,Vance,SC,29163,,,,,,,,,No,,,,,,,,,,,,,,,,,,,,,,,,,,,,,
M Lynn Black,,1934,M,Lynn Black,8038549805,,,,121 Wateree Dr,,Santee,SC,29142,,,,,,,"#fiberCustomer, #residential",,No,,,5873,,,,,,,,,,,,,,,,,,,,,,,,,,
Mabel Williams,,8565,Mabel,Williams,(803) 535-8415,,,,1050 Camden Rd,,Vance,South Carolina,29163,,,,,,,,,Yes,,,,,,,,,,,,,,,,,,,,,,,,,,,,,
Mac Barnes,,1815,Mac,Barnes,8646161961,,,,148 Wateree Dr,,Santee,SC,29142,,,,,,,"#fiberCustomer, #residential",,No,,,3279,,,,,,,,,,,,,,,,,,,,,,,,,,
Mac Gibbons,,4778,,,8039602761,,,,118 Wellsgrove Lane,,Orangeburg,SC,29115,,,,,,,,,No,,,,,,,,,,,,,,,,,,,,,,,,,,,,,
Maceo Brantley,,3933,,,8033082674,,,,128 Toronto Lane,,Bowman ,SC,29018,,,,,,,,,No,,,,,,,,,,,,,,,,,,,,,,,,,,,,,
Macus Sanchez ( THAG LLC ),,4640,,,4782560607,,,,,,,,,,,,,,,,,No,,,,,,,,,,,,,,,,,,,,,,,,,,,,,
Madera Reman,,8657,Connor,Harrell,(803) 378-4317,connor@madera-reman.com,,Work,435 James St,,Orangeburg,South Carolina,29115,,,,,,,,,Yes,,,,,,,,,,,,,,,,,,,,,,,,,,,,,
Madison Hilt,,5295,,,8033479563,,,,2031 Tee vee road,,Elloree,SC,,,,,,,,,,No,,,,,,,,,,,,,,,,,,,,,,,,,,,,,
Mae Jenkins,,4629,,,8039740523,,,,134 Brookstone rd,,Santee ,SC,29142,,,,,,,,,No,,,,,,,,,,,,,,,,,,,,,,,,,,,,,
Mae Jenkins,,2841,,,8036823045,,,,134 Brookstone Rd,,Santee,SC,29142,,,,,,,,,No,,,,,,,,,,,,,,,,,,,,,,,,,,,,,
Mae Rendolph,,3261,,,8032509823,,,,200 Decendant Rd,,Holly Hill,SC,29059,,,,,,,,,No,,,,,,,,,,,,,,,,,,,,,,,,,,,,,
Maegan Robinson,,3723,,,8033878213,,,,3469 neeses hwy ,,Orangeburg ,SC,29115,,,,,,,,,No,,,,,,,,,,,,,,,,,,,,,,,,,,,,,
Maggie Etheredge,,911,,,8038972230,,,,6308 Old  Number 6 Hwy.,,Elloree,SC,29047,,,,,,,,,No,,,,,,,,,,,,,,,,,,,,,,,,,,,,,
Magnolia Place,,1257,,,8035350250,,,,1687 Longwood Plantation,,Orangeburg,SC,29118,,,,,,,,,No,,,,,,,,,,,,,,,,,,,,,,,,,,,,,
Magnolias of Branchville,,8609,Max,Lockwood,(631) 241-5738,max@magnoliasofwalterboro.com,,Branchville,4003 Calhoun St,,Branchville,South Carolina,29432-2243,,,,,,,,,Yes,,,,,,,,,,,,,,,,,,,,,,,,,,,,,
Magnolias of Santee,,128,Scott,Lockwood,(631) 579-2186,scott@lockwoodltc.com,,,118 Britain St.,,Santee,SC,29142,Karen,.,(803) 854-2020,,,,,,No,,,4632,,,,,,,,,,,,,,,,,,,,,,,,,,
Magnolias's of Eutawville,,8274,Scott,Lookwood,(631) 597-2186,max@magnoliasofwalterboro.com,,,12488 Old Number Six Hwy,,Eutawville,South Carolina,29048-9167,,,,,,,,,Yes,,,8245,,,,,,,,,,,,,,,,,,,,,,,,,,
Mahalia Williams,,5417,,,8033475867,,,,108 Aloha Ln,,Santee,SC,29142,,,,,,,,,No,,,,,,,,,,,,,,,,,,,,,,,,,,,,,
Mahalia Williams,,4397,,,8038542802,,,,108 Aloha Lane,,Santee,SC,29142,,,,,,,,,No,,,,,,,,,,,,,,,,,,,,,,,,,,,,,
MainWaters Enterprises LLC,,5482,,,8435728989,,,,1797 HillsBoro Rd Suite 1,,Orangeburg ,SC,29115/29118,,,,,,,,,No,,,,,,,,,,,,,,,,,,,,,,,,,,,,,
Major Graphics,,129,,,8035331782,,,,2827 Bamberg Rd,,Orangeburg,SC,29115,,,,,,,,,No,,,1057,,,,,,,,,,,,,,,,,,,,,,,,,,
Makayla Turkvant,,4981,,,8033080732,,,,2024 Alantic ave,,Orangeburg ,SC,,,,,,,,,,No,,,,,,,,,,,,,,,,,,,,,,,,,,,,,
Makeeba Ravenell,,1149,,,8034963698,,,,268 Dalehurst Dr,,Holly Hill,SC,29059,,,,,,,,,No,,,,,,,,,,,,,,,,,,,,,,,,,,,,,
Malcolm Jenkins,,8090,Malcolm,Jenkins,(843) 926-4415,mr.jenks@icloud.com,,,138 William Clark Blvd,,Santee,SC,29142,,,,,,,,,Yes,,,8016,,,,,,,,,,,,,,,,,,,,,,,,,,
Malik Glover,,4437,,,8036620412,,,,581 Bowman Ave,,Bowman,SC,29018,,,,,,,,,No,,,,,,,,,,,,,,,,,,,,,,,,,,,,,
Malqueen Bellinger,,8593,Malqueen,Bellinger,(803) 759-0684,favorisfair57@gmail.com,,,127 William Clark Blvd,,Santee,South Carolina,29142-9507,,,,,,,,,Yes,,,,,,,,,,,,,,,,,,,,,,,,,,,,,
Management Recruiters of Orangeburg,,130,,,8035314101,,,,2037 St. Matthews Rd,,Orangeburg,SC,29118,,,,,,,,,No,,,,,,,,,,,,,,,,,,,,,,,,,,,,,
Manisha Madarwala,,4840,Manisha,Madarwala,4432489116,,,,126 Cooper Dr,,Santee,SC,29142,,,,,,,"#fiberCustomer, #residential",,No,,,7179,,,,,,,,,,,,,,,,,,,,,,,,,,
Manisha Matarwaia,,2813,,,4436273433,,,,221 lakelin circle, Apt C8,Santee,SC,29142,,,,,,,,,No,,,,,,,,,,,,,,,,,,,,,,,,,,,,,
Manisha Patel,,6121,Manisha,Patel,(803) 974-1642,,,,1604,,Bass Drive,Santee,29142,,,,,,,,,Yes,,,,,,,,,,,,,,,,,,,,,,,,,,,,,
Mannan Soni,,8508,Mannan,Soni,(803) 971-3167,,,Home,104 Saluda Dr,,Santee,SC,29142,,,,,,,,,Yes,,,7738,,,,,,,,,,,,,,,,,,,,,,,,,,
Mannie Barnes,,6038,Mannie,Barnes,(803) 310-1623,,,Home,695 Hardware Street,,Elloree,SC,29047,,,,,,,,,Yes,,,,,,,,,,,,,,,,,,,,,,,,,,,,,
Manning Motel,,,,,8034352713,,,,466 N Brooks St,,Manning,SC,29102,,,,,,,#Hospitality,,No,,,,,,,,,,,,,,,,,,,,,,,,,,,,,
Mansion Park Motor Lodge,,828,,,8038542334,,,,PO Box 68,656 Bass Drive,Santee,SC,29142,,,,,,,,,No,,,,,,,,,,,,,,,,,,,,,,,,,,,,,
Maragret Frederick,,1034,,,8038972425,,,,155 Twisted Oak Trail,,Elloree,SC,29047,,,,,,,,,No,,,,,,,,,,,,,,,,,,,,,,,,,,,,,
Marc Brown Law Firm,,6037,Shandease,Haygood,(803) 596-8256,shaygood@marcbrownlawfirm.com,,,,,,,,,,,,,,,,Yes,,,,,,,,,,,,,,,,,,,,,,,,,,,,,
Marc Epstein,,1267,,,8438130163,,,,430 Chapel Creek Dr,,Santee,SC,29142,,,,,,,,,No,,,,,,,,,,,,,,,,,,,,,,,,,,,,,
Marc Martin,,2181,,,8437012695,,,,111 Main St.,,Reevesville,SC,29471,,,,,,,,,No,,,,,,,,,,,,,,,,,,,,,,,,,,,,,
Marc Salazar,,1209,,,8038972360,,,,376 Harlin Street,,Elloree,SC,29047,,,,,,,,,No,,,,,,,,,,,,,,,,,,,,,,,,,,,,,
Marcel Auclair,,8631,Marcel,Auclair,(843) 532-2281,debrn104@msn.com,,,9L Andre Michaux Rd,,Santee,South Carolina,29142-8303,,,,,,,,,Yes,,,,,,,,,,,,,,,,,,,,,,,,,,,,,
Marchelle Goodwin,,6075,Marchelle,Goodwin,(803) 521-5584,marchelleg_99@yahoo.com,,,212 Haigler Street,,Elloree,SC,29047,,,,,,,,,Yes,,,,,,,,,,,,,,,,,,,,,,,,,,,,,
Marchelle Mcdaniel,,5498,Marchelle,Mcdaniel,(803) 974-0950,,,,125 Big Phils Ct,,Santee,SC,29142,,,,,,,,,No,,,,,,,,,,,,,,,,,,,,,,,,,,,,,
Marchello Bryant,,4400,,,8033878684,,,,467 palmetto parkway ,,Orangeburg,SC,29115,,,,,,,,,No,,,,,,,,,,,,,,,,,,,,,,,,,,,,,
Marcia Jackson,,397,Marcia,Jackson,(803) 854-9034,,,,480 Santee Dr,,Santee,SC,29142,,,,,,,"#fiberCustomer, #residential",,No,,,,,,,,,,,,,,,,,,,,,,,,,,,,,
Marcia Williams,,4204,,,8035962043,,,,675 Woodbine Drive,,Orangeburg,SC,29115,,,,,,,,,No,,,,,,,,,,,,,,,,,,,,,,,,,,,,,
Marcie Zeigler,,5477,,,8038372295,,,,326 Horsepond Road ,,Elloree,SC,29047,,,,,,,,,No,,,,,,,,,,,,,,,,,,,,,,,,,,,,,
Marco Romero,,7886,Marco,Romero,(336) 587-7630,Mando5198@gmail.com,,,320 4th Street,,Santee,SC,29142,,,,,,,"#fiberCustomer, #residential",,Yes,,,,,,,,,,,,,,,,,,,,,,,,,,,,,
Marcos Pizza,,5492,,,2692097738,,,,1564 St. Matthews Road,,Orangeburg,SC,29115,,,,,,,,,No,,,,,,,,,,,,,,,,,,,,,,,,,,,,,
Marcus Odom,,6175,Marcus,Odom,(803) 671-0390,,,,776 Old Salem Rd,,Barnwell,SC,29813,,,,,,,,,Yes,,,,,,,,,,,,,,,,,,,,,,,,,,,,,
Marcus Prock,,8510,Marcus,Prock,(423) 435-5638,aprock13@gmail.com,,,427 Ballard Ln,,Santee,South Carolina,29142-8558,,,,,,,,,Yes,,,,,,,,,,,,,,,,,,,,,,,,,,,,,
Marcus Stroud,,6348,Marcus,Stroud,(803) 556-2009,,,,111 3rd Street,,Santee,SC,29142,,,,,,,"#fiberCustomer, #residential",,Yes,,,7834,,,,,,,,,,,,,,,,,,,,,,,,,,
Maree Ball,,1014,,,8038232027,,,,318 Harvest Drive,,Cameron ,SC,,,,,,,,,,No,,,,,,,,,,,,,,,,,,,,,,,,,,,,,
Margaret Altman-Green,,1101,Denise,Altman,8437433194,,,,106 Cooper Circle,,Santee,SC,29142,,,,,,,"#fiberCustomer, #residential",,No,,,,,,,,,,,,,,,,,,,,,,,,,,,,,
Margaret Barnwell,,8571,Margaret,Barnwell,(803) 707-3626,,,,727 Brewton St,,Orangeburg,South Carolina,29115-4223,,,,,,,,,Yes,,,,,,,,,,,,,,,,,,,,,,,,,,,,,
Margaret Dantzler,,1008,Margaret,Dantzler,(803) 535-9534,,,,119 Harvest Drive,,Cameron,SC,29030,,,,,,,,,No,,,,,,,,,,,,,,,,,,,,,,,,,,,,,
Margaret Frierson,,2687,,,8035354607,,,,960 Spring Hill Rd,,Orangeburg,SC,,,,,,,,,,No,,,,,,,,,,,,,,,,,,,,,,,,,,,,,
Margaret Griffin,,6212,Margaret,Griffin,(803) 308-2144,,,,17 Peter Colinson Road,,Santee,SC,29142,,,,,,,,,Yes,,,7739,,,,,,,,,,,,,,,,,,,,,,,,,,
Margaret Hiner,,2814,,,8436938830,,,,2211 Tee Vee Rd,,Elloree,SC,29047,,,,,,,,,No,,,,,,,,,,,,,,,,,,,,,,,,,,,,,
Margaret J Akers,,3674,,,8034927968,,,,133 Tupelo Lane,,Eutawville,SC,29048,,,,,,,,,No,,,,,,,,,,,,,,,,,,,,,,,,,,,,,
Margaret Jones,,1853,,,8038292832,,,,6411 Charleston Hwy,,Bowman,SC,29018,,,,,,,,,No,,,,,,,,,,,,,,,,,,,,,,,,,,,,,
Margaret Moody,,5576,,,8438344844,,,,1019 Flanennery RD,,Holly Hill,SC,29059,,,,,,,,,No,,,,,,,,,,,,,,,,,,,,,,,,,,,,,
Margaret Nesbit,,8391,Margaret ,Nesbit,(843) 499-6571,margaretnesbit14@gmail.com,,,137 William Clark Blvd,,Santee,South Carolina,29142-9507,,,,,,,,,Yes,,,8239,,,,,,,,,,,,,,,,,,,,,,,,,,
Margaret Reed,,1166,Margaret,Reed,8034967663,,,,837 Jackson Belt Rd.,,Holly Hill,SC,29059,,,,,,,,,No,,,,,,,,,,,,,,,,,,,,,,,,,,,,,
Margaret Reeves,,707,Margaret,Reeves,8036641615,,,,435 Santee Dr,,Santee,SC,29142,,,,,,,"#fiberCustomer, #residential",,No,,,5118,,,,,,,,,,,,,,,,,,,,,,,,,,
Margaret Rosenbach,,2932,,,8034104476,,,,521 Lakeland Cir Apt B3,,Santee,SC,,,,,,,,,,No,,,,,,,,,,,,,,,,,,,,,,,,,,,,,
Margaret Rowe,,3915,,,8038544433,,,,20 Thunder Circle,,Santee,SC,29142,,,,,,,,,No,,,,,,,,,,,,,,,,,,,,,,,,,,,,,
Margaret Snow,,3042,,,8035393905,,,,1115 Pruitt Dr,,Orangeburg,SC,29116,,,,,,,,,No,,,,,,,,,,,,,,,,,,,,,,,,,,,,,
Margaret Spinelli,,4499,,,8564661302,,,,5718 Old State rd  ,,Holly Hill ,SC,29059,,,,,,,,,No,,,,,,,,,,,,,,,,,,,,,,,,,,,,,
Margaret Waymer,,8083,Margaret,Waymer,(803) 707-9464,,,Home,"104 Hawkins St, Santee, SC 29142",,,,,,,,,,,,,Yes,,,,,,,,,,,,,,,,,,,,,,,,,,,,,
Marge Christian,,3059,Marge,Christian,8035359177,,,,3r thomas walter cir,,Santee,SC,,,,,,,,,,No,,,,,,,,,,,,,,,,,,,,,,,,,,,,,
Margie G. Howell,,2699,,,8034964920,,,,180 Red Bank Road,,Eutawville,SC,29048,,,,,,,,,No,,,,,,,,,,,,,,,,,,,,,,,,,,,,,
Margie Jenkins,,4239,,,8033477630,,,,585 Highland St,,Orangeburg,SC,29115,,,,,,,,,No,,,,,,,,,,,,,,,,,,,,,,,,,,,,,
Margie Myers,,2292,,,8038291954,,,,988 Winter Creek Road,,Bowman,SC,29018,,,,,,,,,No,,,,,,,,,,,,,,,,,,,,,,,,,,,,,
Margie Porter,,4904,,,8039749739,,,,,,,,,,,,,,,,,No,,,,,,,,,,,,,,,,,,,,,,,,,,,,,
Margie Rothrauff,,4056,Margie,Rothrauff,8038544552,,,,105 Santee Cooper Anx,,Santee,South Carolina,29142-9312,,,,,,,,,No,,,7363,,,,,,,,,,,,,,,,,,,,,,,,,,
Margo Banks,,1669,Margo,Banks,6178409577,,,,113 Monsum Ct,,Elloree,SC,29047,,,,,,,,,No,,,5708,,,,,,,,,,,,,,,,,,,,,,,,,,
Margo Welch,,3936,,,8033786595,,,,7218 Charleston Highway,,Bowman,SC,29018,,,,,,,,,No,,,,,,,,,,,,,,,,,,,,,,,,,,,,,
Margret Wilkerson,,5024,Margret,Wilkerson,8033081281,,,,25 Andre Michaux dr,,Santee,,,,,,,,,,,No,,,7246,,,,,,,,,,,,,,,,,,,,,,,,,,
Maria Barreno,,4692,Maria,Barreno,3058774682,,,,20 Thunder Cir,,Santee,SC,29142,,,,,,,,,No,,,,,,,,,,,,,,,,,,,,,,,,,,,,,
Maria Gilliam,,2450,Maria,Gilliam,(803) 837-2968,,,,271 Apple St,,Bowman,SC,29018,,,,,,,,,No,,,,,,,,,,,,,,,,,,,,,,,,,,,,,
Maria Helms,,421,,,8038973825,,,,538 Horsepond Rd,,Elloree,SC,29047,,,,,,,,,No,,,,,,,,,,,,,,,,,,,,,,,,,,,,,
Maria Jenkins,,5060,Maria,Jenkins,(803) 614-5629,,,,6090 Old Number Six Hwy,,Elloree,SC,29047,,,,,,,,,No,,,,,,,,,,,,,,,,,,,,,,,,,,,,,
Maria Nikolov,,1295,Maria,Nikolov,8437095550,,,,314 Broad River Dr.,,Santee,SC,29142,,,,,,,"#fiberCustomer, #residential",,No,,,,,,,,,,,,,,,,,,,,,,,,,,,,,
Marian Berry,,3347,,,8033874402,,,,627 Baxley Road,,Bowman,SC,29018,,,,,,,,,No,,,,,,,,,,,,,,,,,,,,,,,,,,,,,
Marian Green,,6155,Marian,Green,(843) 327-0020,,,,1273 Cleveland Street,,Elloree,SC,29047,,,,,,,,,Yes,,,,,,,,,,,,,,,,,,,,,,,,,,,,,
Marian Larson,,402,,,8038542297,,,,20 Peter Collinson,P.O. Box 422,Santee,SC,29142,,,,,,,,,No,,,,,,,,,,,,,,,,,,,,,,,,,,,,,
Maribelle Jenkins,,567,,,8038972240,,,,355 Verniel Road,,Elloree,SC,29047,,,,,,,,,No,,,,,,,,,,,,,,,,,,,,,,,,,,,,,
Marica Hobby,,5556,,,8034968239,,,,262 Sanibel Ln,,Eutawville ,SC,29048,,,,,,,,,No,,,,,,,,,,,,,,,,,,,,,,,,,,,,,
Maricia Summers,,2727,,,8037472550,,,,770 Banashee Circle,,Orangeburg ,SC,29115,,,,,,,,,No,,,,,,,,,,,,,,,,,,,,,,,,,,,,,
Marie Carr Trinidad,,977,,,8038972459,,,,552 Tee Vee Rd ,,Elloree,SC,29047,,,,,,,,,No,,,,,,,,,,,,,,,,,,,,,,,,,,,,,
Marie Choi,,1633,,,8066820913,,,,4547 Edgewood Dr,,Orangeburg,SC,,,,,,,,,,No,,,,,,,,,,,,,,,,,,,,,,,,,,,,,
Marie Etheredge,,1686,,,8038292011,,,,740 Magnolia Street,,Bowman,SC,29018,,,,,,,,,No,,,,,,,,,,,,,,,,,,,,,,,,,,,,,
Marie Gidron,,4249,,,8038269911,,,,165 Chimley Swift Circle,,Cameron,SC,29030,,,,,,,,,No,,,,,,,,,,,,,,,,,,,,,,,,,,,,,
Marie Gidron,,2621,,,8038239006,,,,165 Chimney Swift Cir,,Cameron,SC,,,,,,,,,,No,,,,,,,,,,,,,,,,,,,,,,,,,,,,,
Marie Harris,,2698,,,8033477483,,,,2226 Skyland Dr,,Orangeburg,,,,,,,,,,,No,,,,,,,,,,,,,,,,,,,,,,,,,,,,,
Marie Karr Trinidad,,896,,,8038972459,,,,552 Tee Vee Road,,Elloree,SC,29047,,,,,,,,,No,,,,,,,,,,,,,,,,,,,,,,,,,,,,,
Marie Parler,,3962,,,8039749728,,,,1123 harlin st,,Elloree,SC,29047,,,,,,,,,No,,,,,,,,,,,,,,,,,,,,,,,,,,,,,
Marie Profit,,2323,Marie,Profit,8039719387,,,,106 Ladd Drive,,Santee,SC,29142,,,,,,,,,No,,,,,,,,,,,,,,,,,,,,,,,,,,,,,
Marikay Harris,,364,Marikay,Harris,(803) 837-4100,,,,1 Alexander Garden Circle,P.O. Box 637,Santee,SC,,,,,,,,,,No,,,4723,,,,,,,,,,,,,,,,,,,,,,,,,,
Marilyn Fogle,,2883,,,8038293042,,,,437 two church rd,,Bowman,SC,29018,,,,,,,,,No,,,,,,,,,,,,,,,,,,,,,,,,,,,,,
Marilyn Greene,,1170,,,8038972939,,,,561 Farmers Rd.,,Elloree,SC,29047,,,,,,,,,No,,,,,,,,,,,,,,,,,,,,,,,,,,,,,
Marilyn Williams,,4101,,,8039424278,,,,1270 Saint Matthews Rd NE,,Orangeburg,SC,29118,,,,,,,,,No,,,,,,,,,,,,,,,,,,,,,,,,,,,,,
Marine Underwriters,,3862,Ashley,Stowe,8432675099,,,,413 Butler Street,,St. Matthews,SC,29135,,,,,,,,,No,,,,,,,,,,,,,,,,,,,,,,,,,,,,,
Marion Cherry,,490,Marion,Cherry,8038370146,,,,101 Cooper Dr  ,,Santee,SC,29142,,,,,,,"#fiberCustomer, #residential",,No,,,4759,,,,,,,,,,,,,,,,,,,,,,,,,,
Marion Floyd,,374,Marion,Floyd,(803) 971-0662,,,,216 Second Street,,Santee,SC,29142,,,,,,,,,No,,,7798,,,,,,,,,,,,,,,,,,,,,,,,,,
Marion Summers,,5146,,,4842255091,,,,344 Yellow Jasmine Rd,,Orangeburg,SC,29118,,,,,,,,,No,,,,,,,,,,,,,,,,,,,,,,,,,,,,,
Marion Thomas Jr,,3204,,,8035356519,,,,554 Newlight Dr,,Orangeburg,SC,29115,,,,,,,,,No,,,,,,,,,,,,,,,,,,,,,,,,,,,,,
Maritza Martina ,,4353,,,8034478182,,,,503 calvary church rd,,Neeses ,SC,29107,,,,,,,,,No,,,,,,,,,,,,,,,,,,,,,,,,,,,,,
Marjie Jenkins,,3066,,,8035961687,,,,11269 Old Number 6 Hwy,,Eutawville,SC,29048,,,,,,,,,No,,,,,,,,,,,,,,,,,,,,,,,,,,,,,
Marjorie Drum,,7968,Marjorie,Drum,(843) 609-0898,,,,1091 Huran Lane,,Santee,SC,29142,,,,,,,,,Yes,,,,,,,,,,,,,,,,,,,,,,,,,,,,,
Mark Aston,,4077,,,6038458134,,,,4409 Cameron Rd,,Orangeburg,SC,29115,,,,,,,,,No,,,,,,,,,,,,,,,,,,,,,,,,,,,,,
Mark Barrow,,6093,Mark ,Barrow ,(304) 839-1068,,,,,,,,,,,,,,,,,Yes,,,7690,,,,,,,,,,,,,,,,,,,,,,,,,,
Mark Bear,,1528,,,8034964516,,,,4526 Vance Rd.,,Holly Hill,SC,29059,,,,,,,,,No,,,,,,,,,,,,,,,,,,,,,,,,,,,,,
Mark Berryman,,5857,Mark,Berryman,3025427849,,,,104 Cooper Circle,,Santee,SC,29142,,,,,,,"#fiberCustomer, #residential",,No,,,7568,,,,,,,,,,,,,,,,,,,,,,,,,,
Mark Bradshaw,,4793,Mark,Bradshaw,7724800328,,,,149 Ballard Lane,,Santee,SC,29142,,,,,,,,,No,,,,,,,,,,,,,,,,,,,,,,,,,,,,,
Mark Carson,,3332,Mark,Carson,(803) 837-3415,,,,174 Wakefield Dr,,Neeses,SC,29107,,,,,,,,,No,,,,,,,,,,,,,,,,,,,,,,,,,,,,,
Mark Clark,,4972,,,8036643169,,,,3630 Kellog Ave,,Orangeburg,SC,29118,,,,,,,,,No,,,,,,,,,,,,,,,,,,,,,,,,,,,,,
Mark Crowson,,7853,Mark,Crowson,(904) 207-2510,,,,507 Ballard Lane,,Santee,SC,29142,,,,,,,,,Yes,,,7850,,,,,,,,,,,,,,,,,,,,,,,,,,
Mark Davis,,6332,Mark,Davis,(803) 387-6710,,,,690 Green Street,,Orangeburg,SC,29115,,,,,,,"#fiberCustomer, #residential",,Yes,,,,,,,,,,,,,,,,,,,,,,,,,,,,,
Mark Johnson,,6006,Mark,Johnson,(843) 329-9525,,,,109 Green Street,,Santee,SC,29142,,,,,,,"#fiberCustomer, #residential",,Yes,,,7041,,,,,,,,,,,,,,,,,,,,,,,,,,
Mark Laws,,7914,Mark,Laws,(828) 443-8808,mark.laws@wyn.com,,,133 Saluda Dr,,Santee,SC,29142,,,,,,,"#fiberCustomer, #residential",,Yes,,,7876,,,,,,,,,,,,,,,,,,,,,,,,,,
Mark Manship,,7964,Sherri,Manship,(904) 206-2818,Sherrimanship@gmail.com,,,126 Saluda Drive,,Santee,SC,29142,,,,,,,"#fiberCustomer, #residential",,Yes,,,,,,,,,,,,,,,,,,,,,,,,,,,,,
Mark Mcgougan,,7921,Mark,Mcgougan,(843) 708-2974,mmcgougan87@gmail.com,,,113 Ballard Lane,,Santee,SC,29142,,,,,,,,,Yes,,,7890,,,,,,,,,,,,,,,,,,,,,,,,,,
Mark Munkittrick,,3536,,,2086615108,,,,1055 Chaple Branch Rd,,Santee,SC,29142,,,,,,,,,No,,,,,,,,,,,,,,,,,,,,,,,,,,,,,
Mark Murphy,,5890,Mark,Murphy,,,,849 Gin Bay Road,849 Gin Bay Road,,Cameron,SC,29030,,,,,,,,,Yes,,,,,,,,,,,,,,,,,,,,,,,,,,,,,
Mark Nelson,,2796,,,8038379679,,,,6649 Vance Rd,,Bowman,SC,29018,,,,,,,,,No,,,,,,,,,,,,,,,,,,,,,,,,,,,,,
Mark Pierce,,2521,,,3364374886,,,,2759 Cleveland St   Apt 214,,Elloree,SC,29047,,,,,,,,,No,,,,,,,,,,,,,,,,,,,,,,,,,,,,,
Mark Schurman,,4065,,,3206857450,,,,109 Santee cooper Annex,,Santee,SC,29142,,,,,,,,,No,,,,,,,,,,,,,,,,,,,,,,,,,,,,,
Mark Smith,,4540,,,8435576607,,,,140 Row Boat,,Elloree,SC,29047,,,,,,,,,No,,,,,,,,,,,,,,,,,,,,,,,,,,,,,
Marla Doebler,,6278,Marla,Doebler,(843) 607-7953,,,,253 Green Street,,Santee,SC,29142,,,,,,,"#fiberCustomer, #residential",,Yes,,,7757,,,,,,,,,,,,,,,,,,,,,,,,,,
Marlene Stroud,,4870,,,8033087677,,,,1138 Marrlboro st ,,Orangeburg,SC,,,,,,,,,,No,,,,,,,,,,,,,,,,,,,,,,,,,,,,,
Marlene Welch,,8692,Marlene Welch,,(803) 534-6903,,,,2148 Griffith Dr,,Orangeburg,South Carolina,29118-4010,,,,,,,,,Yes,,,,,,,,,,,,,,,,,,,,,,,,,,,,,
Marquita Asbury,,5292,,,8033789186,,,,819 northwood Dr,,Orangeburg,SC,29118,,,,,,,,,No,,,,,,,,,,,,,,,,,,,,,,,,,,,,,
Marquita Asbury,,279,,,8037070205,,,,197 Heatleys End Rd,,Santee,SC,29163,,,,,,,,,No,,,,,,,,,,,,,,,,,,,,,,,,,,,,,
Marquita Heatley,,3318,,,8033839282,,,,2130 Bass Dr,,Santee,SC,29142,,,,,,,,,No,,,,,,,,,,,,,,,,,,,,,,,,,,,,,
Marry Mason,,8331,Marry,Mason,(203) 605-1336,mkr4656@yahoo.com,,,118 Saluda Dr,,Santee,South Carolina,29142,,,,,,,,,Yes,,,,,,,,,,,,,,,,,,,,,,,,,,,,,
Marry Smith ,,4063,,,,,,,105 Mcgonigle Ave ,,Santee,SC,29142,,,,,,,,,No,,,,,,,,,,,,,,,,,,,,,,,,,,,,,
Mars Pet Care,,2511,,,8037471400,,,,451 prosperity dr,,Orangeburg,SC,,,,,,,,,,No,,,,,,,,,,,,,,,,,,,,,,,,,,,,,
Marsch Chiropractic Center,,932,Crystal,Brown,(803) 536-1635,,,,235 Elliott St,,Orangeburg,SC,29115,Charlene,,(803) 878-0149,,,,,,No,,,6885,,,,,,,,,,,,,,,,,,,,,,,,,,
Marsha Bull ,,4391,,,8036644309,,,,280 carriage hill rd ,,Elloree ,,29115,,,,,,,,,No,,,,,,,,,,,,,,,,,,,,,,,,,,,,,
Marsha Fenner,,1045,,,8035312400,,,,1480 Sims St,,Orangeburg,SC,29115,,,,,,,,,No,,,,,,,,,,,,,,,,,,,,,,,,,,,,,
Marshall & Shelia Register,,5871,Marshall,& Shelia Register,(864) 363-0053,,,,244 Second St,,Sante,SC,29142,,,,,,,,,No,,,,,,,,,,,,,,,,,,,,,,,,,,,,,
Marshall Hutto,,698,,,8436933247,,,,516 Cross Creek Rd,,Reevesville,SC,29471,,,,,,,,,No,,,,,,,,,,,,,,,,,,,,,,,,,,,,,
Marshall Robinson,,8612,,,(803) 487-6968,babs.robinson@rainesco.com,,,112 Wateree Anx,,Santee,South Carolina,29142-9310,,,,,,,,,Yes,,,8282,,,,,,,,,,,,,,,,,,,,,,,,,,
Martha & Bob Butler,,1175,,,8038540397,,,,210 Pinewood Drive,,Santee,SC,29142,Brenda,Manly,(843) 521-3681,,,,,,No,,,,,,,,,,,,,,,,,,,,,,,,,,,,,
Martha & James Gilmore,,2676,Martha,& James Gilmore,8038974394,,,,1056 Woolbright Rd,,Elloree,SC,29047,,,,,,,,,No,,,,,,,,,,,,,,,,,,,,,,,,,,,,,
Martha Blunt ,,3663,,,8438551426,,,,379 Lexington Rd,,Elloree,SC,29047,,,,,,,,,No,,,,,,,,,,,,,,,,,,,,,,,,,,,,,
Martha Elmore,,2539,Martha,Elmore,8038293204,,,,470 Laura St,,Bowman,SC,,,,,,,,,,No,,,,,,,,,,,,,,,,,,,,,,,,,,,,,
Martha Gilmore,,1577,,,8038542535,,,,191 Avocada Dr,,Santee,SC,,,,,,,,,,No,,,,,,,,,,,,,,,,,,,,,,,,,,,,,
Martha Taylor,,485,Martha,Taylor,8038544477,,,,41 Peter Collinson Road            ,,Santee,SC,29142,,,,,,,,,No,,,,,,,,,,,,,,,,,,,,,,,,,,,,,
Marti Stubbs,,6284,Marti,Stubbs,(843) 532-5097,,,home,595 Dantzler Street,,Elloree,SC,29047,,,,,,,,,Yes,,,,,,,,,,,,,,,,,,,,,,,,,,,,,
Martin & Associates,,8108,Keith,Martin,(803) 468-4075,,,,"300 Santee River Plaza, ",,,,,,,,,,,,,Yes,,,,,,,,,,,,,,,,,,,,,,,,,,,,,
Martin Ballard,,5161,,,8434087124,,,,236 Sorin Circle,,Elloree,SC,29047,,,,,,,,,No,,,,,,,,,,,,,,,,,,,,,,,,,,,,,
Martin Banks,,4027,,,8038742100,,,,716 Huff Drive,,St Matthews,SC,,,,,,,,,,No,,,,,,,,,,,,,,,,,,,,,,,,,,,,,
Martin Banks Attorney at Law LLP,,6216,Martin,Banks Attorney at Law LLP,(803) 874-2400,,,,716 F R Huff Drive,,St. Matthews,SC,,,,,,,,,,Yes,,,,,,,,,,,,,,,,,,,,,,,,,,,,,
Martin Duncan,,5687,,,8037471154,,,,1357 Gemini Drive,,Holly Hill,SC,,,,,,,,,,No,,,,,,,,,,,,,,,,,,,,,,,,,,,,,
Martin Rossiter,,4956,,,,,,,,,,,,,,,,,,,,No,,,,,,,,,,,,,,,,,,,,,,,,,,,,,
Martin Rossiter,,1806,,,8039749287,,,,1115 Cleveland st,,Elloree,SC,29142,,,,,,,,,No,,,,,,,,,,,,,,,,,,,,,,,,,,,,,
Martina Deaton,,3553,,,8032509157,,,,967 Chitwood St,,Orangeburg,SC,29115,,,,,,,,,No,,,,,,,,,,,,,,,,,,,,,,,,,,,,,
Martini's Resteraunt & Lounge,,2637,,,8434784663,,,,9134 Old Number Six Hwy,,Santee,SC,29142,,,,,,,,,No,,,,,,,,,,,,,,,,,,,,,,,,,,,,,
Marty Connelly,,2029,,,8436364039,,,,201 Easterlin Rd,,Bowman,SC,29018,,,,,,,,,No,,,,,,,,,,,,,,,,,,,,,,,,,,,,,
Marty Griffith,,1680,,,8036821361,,,,4307 Cleveland St,,Elloree,SC,29047,,,,,,,,,No,,,,,,,,,,,,,,,,,,,,,,,,,,,,,
Marty Williams ,,8033,Marty,Williams,(305) 978-3916,,,,1370 Five Chop Road,,Orangeburg,SC,29115,,,,,,,,,Yes,,,,,,,,,,,,,,,,,,,,,,,,,,,,,
Maru Cerritos,,3167,,,8034968984,,,,921 Rockhill Rd ,,Holly Hill,SC,29059,,,,,,,,,No,,,,,,,,,,,,,,,,,,,,,,,,,,,,,
Marvin Dueck,,3971,,,8036714191,,,,738 Juniper Creek Rd,,Olar,SC,29843,,,,,,,,,No,,,,,,,,,,,,,,,,,,,,,,,,,,,,,
Marvin E Ott,,1829,,,8036822000,,,,4160 Cleveland St,,Elloree,SC,29047,,,,,,,,,No,,,,,,,,,,,,,,,,,,,,,,,,,,,,,
Marvin Hezekiah,,1234,Marvin,Hezekiah,8036821014,,,,125 Minnesota Ct,,Santee,SC,29142,,,,,,,,,No,,,,,,,,,,,,,,,,,,,,,,,,,,,,,
Marvin Shepard,,2394,,,8039749831,,,,9L Andre Michaux,Bradford Village,Santee,SC,29142,,,,,,,,,No,,,,,,,,,,,,,,,,,,,,,,,,,,,,,
Marvin Valecruz,,5797,,,8439221357,,,,6854 Jonhston,,Reevesville,SC,29471,,,,,,,,,No,,,,,,,,,,,,,,,,,,,,,,,,,,,,,
Marvine Rickborn,,3863,Marvine,Rickborn,(843) 563-9620,,,,150 Twins Lane,,Reevesville,SC,29471,,,,,,,,,No,,,6816,,,,,,,,,,,,,,,,,,,,,,,,,,
Mary Ann Grubbs     ,,1723,Mary,Ann Grubbs     ,8034107350,,,,2210 Tee Vee Road ,,Elloree,SC,29047,,,,,,,,,No,,,,,,,,,,,,,,,,,,,,,,,,,,,,,
Mary Ann Larkin,,4248,Mary,Ann Larkin,8038543767,,,,7430 Old Number Six Hwy,,Elloree,SC,29047,,,,,,,,,No,,,,,,,,,,,,,,,,,,,,,,,,,,,,,
Mary Ann Long,,1832,Mary,Ann Long,8038544052,,,,30 Peter Collison Rd,Bradford Village,Santee,SC,29142,,,,,,,,,No,,,,,,,,,,,,,,,,,,,,,,,,,,,,,
Mary Ann Smith,,3592,,,8033619490,,,,514 Sheard Dr,,Santee,SC,29142,,,,,,,,,No,,,,,,,,,,,,,,,,,,,,,,,,,,,,,
Mary Anthony,,612,,,8034967569,,,,147 Netherlands Drive,,Santee,SC,,,,,,,,,,No,,,,,,,,,,,,,,,,,,,,,,,,,,,,,
Mary Balser,,3697,,,8038544705,,,,17 Andre Michaux,,Santee,SC,29142,,,,,,,,,No,,,,,,,,,,,,,,,,,,,,,,,,,,,,,
Mary Belcher,,5677,,,8036629418,,,,1820 St Matthews Rd,Apt C-101,Orangeburg,SC,29118,,,,,,,,,No,,,,,,,,,,,,,,,,,,,,,,,,,,,,,
Mary Blackwell,,2671,,,8038370742,,,,22 Andre Michaux,,Santee,SC,29142,,,,,,,,,No,,,,,,,,,,,,,,,,,,,,,,,,,,,,,
Mary Bublitz,,8406,Mary,Bublitz,(847) 736-6611,bublitz1@comcast.net,,,105 Wateree Dr,,Santee,South Carolina,29142-9307,,,,,,,,,Yes,,,8253,,,,,,,,,,,,,,,,,,,,,,,,,,
Mary Campbell,,347,,,8038972859,,,,160 Popular Creek Dr,,Elloree,SC,29047,,,,,,,,,No,,,,,,,,,,,,,,,,,,,,,,,,,,,,,
Mary Capers,,808,,,8034963745,,,,111 Lowman Dr,,Holly Hill,SC,29059,,,,,,,,,No,,,,,,,,,,,,,,,,,,,,,,,,,,,,,
Mary Capers,,1218,,,,,,,111 Lowman Dr.,,Holly Hill,SC,29059,,,,,,,,,No,,,,,,,,,,,,,,,,,,,,,,,,,,,,,
Mary Clark,,929,,,8038971036,,,,760 Linwood St,,Elloree,SC,29047,,,,,,,,,No,,,,,,,,,,,,,,,,,,,,,,,,,,,,,
Mary Cole,,8226,Mary,Cole,(803) 974-0860,marymary470@gmail.com,,,3 Thomas Walter Circle,3L,Santee,SC,29142,,,,,,,,,Yes,,,8119,,,,,,,,,,,,,,,,,,,,,,,,,,
Mary Gravitt,,4818,,,8033871083,,,,18 Peter Collison rd,,Santee,SC,29142,,,,,,,,,No,,,,,,,,,,,,,,,,,,,,,,,,,,,,,
Mary Green,,876,,,8033080831,,,,9665 Old number Six Hwy,,Santee,SC,29142,,,,,,,,,No,,,,,,,,,,,,,,,,,,,,,,,,,,,,,
Mary H Raymond,,6351,Mary,H Raymond,(803) 533-0428,,,,173 Colonel Court,,North,SC,29112,,,,,,,,,Yes,,,,,,,,,,,,,,,,,,,,,,,,,,,,,
Mary Harper,,3230,,,,,,,,,,,,,,,,,,,,No,,,,,,,,,,,,,,,,,,,,,,,,,,,,,
Mary Harper,,3231,,,8035362942,,,,2355 Mall Terrace Ct,,Orangeburg,SC,,,,,,,,,,No,,,,,,,,,,,,,,,,,,,,,,,,,,,,,
Mary Haynes,,5517,Mary,Haynes,8035391378,,,,2047 Tee Vee Road,,Elloree,SC,29147,,,,,,,,,No,,,,,,,,,,,,,,,,,,,,,,,,,,,,,
Mary Haynes,,844,,,8038972318,,,,118 Live oak rd,,Elloree,SC,29047,,,,,,,,,No,,,,,,,,,,,,,,,,,,,,,,,,,,,,,
Mary Hoch,,674,,,8034927422,,,,287 Belvedere Drive      ,,Eutawville,SC,,,,,,,,,,No,,,,,,,,,,,,,,,,,,,,,,,,,,,,,
Mary Honeycutt,,1731,,,8038375453,,,,105 Citation Dr,,Elloree,SC,29047,,,,,,,,,No,,,,,,,,,,,,,,,,,,,,,,,,,,,,,
Mary Hunt ,,4684,,,8039741474,,,,106 Pineridge rd,,Elloree,SC,29047,,,,,,,,,No,,,,,,,,,,,,,,,,,,,,,,,,,,,,,
Mary J. Johnson,,352,,,8034929171,,,,205 Craig St.,,Eutawville,SC,29048,,,,,,,,,No,,,,,,,,,,,,,,,,,,,,,,,,,,,,,
Mary Jakeman,,4247,Mary,Jakeman,(803) 707-3620,,,,7025 Sea Bluff Drive ,,Santee,SC,29142,,,,,,,"#fiberCustomer, #residential",,No,,,4863,,,,,,,,,,,,,,,,,,,,,,,,,,
Mary Jo Wotring,,5778,Mary,Jo Devlin,(843) 926-0622,,,,448 Santee Dr,,Santee,SC,29142,,,,,,,"#fiberCustomer, #residential",,No,,,7544,,,,,,,,,,,,,,,,,,,,,,,,,,
Mary Kelly,,7817,Mary,Kelly,(561) 727-6064,Bird4u2luv@gmail.com,,,306 Stack ave,,,,,,,,,,,,,Yes,,,7832,,,,,,,,,,,,,,,,,,,,,,,,,,
Mary Lesa Doyle,,4452,Mary,Lesa Doyle,8033003126,,,,60 Church St,,Hilda,SC,29812,,,,,,,,,No,,,7029,,,,,,,,,,,,,,,,,,,,,,,,,,
Mary Mack,,3440,,,8036149928,,,,787 Antioch Rd,,Santee,SC,29142,,,,,,,,,No,,,,,,,,,,,,,,,,,,,,,,,,,,,,,
Mary Mccully,,2090,,,8035364068,,,,2325 Mall Terrace Ct,,Orangeburg,SC,29118,,,,,,,,,No,,,,,,,,,,,,,,,,,,,,,,,,,,,,,
Mary Nells Gift Shop,,2995,,,8035362030,,,,1967 Carolina Ave,,Orangeburg,SC,29115,,,,,,,,,No,,,,,,,,,,,,,,,,,,,,,,,,,,,,,
Mary O Mack,,6199,Mary,Mack,(803) 534-2345,,,,2304 Hudson Road,,Cope,SC,29038,,,,,,,,,Yes,,,,,,,,,,,,,,,,,,,,,,,,,,,,,
Mary Ohue,,3692,,,,,,,145 Maggie Lane,,Santee,SC,29142,,,,,,,,,No,,,,,,,,,,,,,,,,,,,,,,,,,,,,,
Mary Oliver,,3155,,,8038973401,,,,105 Kennedy Ave,,Santee,SC,29142,,,,,,,,,No,,,,,,,,,,,,,,,,,,,,,,,,,,,,,
Mary Oliver-Ohue,,2875,,,8034679142,,,,145 Wyman Rd,,Eutawville,SC,29048,,,,,,,,,No,,,,,,,,,,,,,,,,,,,,,,,,,,,,,
Mary Ott,,4069,,,8035311712,,,,20 Strawberry Lane,,St. Matthews,SC,29135,,,,,,,,,No,,,,,,,,,,,,,,,,,,,,,,,,,,,,,
Mary P Jones,,6210,Mary,P Jones,(803) 897-4653,,,,118 Midway Road,,Elloree,SC,29047,,,,,,,,,Yes,,,,,,,,,,,,,,,,,,,,,,,,,,,,,
Mary Pindell,,5350,,,8037075361,,,,206 Heatleys End rd,,Santee,SC,,,,,,,,,,No,,,,,,,,,,,,,,,,,,,,,,,,,,,,,
Mary Pindell,,3036,,,8038544381,,,,1060 Sanoree Drive,,Santee,SC,29142,,,,,,,,,No,,,,,,,,,,,,,,,,,,,,,,,,,,,,,
Mary Riggins ,,4384,Mary,Riggins ,(803) 664-1977,,,,246 Empire ln ,,Santee,SC,29142,,,,,,,,,No,,,,,,,,,,,,,,,,,,,,,,,,,,,,,
Mary Rish ,,1455,,,8035312595,,,,3030 Cordova Rd,,Cordova,SC,29039,,,,,,,,,No,,,,,,,,,,,,,,,,,,,,,,,,,,,,,
Mary Shriner,,1325,,,8038542261,,,,960 Moultrie Dr.,,Santee,SC,29142,,,,,,,,,No,,,,,,,,,,,,,,,,,,,,,,,,,,,,,
Mary Simmons,,3587,,,,,,,615 Jamison Ave,,Orangeburg,SC,29115,,,,,,,,,No,,,,,,,,,,,,,,,,,,,,,,,,,,,,,
Mary Sims Gressette,,2968,,,8035343917,,,,1807 Columbia Road,,Orangeburg,SC,29115,,,,,,,,,No,,,,,,,,,,,,,,,,,,,,,,,,,,,,,
Mary Snell,,907,,,8034965436,,,,236 Nimbus Rd,,Vance,SC,29163,,,,,,,,,No,,,,,,,,,,,,,,,,,,,,,,,,,,,,,
Mary Starks,,1884,,,8038972182,,,,868 Gamebird Ln.,,Elloree,SC,29047,,,,,,,,,No,,,,,,,,,,,,,,,,,,,,,,,,,,,,,
Mary Taylor,,3264,,,8035360226,,,,294 Brookside Dr,,Orangeburg,SC,29118,,,,,,,,,No,,,,,,,,,,,,,,,,,,,,,,,,,,,,,
Mary Till,,4541,,,8033158173,,,,352 Farmstead lane,,Orangeburg,SC,,,,,,,,,,No,,,,,,,,,,,,,,,,,,,,,,,,,,,,,
Mary Ulmer,,2533,,,8035366499,,,,155 Patro Ln,,Cameron,SC,29030,,,,,,,,,No,,,,,,,,,,,,,,,,,,,,,,,,,,,,,
Mary Washington,,6258,Mary,Washington,(803) 857-1838,,,,140 McCord Dr,,Santee,SC,29142,,,,,,,,,Yes,,,,,,,,,,,,,,,,,,,,,,,,,,,,,
Mary West,,6250,Mary,West,(843) 312-8631,,,,2014 Bonner Avenue,,Santee,SC,29142,,,,,,,,,Yes,,,,,,,,,,,,,,,,,,,,,,,,,,,,,
Mary Wyland,,5456,,,4193763646,,,,464 Woodland Terrace,,Elloree,SC,,,,,,,,,,No,,,,,,,,,,,,,,,,,,,,,,,,,,,,,
Maryjo Devlin,,5518,,,8439260622,,,,135 Saluda Dr,,Santee,SC,29142,,,,,,,"#fiberCustomer, #residential",,No,,,,,,,,,,,,,,,,,,,,,,,,,,,,,
Maryland Brown,,5017,,,,,,,1751 Myers Road,,Orangeburg ,SC,29115,,,,,,,,,No,,,,,,,,,,,,,,,,,,,,,,,,,,,,,
Maryolyn Mueller,,922,Maryolyn,Mueller,(803) 707-6760,carolmueller03@gmai.com,,,125 Edisto Dr.,,Santee,SC,29142,,,,,,,,,No,,,,,,,,,,,,,,,,,,,,,,,,,,,,,
Mathew Mitman,,6221,Mathew,Mitman,(803) 409-9014,,,,6081 Old Number Six Highway,,Elloree,SC,29047,,,,,,,,,Yes,,,,,,,,,,,,,,,,,,,,,,,,,,,,,
Matt Burleson,,8293,Matt,Burleson,(843) 368-1798,matthew_burleson@yahoo.com,,,193 Ballard Ln,,Santee,South Carolina,29142-8565,,,,,,,,,Yes,,,8170,,,,,,,,,,,,,,,,,,,,,,,,,,
Matt Kaufman,,5693,Matt,Kaufman,4074876707,,,,429 santee dr,,Santee,SC,29142,,,,,,,"#fiberCustomer, #residential",,No,,,7505,,,,,,,,,,,,,,,,,,,,,,,,,,
Matt Shirkman,,7850,Matt,Shirkman,(330) 998-1020,mshirkma@kent.edu,,,109 Wateree Annex,,Santee,SC,29142,,,,,,,"#fiberCustomer, #residential",,Yes,,,7846,,,,,,,,,,,,,,,,,,,,,,,,,,
Matt Stremmel,,8279,Denise,Christmas,843-949-2392,DChristmas817@yahoo.com,,,2239 State Park Rd,,Santee,South Carolina,29142-9483,,,,,,,,,Yes,,,8160,,,,,,,,,,,,,,,,,,,,,,,,,,
Matthew & Shannon Jones,,1999,,,8434554362,,,,1010 McCoy St,,Holly Hill,SC,29059,,,,,,,,,No,,,,,,,,,,,,,,,,,,,,,,,,,,,,,
Matthew Gladden,,8251,Matthew,Gladden,(720) 397-3576,,,,148 William Clark Boulevard,,Santee,SC,29142,,,,,,,,,Yes,,,8142,,,,,,,,,,,,,,,,,,,,,,,,,,
Matthew Hood,,2063,,,8033087637,,,,235 Mistyglen Road,,Elloree,SC,29047,,,,,,,,,No,,,,,,,,,,,,,,,,,,,,,,,,,,,,,
Matthew Leslie,,1281,,,8035263304,,,,110 Cooper Dr,,Santee,SC,29142,,,,,,,"#fiberCustomer, #residential",,No,,,,,,,,,,,,,,,,,,,,,,,,,,,,,
Matthew Newton,,6344,Matthew,Newton,(864) 593-5358,,,Home,433 Ballard Lane,433,Santee,SC,29142,,,,,,,,,Yes,,,7809,,,,,,,,,,,,,,,,,,,,,,,,,,
Matthew Polin,,2917,Matthew,Polin,8033082301,,,,71 Elbow Bend Rd,,Elloree,SC,,,,,,,,,,No,,,,,,,,,,,,,,,,,,,,,,,,,,,,,
Matthew Sides,,6140,Matthew,Sides,8036247835,,,,5469 Neeses Highway,,Neeses,SC,29107,,,,,,,,,Yes,,,,,,,,,,,,,,,,,,,,,,,,,,,,,
Matthew Summers,,3589,,,8036641700,,,,PO Box 1482,,Orangeburg,SC,29116,,,,,,,,,No,,,,,,,,,,,,,,,,,,,,,,,,,,,,,
Matthew Suttle,,6222,Matthew,Suttle,(864) 399-2975,mattsuttle@fathishere.org,,home,131 Saluda Drive,,Santee,SC,29142,,,,,,,,,Yes,,,,,,,,,,,,,,,,,,,,,,,,,,,,,
Matthew Sweatman,,1817,,,,,,,1042 Jackson Belt Rd.,,,,,,,,,,,,,No,,,,,,,,,,,,,,,,,,,,,,,,,,,,,
Matthew Thomas,,5318,,,8038571552,,,,606 Project Rd,,Bowman,SC,,,,,,,,,,No,,,,,,,,,,,,,,,,,,,,,,,,,,,,,
Matthew Way,,2669,,,8037474467,,,,824 Kizer Rd,,Bowman,SC,29018,,,,,,,,,No,,,,,,,,,,,,,,,,,,,,,,,,,,,,,
Matthews Temples,,3847,,,8035426412,,,,190 Fernview St,,Bowman,SC,29018,,,,,,,,,No,,,,,,,,,,,,,,,,,,,,,,,,,,,,,
mattie,,5933,mattie,,,,,,,,,,,,,,,,,,,Yes,,,,,,,,,,,,,,,,,,,,,,,,,,,,,
Mattie Mays,,1497,Mattie,Mays,(843) 563-6183,,,,185 Neigborhood Dr,,St. George,SC,29477,,,,,,,,,No,,,,,,,,,,,,,,,,,,,,,,,,,,,,,
Mattress by Appoinment,,5974,Corinna,Aiken,(803) 857-4116,,,,950 Chestnut Street,,Orangeburg,SC,29115,,,,,,,,,Yes,,,,,,,,,,,,,,,,,,,,,,,,,,,,,
Maura McNulty,,599,,,8038974686,,,,530 Barkley Street,,Elloree,SC,29047,,,,,,,,,No,,,,,,,,,,,,,,,,,,,,,,,,,,,,,
Maurice Flewelling,,2232,,,8038544098,,,,131 Saluda Dr,,Santee,SC,29142,,,,,,,"#fiberCustomer, #residential",,No,,,,,,,,,,,,,,,,,,,,,,,,,,,,,
Maurice Pope,,8606,Maurice,Pope,(843) 870-2593,romeropope14@gmail.com,,,608 Perch Ln,,Santee,South Carolina,29142,,,,,,,,,Yes,,,,,,,,,,,,,,,,,,,,,,,,,,,,,
Max Wazny,,8659,Max,Wazny,(210) 834-3831,maxtmoto@yahoo.com,,,717 Striped Bass Ct,,Santee,SC,29142,,,,,,,,,Yes,,,,,,,,,,,,,,,,,,,,,,,,,,,,,
Maxine Van Vlack,,3817,,,8033085835,,,,1011 Todd Creek Rd,,Neeses,SC,29107,,,,,,,,,No,,,,,,,,,,,,,,,,,,,,,,,,,,,,,
Maxine Webb,,1575,,,8038543741,,,,6 Peter Collinson Rd,,Santee,SC,29142,,,,,,,,,No,,,,,,,,,,,,,,,,,,,,,,,,,,,,,
Maxwell Minus,,644,Maxwell,Minus,8435634471,,,,405 Harley Rd,,Reevesville,SC,29471,,,,,,,,,No,,,,,,,,,,,,,,,,,,,,,,,,,,,,,
Maxwell Stokes,,5040,,,9199494460,,,,262 New Meadow dr,,Reevesville,SC,,,,,,,,,,No,,,,,,,,,,,,,,,,,,,,,,,,,,,,,
Maybell ,,1073,,,,,,,420 Bay St.,,,,,,,,,,,,,No,,,,,,,,,,,,,,,,,,,,,,,,,,,,,
Maybelle Robinson,,863,,,8038974743,,,,420 Bay St.,,Elloree,SC,29047,,,,,,,,,No,,,,,,,,,,,,,,,,,,,,,,,,,,,,,
Mayer Industries,,5284,,,8035363505,,,,PO Box 1466,3777 Industrial Blv,Orangeburg,SC,29116,,,,,,,,,No,,,,,,,,,,,,,,,,,,,,,,,,,,,,,
McCain Atkinson,,132,,,,,,,18478 Heritage Hwy,,Denmark,SC,29042,,,,,,,,,No,,,,,,,,,,,,,,,,,,,,,,,,,,,,,
McCarthy Improvement Company,,3698,,,5635292986,,,,9399 Old Numbe Six Hwy,,Santee,SC,29142,,,,,,,,,No,,,,,,,,,,,,,,,,,,,,,,,,,,,,,
McDonalds / Pilot,,2683,Patrick,.,3197343301,installs@ccr.net,,,2064 Homestead Rd,,Bowman,SC,29018,,,,,,,,,No,,,,,,,,,,,,,,,,,,,,,,,,,,,,,
Media Security Services,,133,Media,Security Services,(803) 534-2491,,,,976 Middleton St,,Orangeburg,SC,29116,,,,,,,,,No,,,2183,,,,,,,,,,,,,,,,,,,,,,,,,,
Medical Center of Santee,,1200,Natasha,Smith,(803) 854-3805,nsmith@singletonhc.com,,,500 Bass Dr,,Santee,SC,29142,,,,,,,,,No,,,7980,,,,,,,,,,,,,,,,,,,,,,,,,,
Medshore Ambulance Service,,4399,Medshore,Ambulance Service,8033009399,,,,93 Railroad Ave,,Hilda ,SC,,,,,,,,,,No,,,,,,,,,,,,,,,,,,,,,,,,,,,,,
Megan Everett,,8559,Megan,Everett,(412) 853-8994,meverettusa@gmail.com,,,329 Santee Dr,,Santee,South Carolina,29142-8519,,,,,,,,,Yes,,,,,,,,,,,,,,,,,,,,,,,,,,,,,
Megan Garris,,6309,Megan,Garris,(843) 560-2392,,,,150 Saluda Drive,,Santee,SC,29142,,,,,,,"#fiberCustomer, #residential",,Yes,,,7813,,,,,,,,,,,,,,,,,,,,,,,,,,
Meherrin Agriculture,,1666,Matt,Brown,8038292601,,,,521 Rail Steet,,Bowman,SC,29018,,,,,,,,,No,,,,,,,,,,,,,,,,,,,,,,,,,,,,,
Meko Williams,,2349,,,8034963845,,,,3186 Vance Rd,,Holly Hill,SC,,,,,,,,,,No,,,,,,,,,,,,,,,,,,,,,,,,,,,,,
Melanie Bookhart,,4139,,,8038543323,,,,336 Catfish Rd    ,,         ,SC,,,,,,,,,,No,,,,,,,,,,,,,,,,,,,,,,,,,,,,,
Melanie Eastwood,,2273,,,8037302682,,,,110 Purina Ln,,Santee,SC,29142,,,,,,,,,No,,,,,,,,,,,,,,,,,,,,,,,,,,,,,
Melanie Fields,,2690,,,8039740490,,,,6116 old number six hwy,,Elloree,SC,29047,,,,,,,,,No,,,,,,,,,,,,,,,,,,,,,,,,,,,,,
Melanie Garrick,,1766,,,8038292894,,,,6614 Charleston Hwy,,Bowman,SC,29018,,,,,,,,,No,,,,,,,,,,,,,,,,,,,,,,,,,,,,,
Melanie Jones,,3080,Melanie,Jones,8038543611,,,,347 Veneer Street,,Elloree,SC,29047,,,,,,,,,No,,,,,,,,,,,,,,,,,,,,,,,,,,,,,
Melanie L Brown,,5824,,,8036621237,,,,543 Resort St,,Santee,SC,29142,,,,,,,,,No,,,,,,,,,,,,,,,,,,,,,,,,,,,,,
Melanie Singleton,,3310,,,8039284282,,,,525 Duncan St,,Orangeburg,SC,29115,,,,,,,,,No,,,,,,,,,,,,,,,,,,,,,,,,,,,,,
Melba Ross,,6209,Melba,Ross,(803) 463-6257,,,,"503 Easterlin Road, Bowman, SC, USA",,Bowman,SC,,,,,,,,,,Yes,,,,,,,,,,,,,,,,,,,,,,,,,,,,,
Melinda Meritt,,1381,,,8036824113,,,,3550 Foxfire,,Orangeburg,SC,29118,,,,,,,,,No,,,,,,,,,,,,,,,,,,,,,,,,,,,,,
Melinda Merritt,,3443,,,8036824113,,,,3550 fox fire lane ,,Orangeburg ,SC,29118,,,,,,,,,No,,,,,,,,,,,,,,,,,,,,,,,,,,,,,
Melinda Shaw,,8610,Melinda,Shaw,(903) 951-4679,mrichardson7172@gmail.com,,,5090 Myrtle Dr,,Santee,South Carolina,29142-9415,,,,,,,,,Yes,,,,,,,,,,,,,,,,,,,,,,,,,,,,,
Melinda Smith,,6122,Melinda,Smith,(513) 646-1603,,,,164 UnderBush Court,,Holly Hill,SC,29059,,,,,,,,,Yes,,,,,,,,,,,,,,,,,,,,,,,,,,,,,
Melinda Weatherford,,2512,,,8034964808,,,,295 Country Road ,,Bowman,SC,29018,,,,,,,,,No,,,,,,,,,,,,,,,,,,,,,,,,,,,,,
Melissa  Jenkins ,,446,,,8038292777,,,,922 Jackson Belt Rd   ,,Holly Hill          ,SC,29059,,,,,,,,,No,,,,,,,,,,,,,,,,,,,,,,,,,,,,,
Melissa Cain,,5633,,,,,,,1421 St matthews rd ,,Orangeburg ,SC,29115,,,,,,,,,No,,,,,,,,,,,,,,,,,,,,,,,,,,,,,
Melissa Cain CPA,,3826,Melissa,Cain CPA,(803) 516-5838,melissa@melissacaincpa.com,,,1721 St. Matthews Road,,Orangeburg,SC,29118,,,,,,,,,No,,,7118,,,,,,,,,,,,,,,,,,,,,,,,,,
melissa caloca,,4031,,,,,,,211 hutto acemarket rd ,,Vance,,,,,,,,,,,No,,,,,,,,,,,,,,,,,,,,,,,,,,,,,
Melissa Cowan,,447,,,8033474957,,,,541 Bobwhite Rd          ,109 Ragtime Trail  (Physical),Santee      ,SC,29142,,,,,,,,,No,,,,,,,,,,,,,,,,,,,,,,,,,,,,,
Melissa Judy,,5544,Melissa,Judy,(803) 530-6668,,,,313 Santee Dr,,Santee,SC,29142,,,,,,,"#fiberCustomer, #residential",,No,,,7447,,,,,,,,,,,,,,,,,,,,,,,,,,
Melissa Killion,,2045,,,8436975562,,,,115 Youngs Rd,,Eutawville,SC,29048,,,,,,,,,No,,,,,,,,,,,,,,,,,,,,,,,,,,,,,
Melissa Minus,,1536,,,,,,,,,,,,,,,,,,,,No,,,,,,,,,,,,,,,,,,,,,,,,,,,,,
Melissa Noon,,975,,,8038543812,,,,2065 Tee Vee Rd,,Elloree,SC,29047,,,,,,,,,No,,,,,,,,,,,,,,,,,,,,,,,,,,,,,
Melissa Phalen,,8088,Melissa,Phalen,(843) 909-0881,,,,212 Church St,,Reevesville,SC,29471,,,,,,,,,Yes,,,,,,,,,,,,,,,,,,,,,,,,,,,,,
Melissa Rock,,1501,,,8034736172,,,,176 Sweet Bay Rd,,Santee,SC,29142,,,,,,,,,No,,,,,,,,,,,,,,,,,,,,,,,,,,,,,
Melissa Sims,,5542,,,8437532040,,,,786 Antioch rd,,Santee ,SC,,,,,,,,,,No,,,,,,,,,,,,,,,,,,,,,,,,,,,,,
Melissa Smith,,1761,,,8038972933,,,,1245 Midway Rd,,Elloree,SC,,,,,,,,,,No,,,,,,,,,,,,,,,,,,,,,,,,,,,,,
Melissa Timmons,,8556,Melissa,Timmons,(843) 687-4516,mmtimmons3@gmail.com,,,403 Ballard Ln,,Santee,South Carolina,29142-8559,,,,,,,,,Yes,,,,,,,,,,,,,,,,,,,,,,,,,,,,,
Mellisa Bills,,484,,,2604375552,,,,100 Cooper Dr ,,Santee,SC,29142,,,,,,,"#fiberCustomer, #residential",,No,,,,,,,,,,,,,,,,,,,,,,,,,,,,,
Melloney Sadauskas,,8548,Melloney,Sadauskas,(757) 389-2569,54mommell@gmail.com,,,111 Ballard Ln,,Santee,South Carolina,29142-8563,,,,,,,,,Yes,,,,,,,,,,,,,,,,,,,,,,,,,,,,,
Melody Johnson,,2482,,,8034923138,,,,7516 Old Number 6 Hwy,,Santee,SC,29142,,,,,,,,,No,,,,,,,,,,,,,,,,,,,,,,,,,,,,,
Melody Summers,,7825,Melody,Summers,(803) 682-1222,,,,113 Saint John Road,,Cameron,SC,29030,,,,,,,,,Yes,,,7840,,,,,,,,,,,,,,,,,,,,,,,,,,
Melonie Childers,,3244,,,8039974524,,,,691 Picket Level Rd,,Elloree,SC,29047,,,,,,,,,No,,,,,,,,,,,,,,,,,,,,,,,,,,,,,
Melvin Lawton,,2548,,,8033781032,,,,752 Kings Rd,,,SC,,,,,,,,,,No,,,,,,,,,,,,,,,,,,,,,,,,,,,,,
Melvin Macon,,5994,Melvin,Macon,(803) 837-0229,,,,332 Sugar Hill Rd,,Holly Hill,SC,29059,,,,,,,,,Yes,,,,,,,,,,,,,,,,,,,,,,,,,,,,,
Melvin Macon (Macon Bonding),,1187,,,8038370229,,,,400 Sugar Hill Rd,,Holly Hill,SC,29059,,,,,,,,,No,,,,,,,,,,,,,,,,,,,,,,,,,,,,,
Melvin Richburg,,2963,,,8034928605,,,,673 eutaw hwy,,Eutawville,SC,,,,,,,,,,No,,,,,,,,,,,,,,,,,,,,,,,,,,,,,
Melvin Schrock,,4275,,,,,,,881 Hilda Rd,,Barnwell ,SC,29817,,,,,,,,,No,,,,,,,,,,,,,,,,,,,,,,,,,,,,,
Melvin Seabrooks,,4559,Melvin,Seabrooks,(803) 707-4253,,,,117 Sheard Dr,,Santee,SC,29142,,,,,,,,,No,,,7063,,,,,,,,,,,,,,,,,,,,,,,,,,
Melvina Doctor,,8307,Melvina,Doctor,(704) 363-1704,tiffanyouelha@gmail.com,,,126 Stono Circle,,Santee,SC,29142,,,,,,,,,Yes,,,8184,,,,,,,,,,,,,,,,,,,,,,,,,,
Memories,,134,,,,,,,1401 Charleston Road,,Orangeburg,SC,29115,,,,,,,,,No,,,,,,,,,,,,,,,,,,,,,,,,,,,,,
Mercedes Perez,,3975,,,8037075048,,,,140 lloyd st,,Orangeburg,SC,29115,,,,,,,,,No,,,,,,,,,,,,,,,,,,,,,,,,,,,,,
Meredith Sykes,,5122,,,8035961134,,,,228 Wilbert Way,,St. Matthews,SC,29135,,,,,,,,,No,,,,,,,,,,,,,,,,,,,,,,,,,,,,,
Merilyn Binnicker,,3302,,,8035312189,,,,4918 Charleston Hwy,,Orangeburg,SC,29115,,,,,,,,,No,,,,,,,,,,,,,,,,,,,,,,,,,,,,,
Merle Buck,,4659,,,8037074716,,,,1578 Riverbank Dr,,Orangeburg,SC,,,,,,,,,,No,,,,,,,,,,,,,,,,,,,,,,,,,,,,,
Merle Grams,,7912,Merle,Grams,(419) 704-5670,Magic@bex.net,,,103 Ballard Lane,103,Santee,SC,29142,,,,,,,,,Yes,,,7886,,,,,,,,,,,,,,,,,,,,,,,,,,
Meshelle Brown-Sealy,,8284,Meshelle,Brown-Sealy,(843) 452-6594,,,,136 Congaree Ct,,Santee,SC,29142,,,,,,,,,Yes,,,8158,,,,,,,,,,,,,,,,,,,,,,,,,,
Metro Wireless & Fasion,,3588,,,8033080209,,,,2848 Cleveland St,,Elloree,SC,29047,,,,,,,,,No,,,,,,,,,,,,,,,,,,,,,,,,,,,,,
MFG Housing Out,,7982,Regina,Butler,(803) 539-2147,reginabutler557@gmail.com,Office Manager,,1992 Old Edisto Drive,,,,,,,,,,,,,Yes,,,,,,,,,,,,,,,,,,,,,,,,,,,,,
Micdrena Canty,,4931,,,8038571169,,,,190 Sweet Bay Ln,,Santee,SC,29142,,,,,,,,,No,,,,,,,,,,,,,,,,,,,,,,,,,,,,,
Michael A Shivers,,4368,,,8034100560,,,,2013 Felderville Rd,,Santee,SC,29142,,,,,,,,,No,,,,,,,,,,,,,,,,,,,,,,,,,,,,,
Michael Addington,,8006,Michael ,Addington,(770) 655-4517,michael.e.addington.civ@army.mil,,,133 Birdie Court,,Santee,SC,29142,,,,,,,,,Yes,,,,,,,,,,,,,,,,,,,,,,,,,,,,,
Michael Alexander,,5704,Michael,Alexander,7203237739,,,,120 Cooper Circle,,Santee,SC,29142,,,,,,,"#fiberCustomer, #residential",,No,,,,,,,,,,,,,,,,,,,,,,,,,,,,,
Michael and Emylee Powell,,8130,Emylee,Powell,(843) 329-9953,Ead7741@gmail.com,,,156 William Clark Boulevard,,Santee,SC,29142,,,,,,,,,Yes,,,8045,,,,,,,,,,,,,,,,,,,,,,,,,,
Michael and Sandra Varner,,8441,Michael and Sandra,Varner,(843) 367-7721,varnersandy6@gmail.com,,,414 Santee Dr,,Santee,South Carolina,29142-9305,,,,,,,,,Yes,,,8278,,,,,,,,,,,,,,,,,,,,,,,,,,
Michael Black,,4695,,,8035714187,,,,1170 Green branch Road,,Barnwell,SC,29812,,,,,,,,,No,,,,,,,,,,,,,,,,,,,,,,,,,,,,,
Michael Borgstedt ,,4661,Michael,Borgstedt ,(803) 707-2481,,,,32 Lakewood Dr,,Cameron,SC,,,,,,,,,,No,,,,,,,,,,,,,,,,,,,,,,,,,,,,,
Michael Brown,,5867,Michael,Brown,(803) 571-6395,,,,,,,,,,,,,,,,,No,,,7090,,,,,,,,,,,,,,,,,,,,,,,,,,
Michael Brown,,5868,Michael,Brown,(803) 963-2236,,,,114 Robertson Street,,Barnwell,SC,,,,,,,,,,No,,,7588,,,,,,,,,,,,,,,,,,,,,,,,,,
Michael C Tanner LLC,,3724,Beth,,(803) 245-9153,,,,1244 North Street,PO Box 1061,Bamberg,SC,29003,,,,,,,,,No,,,,,,,,,,,,,,,,,,,,,,,,,,,,,
Michael Calianese,,1401,Michael,Calianese,8038543371,,,,107 Rhett Court,,Santee,SC,29142,,,,,,,,,No,,,4498,,,,,,,,,,,,,,,,,,,,,,,,,,
Michael Chapman,,2950,,,8035394908,,,,125 Twisted Oal Trail,,Elloree,SC,29047,,,,,,,,,No,,,,,,,,,,,,,,,,,,,,,,,,,,,,,
Michael Clark,,424,,,8034965931,,,,117 Cocktail ,,Holly Hill,SC,,,,,,,,,,No,,,,,,,,,,,,,,,,,,,,,,,,,,,,,
Michael Daniel,,811,,,8437296472,,,,336 Cardinal rd,,Elloree,SC,,,,,,,,,,No,,,,,,,,,,,,,,,,,,,,,,,,,,,,,
Michael Davis,,6135,Michael,Davis,(803) 664-2319,,,,4361 Cameron Road,,Orangeburg,SC,29115,,,,,,,,,Yes,,,,,,,,,,,,,,,,,,,,,,,,,,,,,
Michael Delambo,,6159,Michael,Delambo,(843) 324-0981,,,,501 Santee Drive,,Santee,SC,29142,,,,,,,"#fiberCustomer, #residential",,Yes,,,,,,,,,,,,,,,,,,,,,,,,,,,,,
Michael Edge,,6097,Kelly,Edge,(803) 837-0776,,,Home Address,102 Boyce Lawton,,Cameron,SC,,,,,,,,,,Yes,,,,,,,,,,,,,,,,,,,,,,,,,,,,,
Michael Fanning,,2313,Michael,Fanning,(803) 308-0330,,,,6717 Old Number Six Hwy ,,Elloree,SC,,,,,,,,,,No,,,,,,,,,,,,,,,,,,,,,,,,,,,,,
Michael G Salley Jr,,6099,Penny,Salley,(803) 347-4264,,,,1734 John Wesley Drive,,Orangeburg,SC,29118,,,,,,,,,Yes,,,,,,,,,,,,,,,,,,,,,,,,,,,,,
Michael Gearl,,1609,,,8038973630,,,,1229 Cleveland St.,,Elloree,SC,29047,,,,,,,,,No,,,,,,,,,,,,,,,,,,,,,,,,,,,,,
Michael Getz,,7940,Michael,Getz,(843) 834-6081,MichaelGtv@hotmail.com,,Home,115 Rhett Ct,,Santee,South Carolina,29142-9400,,,,,,,"#fiberCustomer, #residential",,Yes,,,7910,,,,,,,,,,,,,,,,,,,,,,,,,,
Michael Gibbs II,,1525,,,8037472878,,,,230 Yearling Drive,,Eutawville,SC,29048,,,,,,,,,No,,,,,,,,,,,,,,,,,,,,,,,,,,,,,
Michael Haynes,,2498,,,8034968316,,,,218 Cemetery rd ,,Cameron,SC,29047,,,,,,,,,No,,,,,,,,,,,,,,,,,,,,,,,,,,,,,
Michael Haynes,,2140,,,8036647670,,,,410 Second St.,,Cameron,SC,29030,,,,,,,,,No,,,,,,,,,,,,,,,,,,,,,,,,,,,,,
Michael Hoy,,3575,,,,,,,1656 Four Holes Road,,Orangeburg,SC,29115,,,,,,,,,No,,,,,,,,,,,,,,,,,,,,,,,,,,,,,
Michael Hubbard,,3469,,,8647525115,,,,594 Lewis Dunton Strret,,Orangeburg,SC,29115,,,,,,,,,No,,,,,,,,,,,,,,,,,,,,,,,,,,,,,
Michael Hughes,,5722,,,8436364012,,,,3282 Reevesville Rd,,Reevesville ,SC,29471,,,,,,,,,No,,,,,,,,,,,,,,,,,,,,,,,,,,,,,
Michael Hughes,,5140,,,8436364012,,,,3282 Reevesvillle Rd,,Reevesville,SC,,,,,,,,,,No,,,,,,,,,,,,,,,,,,,,,,,,,,,,,
Michael Hutto,,3992,,,8036713330,,,,168 Black Street,,Barnwell,SC,29812,,,,,,,,,No,,,,,,,,,,,,,,,,,,,,,,,,,,,,,
Michael Jamieson,,5346,Michael,Jamieson,9088761975,,,,132 Cooper Circle,,Santee,SC,29142,,,,,,,"#fiberCustomer, #residential",,No,,,7378,,,,,,,,,,,,,,,,,,,,,,,,,,
Michael Jordan,,2309,,,8033158150,,,,385 Reeves Farm Rd,,St George,SC,29477,,,,,,,,,No,,,,,,,,,,,,,,,,,,,,,,,,,,,,,
Michael Keene,,5856,,,7159281406,,,,265 CaneBrake Court,,Elloree,SC,29047,,,,,,,,,No,,,,,,,,,,,,,,,,,,,,,,,,,,,,,
Michael Kehoe,,1909,Michael,Kehoe,(803) 974-9360,mikekehoe50@gmail.com,,,112 Edisto Dr,,Santee,South Carolina,29142-9403,,,,,,,,,No,,,,,,,,,,,,,,,,,,,,,,,,,,,,,
Michael Kid,,4829,,,8435060746,,,,1035 Deer Trail Drive,,Santee,SC,29142,,,,,,,,,No,,,,,,,,,,,,,,,,,,,,,,,,,,,,,
Michael Kidd,,8350,Michael,Kidd,(843) 506-0746,,,,138 Partridge Run Rd,,Santee,South Carolina,29142,,,,,,,,,Yes,,,7171,,,,,,,,,,,,,,,,,,,,,,,,,,
Michael King,,1490,,,8432761404,,,,5050 Myrtle Dr,,Santee,SC,29142,,,,,,,,,No,,,,,,,,,,,,,,,,,,,,,,,,,,,,,
Michael Kirk,,1397,Michael,Kirk,(703) 963-5182,,,,419 Santee Dr,,Santee,SC,29142,,,,,,,"#fiberCustomer, #residential",,No,,,5547,,,,,,,,,,,,,,,,,,,,,,,,,,
Michael Knight Jr,,8581,Michael,Knight Jr,(843) 729-8995,mekjr2@gmail.com,,,417 Santee Dr,,Santee,South Carolina,29142-9304,,,,,,,,,Yes,,,,,,,,,,,,,,,,,,,,,,,,,,,,,
Michael Lee,,4890,,,8039740211,,,,1153 Neeses Hwy,,Orangeburg,SC,29115,,,,,,,,,No,,,,,,,,,,,,,,,,,,,,,,,,,,,,,
Michael Lewis,,2113,,,8036820817,,,,7720 Old Number Six Hwy,,Santee,SC,29142,,,,,,,,,No,,,,,,,,,,,,,,,,,,,,,,,,,,,,,
Michael Miles,,8030,Michael,Miles,(843) 926-4355,michaelleelee1234@gmail.com,,,129 Monsum Court,,Elloree,SC,29047,,,,,,,,,Yes,,,,,,,,,,,,,,,,,,,,,,,,,,,,,
Michael Monnet,,8196,Michael, Monnet,(843) 478-0011,mmonnet1@gmail.com,,,661 Plantation Drive,,Santee,SC,29142,,,,,,,,,Yes,,,8112,,,,,,,,,,,,,,,,,,,,,,,,,,
Michael Moore,,2286,,,8038973066,,,,369 Hampton St   ,,Elloree,SC,29047,,,,,,,,,No,,,,,,,,,,,,,,,,,,,,,,,,,,,,,
Michael Moss CPA,,4609,Michael,Moss CPA,(803) 874-3883,,,,PO Box 103,1807 Bridge St,St Matthews,SC,29135,,,,,,,,,No,,,7088,,,,,,,,,,,,,,,,,,,,,,,,,,
Michael Myers,,1457,,,8037590866,,,,2116 Vance Rd,,Vance,SC,,,,,,,,,,No,,,,,,,,,,,,,,,,,,,,,,,,,,,,,
Michael Nelson,,5226,Michael,Nelson,(803) 236-9017,,,,106 Wateree dr,,Santee,SC,,,,,,,,"#fiberCustomer, #residential",,No,,,7307,,,,,,,,,,,,,,,,,,,,,,,,,,
Michael Noon,,4272,,,8605143021,,,,604 Santee Dr,,Santee,SC,29142,,,,,,,"#fiberCustomer, #residential",,No,,,,,,,,,,,,,,,,,,,,,,,,,,,,,
Michael P. Fitzherbert        ,,8178,Michael P. ,Fitzherbert        ,(864) 345-3723,mike.fitzherbert@outlook.com,,,5030 Myrtle Drive,,Santee,SC,29142,,,,,,,,,Yes,,,8076,,,,,,,,,,,,,,,,,,,,,,,,,,
Michael Pace,,1225,Michael,Pace,8034965685,,,,405 Fourwind Rd,,Holly Hill,SC,29059,,,,,,,,,No,,,,,,,,,,,,,,,,,,,,,,,,,,,,,
Michael R Daniel,,1133,,,8437296472,,,,2737 Cleveland St  Suite 101,,Elloree,SC,29047,,,,,,,,,No,,,,,,,,,,,,,,,,,,,,,,,,,,,,,
Michael R Heatley,,2999,Michael,R Heatley,(803) 682-0918,,,,199 Roxborough Dr,,Elloree,SC,29047,Jerry,Heatley,(803) 682-0918,,,,,,No,,,6455,,,,,,,,,,,,,,,,,,,,,,,,,,
Michael Reed,,740,,,8034965849,,,,835 Jackson Belt Rd,,Holly Hill,SC,29059,,,,,,,,,No,,,,,,,,,,,,,,,,,,,,,,,,,,,,,
Michael S Braxton,,4093,,,8037071714,,,,105 Equestrian Ln,,Cameron,SC,29030,,,,,,,,,No,,,,,,,,,,,,,,,,,,,,,,,,,,,,,
Michael Salley,,4088,Michael,Salley,(803) 534-2931,,,,924 Bennette St,,Orangeburg,SC,29118,,,,,,,,,No,,,,,,,,,,,,,,,,,,,,,,,,,,,,,
Michael Salley,,5598,,,,,,,312 Broad River Dr,,Santee,SC,21942,,,,,,,"#fiberCustomer, #residential",,No,,,,,,,,,,,,,,,,,,,,,,,,,,,,,
Michael Sauls,,4936,Michael,Sauls,8033084048,,,,124 Shadey Breeze Lane,,Neeses,SC,29107,,,,,,,,,No,,,7216,,,,,,,,,,,,,,,,,,,,,,,,,,
Michael Savage,,8095,Michael,Savage,(508) 331-5442,msavage22@gmail.com,,,130 Green Street,,Santee,SC,29142,,,,,,,"#fiberCustomer, #residential",,Yes,,,8012,,,,,,,,,,,,,,,,,,,,,,,,,,
Michael Sawer,,3109,,,8432006426,,,,337 Santee Drive,,Santee,SC,29142,,,,,,,"#fiberCustomer, #residential",,No,,,,,,,,,,,,,,,,,,,,,,,,,,,,,
Michael Shackleford ,,4440,,,8033478725,,,,104 cooper Circle,,Santee,SC,29142,,,,,,,"#fiberCustomer, #residential",,No,,,,,,,,,,,,,,,,,,,,,,,,,,,,,
Michael Sheedy,,1246,Michael,Sheedy,8038543217,,,,1015 Deer Trail Dr,,Santee,SC,29142,,,,,,,"#fiberCustomer, #residential",,No,,,,,,,,,,,,,,,,,,,,,,,,,,,,,
Michael Shingler,,1941,,,8033785871,,,,399 Barcelona dr,,Santee,SC,,,,,,,,,,No,,,,,,,,,,,,,,,,,,,,,,,,,,,,,
Michael Shuler,,1986,,,8034964998,,,,1033 Planters Trace Rd,,Santee,SC,29142,,,,,,,,,No,,,,,,,,,,,,,,,,,,,,,,,,,,,,,
Michael Singletary,,8540,Michael,Singletary,(803) 837-9594,msingletary@ntinet.com,,,1006 Browns Pond Rd,,Wagener,South Carolina,29164-8714,,,,,,,,,Yes,,,7896,,,,,,,,,,,,,,,,,,,,,,,,,,
Michael Snyder,,5950,Michael ,Snyder,(843) 560-0381,,,,243 Green Street,,Santee,SC,29142,,,,,,,"#fiberCustomer, #residential",,Yes,,,7627,,,,,,,,,,,,,,,,,,,,,,,,,,
Michael Stewart,,5999,Michael,Stewart,(607) 348-6820,,,,124 Cooper Drive,,Santee,SC,29142,,,,,,,"#fiberCustomer, #residential",,Yes,,,,,,,,,,,,,,,,,,,,,,,,,,,,,
Michael Still,,5771,Michael,Still,8036141791,,,,151 Oliver Street,,Bowman,SC,29018,,,,,,,,,No,,,,,,,,,,,,,,,,,,,,,,,,,,,,,
Michael Still,,6186,Michael,Still,(803) 671-0806,,,Home,464 Hartzog Road,,Barnwell,SC,29812,,,,,,,,,Yes,,,,,,,,,,,,,,,,,,,,,,,,,,,,,
Michael Sturgess,,3979,,,9126313400,,,,265 Rutland Road,,Neeses,SC,29107,,,,,,,,,No,,,,,,,,,,,,,,,,,,,,,,,,,,,,,
Michael Tanner,,2803,,,8033832232,,,,2212 Middleton St,,Orangeburg,SC,29115,,,,,,,,,No,,,,,,,,,,,,,,,,,,,,,,,,,,,,,
Michael Tanner LLC,,5114,,,8032459153,,,,392 Secand st,,Bamberg,SC,,,,,,,,,,No,,,,,,,,,,,,,,,,,,,,,,,,,,,,,
Michael Ulmer,,6091,Michael ,Ulmer,(843) 624-1779,,,,237 Green Street,,Santee,SC,29142,,,,,,,"#fiberCustomer, #residential",,Yes,,,,,,,,,,,,,,,,,,,,,,,,,,,,,
Michael Varnes,,4160,,,8438225347,,,,10 Walter Circle,,Santee,SC,29142,,,,,,,,,No,,,,,,,,,,,,,,,,,,,,,,,,,,,,,
Michael Way,,2052,,,8038293295,,,,6504 Vance Rd.,,Bowman,SC,29018,,,,,,,,,No,,,,,,,,,,,,,,,,,,,,,,,,,,,,,
Michael WIlliams,,6124,Michael,WIlliams,(803) 308-5917,,,,127 Haddock Road Northwest,,Orangeburg,SC,29115,,,,,,,,,Yes,,,,,,,,,,,,,,,,,,,,,,,,,,,,,
Michael Wise,,2405,,,8033879914,,,,828 Antioch Rd,,Santee,SC,29142,,,,,,,,,No,,,,,,,,,,,,,,,,,,,,,,,,,,,,,
Michael Zaifert,,2154,Michael,Zaifert,(912) 484-7620,,,,467 Santee Dr.,,Santee,SC,29142,,,,,,,"#fiberCustomer, #residential",,No,,,5991,,,,,,,,,,,,,,,,,,,,,,,,,,
Michael Zeigler,,341,Michael,Zeigler,(843) 754-0810,,,,6314 Old Number Six Hwy.,,Elloree,SC,29047,,,,,,,,,No,,,5438,,,,,,,,,,,,,,,,,,,,,,,,,,
Micheal Bull ,,4639,,,8436947790,,,,326 planters trace rd ,,Santee,SC,29142,,,,,,,,,No,,,,,,,,,,,,,,,,,,,,,,,,,,,,,
Micheal Hoover,,5484,,,8039379466,,,,505 Rice st ,,Neeses ,SC,,,,,,,,,,No,,,,,,,,,,,,,,,,,,,,,,,,,,,,,
Micheal Lindquen,,1478,Micheal,Lindquen,9702187723,,,,316 Santee Dr,,Santee,SC,29142,,,,,,,"#fiberCustomer, #residential",,No,,,,,,,,,,,,,,,,,,,,,,,,,,,,,
Micheal Wise,,4669,,,8033879914,,,,,,,,,,,,,,,,,No,,,,,,,,,,,,,,,,,,,,,,,,,,,,,
Michele Ray,,6163,Michele,Ray,(513) 807-9132,,,,448 Old Salem Road,,Barnwell,SC,29812,,,,,,,,,Yes,,,,,,,,,,,,,,,,,,,,,,,,,,,,,
Michelle Antley,,686,,,8038972946,,,,401 Barkley St,,Elloree,SC,29047,,,,,,,,,No,,,,,,,,,,,,,,,,,,,,,,,,,,,,,
Michelle Bourgouis,,331,,,8038232514,,,,402 Old Orangeburg Rd ,,Cameron ,SC,29030,,,,,,,,,No,,,,,,,,,,,,,,,,,,,,,,,,,,,,,
Michelle Bozard,,4449,,,8033004609,,,,60 sage rd ,, Barnwell,SC,29812,,,,,,,,,No,,,,,,,,,,,,,,,,,,,,,,,,,,,,,
Michelle Clark,,3539,,,8038371891,,,,1470 Vance Rd,,Vance ,SC,29163,,,,,,,,,No,,,,,,,,,,,,,,,,,,,,,,,,,,,,,
Michelle Felkel,,1605,,,8038972270,,,,474 Hungerpiller St,,Elloree,SC,29047,,,,,,,,,No,,,,,,,,,,,,,,,,,,,,,,,,,,,,,
Michelle Frazier,,2127,,,8038542659,,,,204 Imperial Lane,,Santee,SC,29142,,,,,,,,,No,,,,,,,,,,,,,,,,,,,,,,,,,,,,,
Michelle furne,,3505,,,8037076626,,,,1031 todd creek rd,,Neeses,SC,29107,,,,,,,,,No,,,,,,,,,,,,,,,,,,,,,,,,,,,,,
Michelle Garvin,,2051,,,8038292595,,,,6437 Charleston Hwy,,Bowman,SC,29018,,,,,,,,,No,,,,,,,,,,,,,,,,,,,,,,,,,,,,,
Michelle Melroy,,6231,Michelle,Melroy,(301) 938-8785,,,,410 Santee Drive,,Santee,SC,29142,,,,,,,"#fiberCustomer, #residential",,Yes,,,,,,,,,,,,,,,,,,,,,,,,,,,,,
Michelle Miles,,8451,Michelle,Miles,(803) 305-3461,miles492@gmail.com,,,5 Thomas Walter Cir,,Santee,South Carolina,29142-8305,,,,,,,,,Yes,,,8294,,,,,,,,,,,,,,,,,,,,,,,,,,
Michelle Patterson,,3912,,,8033874354,,,,402 Old Orangeburg Road,,Cameron,SC,29030,,,,,,,,,No,,,6835,,,,,,,,,,,,,,,,,,,,,,,,,,
Michelle Redden,,4971,,,8436191840,,,,391 Popler st ,,Bowman,SC,,,,,,,,,,No,,,,,,,,,,,,,,,,,,,,,,,,,,,,,
Michelle Rhines,,1672,,,8038543761,,,,111 Montegue St,,Santee,SC,29142,,,,,,,,,No,,,,,,,,,,,,,,,,,,,,,,,,,,,,,
Michelle Robinson,,8202,Michelle,Robinson,(843) 599-5050,Michellevance27@gmail.com,,,220 Oak Hollow Drive,,Santee,SC,29142,,,,,,,,,Yes,,,8111,,,,,,,,,,,,,,,,,,,,,,,,,,
Michelle Robinson (old),,5280,,,9125773714,,,,313 Wade Court,,Orangeburg,SC,29118,,,,,,,,,No,,,,,,,,,,,,,,,,,,,,,,,,,,,,,
Michelle Walters,,2443,,,8034963414,,,,203 Strong St,,Holly Hill,SC,29059,,,,,,,,,No,,,,,,,,,,,,,,,,,,,,,,,,,,,,,
Michelle Williams,,2777,,,8033781771,,,,112 Goodwin Rd,,Orangeburg ,SC,29115,,,,,,,,,No,,,,,,,,,,,,,,,,,,,,,,,,,,,,,
Michelle Woodall,,3134,,,,,,,1031 Myrtle Drive           ,,Santee,SC,29142,,,,,,,,,No,,,,,,,,,,,,,,,,,,,,,,,,,,,,,
Michelle yates,,2523,,,7036247564,,,,105 Ballards Ln,,Santee,SC,29142,,,,,,,,,No,,,,,,,,,,,,,,,,,,,,,,,,,,,,,
Mickey Stoppelbein,,409,Mickey,Stoppelbein,(843) 822-4333,,,,2329 Antioch Rd,,Holly Hill,SC,29059,,,,,,,,,No,,,,,,,,,,,,,,,,,,,,,,,,,,,,,
Mickey Weeks,,709,,,8035359900,,,,203 Old Orangeburg Road,,Cameron,SC,29030,,,,,,,,,No,,,,,,,,,,,,,,,,,,,,,,,,,,,,,
Mid Carolina Pipe,,1352,,,8036000640,,,,740 Bass Drive,,Santee,SC,29142,,,,,,,,,No,,,,,,,,,,,,,,,,,,,,,,,,,,,,,
Mid Carolina Timber,,782,Mid,Carolina Timber,8035365902,,,,PO Box 1482,3725 Magnolia St,Orangeburg,SC,29116,,,,,,,,,No,,,,,,,,,,,,,,,,,,,,,,,,,,,,,
Mid Eastern,,8550,Joe,Witt,,joe@mideastern.com,,Manning,2057 A M Nash Rd,,Manning,South Carolina,29102,,,,,,,,,Yes,,,7854,,,,,,,,,,,,,,,,,,,,,,,,,,
Mid Eastern Chrome Stop,,7818,Joe,Witt,(803) 737-3381,Gaston@mideasternchromestop.com,,,225 Bellinger Lane,,Gaston,SC,29053,,,,,,,,,Yes,,,,,,,,,,,,,,,,,,,,,,,,,,,,,
Mid-Carolina Office  Equipment,,135,,,8035347183,,,,854 Broughton St,,Orangeburg,SC,29115,,,,,,,,,No,,,,,,,,,,,,,,,,,,,,,,,,,,,,,
Mid-State Homes,,136,Mid-State,Homes,8035366610,,,,1992 Old Edisto Dr,,Orangeburg,SC,29115,,,,,,,,,No,,,,,,,,,,,,,,,,,,,,,,,,,,,,,
Middleton and Associates Realtors,,137,Middleton,and Associates Realtors,(803) 534-8152,,,,1211 Amelia St,,Orangeburg,SC,29115,,,,,,,,,No,,,1906,,,,,,,,,,,,,,,,,,,,,,,,,,
Middling Cotton Company,,138,Wanda,Rutland,8038743000,,,,3401 E Bridge St,,St Matthews,SC,29135,,,,,,,,,No,,,,,,,,,,,,,,,,,,,,,,,,,,,,,
Midlands Mini Storage,,139,,,,,,,1391 Shillings Bridge Rd,,Orangeburg,SC,29115-8749,,,,,,,,,No,,,,,,,,,,,,,,,,,,,,,,,,,,,,,
Midway Fire Dept,,5216,,,,,,,1337 Midway rd ,,Elloree ,SC,,,,,,,,,,No,,,,,,,,,,,,,,,,,,,,,,,,,,,,,
Migos,,8109,Stephanie,Magana,(803) 682-8865,,,John Harrell,480 Stonewall Jackson Boulevard,,Orangeburg,SC,29115,,,,,,,,,Yes,,,,,,,,,,,,,,,,,,,,,,,,,,,,,
Miguel Dukes,,357,,,8038571894,,,,361 Neds Cove,,Santee,SC,29142,,,,,,,,,No,,,,,,,,,,,,,,,,,,,,,,,,,,,,,
Mike and Cathy Strickland,,8228,Cathy,Strickland,(843) 452-6896,,,,121 Green Court,,Santee,SC,29142,,,,,,,,,Yes,,,8132,,,,,,,,,,,,,,,,,,,,,,,,,,
Mike Beard,,631,Mike,Beard,8036641999,,,,121 Cooper Dr.,,Santee,SC,29142,,,,,,,"#fiberCustomer, #residential",,No,,,5082,,,,,,,,,,,,,,,,,,,,,,,,,,
Mike Dorman - Cambium Networks,,2694,,,,,,,,,,,,,,,,,,,,No,,,,,,,,,,,,,,,,,,,,,,,,,,,,,
Mike Emmons,,2896,,,8038972501,,,,228 Griffith Lane,,Elloree,SC,,,,,,,,,,No,,,,,,,,,,,,,,,,,,,,,,,,,,,,,
Mike Fanner,,2310,,,8038291794,,,,6700 Vance Rd,,Bowman,SC,29018,,,,,,,,,No,,,,,,,,,,,,,,,,,,,,,,,,,,,,,
Mike Funderburk,,4808,,,8036640707,,,,2259 Slablanding rd,,Nesses,SC,29107,,,,,,,,,No,,,,,,,,,,,,,,,,,,,,,,,,,,,,,
Mike Haigler,,1007,Mike,Haigler,8038232221,,,,199 Harvest Drive,,Cameon,SC,,,,,,,,,,No,,,,,,,,,,,,,,,,,,,,,,,,,,,,,
Mike Haigler,,1041,,,8036822232,,,,175 Harvest Drive,,Cameron,SC,,,,,,,,,,No,,,,,,,,,,,,,,,,,,,,,,,,,,,,,
Mike Herron,,1131,,,8038971085,,,,24 Griffith Lane,,Elloree,SC,29047,,,,,,,,,No,,,,,,,,,,,,,,,,,,,,,,,,,,,,,
Mike Holinko,,3600,Mike,Holinko,(973) 407-0200,,,,142 Wakefield Drive,,Neeses,SC,29107,,,,,,,,,No,,,,,,,,,,,,,,,,,,,,,,,,,,,,,
Mike Kullenburg,,2462,,,8034963316,,,,2755 Vance Rd,,Holly Hill ,SC,29059,,,,,,,,,No,,,,,,,,,,,,,,,,,,,,,,,,,,,,,
Mike Macpherson,,6266,Mike,Macpherson,(843) 708-1763,,,,310 Broad River Dr,,Santee,SC,29142,,,,,,,"#fiberCustomer, #residential",,Yes,,,7767,,,,,,,,,,,,,,,,,,,,,,,,,,
Mike McNally,,5263,Mike,McNally,8432006162,,,,127 Wateree Dr,,Santee,SC,,,,,,,,"#fiberCustomer, #residential",,No,,,,,,,,,,,,,,,,,,,,,,,,,,,,,
Mike Minus,,3465,Mike,Minus,8435632864,,,,417 Harley Rd,,Reevesville,SC,29471,,,,,,,,,No,,,,,,,,,,,,,,,,,,,,,,,,,,,,,
Mike O' Connor,,1195,,,8038543765,,,,1031 Myrtle Dr.,,Santee,SC,29142,,,,,,,,,No,,,,,,,,,,,,,,,,,,,,,,,,,,,,,
Mike Patel,,3676,Mike,Patel,7045829994,,,,,,,,,,,(516) 660-4293,,,,"#fiberCustomer, #residential",,No,,,8059,,,,,,,,,,,,,,,,,,,,,,,,,,
Mike Spivey,,1715,Mike,Spivey,8033082079,,,,2549 Cleveland St,,Elloree,SC,29047,,,,,,,,,No,,,4657,,,,,,,,,,,,,,,,,,,,,,,,,,
Mike Trotti,,5898,Mike,Trotti,(803) 653-1507,,,,1034 WhisperWood Rd,,Cameron,SC,29030,,,,,,,,,Yes,,,,,,,,,,,,,,,,,,,,,,,,,,,,,
Mike's Electric,,140,,,,,,,1410 Essex Drive,,Orangeburg,SC,29115,,,,,,,,,No,,,,,,,,,,,,,,,,,,,,,,,,,,,,,
Mildred Little,,5337,Mildred,Little,8438224952,,,,125 Cooper Circle,,Santee,SC,29142,,,,,,,"#fiberCustomer, #residential",,No,,,7370,,,,,,,,,,,,,,,,,,,,,,,,,,
Mildred Simkins,,2595,,,8035347252,,,,1753 St. Matthews Rd,,Orangeburg,SC,29118,,,,,,,,,No,,,,,,,,,,,,,,,,,,,,,,,,,,,,,
Milenda Lindser,,1167,,,8035867478,,,,82 Jericho Rd,,Cameron,SC,29030,,,,,,,,,No,,,,,,,,,,,,,,,,,,,,,,,,,,,,,
Miles Tate,,3983,,,8032908205,,,,1541 Siftly Road,,Orangeburg,SC,29115,,,,,,,,,No,,,,,,,,,,,,,,,,,,,,,,,,,,,,,
Mill Creek Marina,,4648,Matt,Anderson,(803) 492-7746,,,,216 Lake Marion Lane,,Vance,SC,29163,,,,,,,,,No,,,,,,,,,,,,,,,,,,,,,,,,,,,,,
Millicent Giavelli,,8528,Millicent,Giavelli,(404) 915-0427,giavellim@gmail.com,,,900 Bream Ct,,Santee,SC,29142,,,,,,,,,Yes,,,,,,,,,,,,,,,,,,,,,,,,,,,,,
Millie Brunson,,1623,,,8035330484,,,,391 Nansbrook Dr,,Orangeburg,SC,29118,,,,,,,,,No,,,,,,,,,,,,,,,,,,,,,,,,,,,,,
Milton Dufford,,3363,,,8038232075,,,,9381 Old State Rd ,,Cameron ,SC,29038,,,,,,,,,No,,,,,,,,,,,,,,,,,,,,,,,,,,,,,
Milton Wesphal,,1997,,,8038542994,,,,521 Plantation Dr,,Santee ,SC,29142,,,,,,,,,No,,,,,,,,,,,,,,,,,,,,,,,,,,,,,
MiMi's,,995,Melinda,Merritt,8035314147,,,,1725 St Matthews Road,,Orangeburg,SC,29118,,,,,,,,,No,,,,,,,,,,,,,,,,,,,,,,,,,,,,,
Mims Co,,4102,Mims,Co,(803) 535-2205,,,,216 Prep St,,Orangeburg,SC,29118,,,,,,,,,No,,,,,,,,,,,,,,,,,,,,,,,,,,,,,
Mingqin Chen,,8054,Mingqin,Chen,(929) 386-8858,,,163,163 William Clark Blvd,,Santee,SC,29142,,,,,,,,,Yes,,,7990,,,,,,,,,,,,,,,,,,,,,,,,,,
Minnie & Eric Prescod,,1668,Minnie,& Eric Prescod,8436369389,,,,142 New Meadow Dr,,Reevesville,SC,29417,,,,,,,,,No,,,6266,,,,,,,,,,,,,,,,,,,,,,,,,,
Minnie Olin,,5276,,,4242854829,,,,590 Highland Street,,Vance,SC,29163,,,,,,,,,No,,,,,,,,,,,,,,,,,,,,,,,,,,,,,
Miosha Young,,6035,Miosha,Young,(803) 496-8376,,,,697 Fourwind Road,,Holly Hill,SC,29059,,,,,,,,,Yes,,,,,,,,,,,,,,,,,,,,,,,,,,,,,
Mira Weeks,,1786,,,8437012740,,,,6260 Badham Dr,,Reevesville,SC,,,,,,,,,,No,,,,,,,,,,,,,,,,,,,,,,,,,,,,,
Miranda Cooper,,536,Miranda,Cooper,8038600652,,,,435 Barkley St,P O Box 383,Elloree,SC,29047,,,,,,,,,No,,,,,,,,,,,,,,,,,,,,,,,,,,,,,
Miranda Wering ,,4691,,,8039718427,,,,1049 Dawson st,,Eutaville,SC,,,,,,,,,,No,,,,,,,,,,,,,,,,,,,,,,,,,,,,,
Miriam G. Abdul-Wadud             ,,468,,,8038540896,,,,901 Corona Dr  Apt 5c,(Old Address) 7364 Five Chop Rd    ,Orangeburg,SC,29142,,,,,,,,,No,,,,,,,,,,,,,,,,,,,,,,,,,,,,,
Misti Thomas,,3787,Misti,Thomas,8033003381,,,,204 Old Jack Rd,,Hilda,SC,29812,,,,,,,,,No,,,6786,,,,,,,,,,,,,,,,,,,,,,,,,,
Misty Tate ,,3512,,,8035962046,,,,1541 Siftly Road,,Orangeburg,SC,,,,,,,,,,No,,,,,,,,,,,,,,,,,,,,,,,,,,,,,
Mitch Evans,,4005,Mitch,Evans,8033476013,,,,360 Fair St,,Elloree,SC,SC,,,,,,,,,No,,,,,,,,,,,,,,,,,,,,,,,,,,,,,
Mitchel Timmons,,883,Mitchel,Timmons,(803) 596-9517,,,,6116 Charleston Hwy,,Bowman,SC,29018,,,,,,,,,No,,,,,,,,,,,,,,,,,,,,,,,,,,,,,
Mitchell Garman,,1188,,,8438149805,,,,1035 Chapel Branch Rd.,,Santee,SC,,,,,,,,,,No,,,,,,,,,,,,,,,,,,,,,,,,,,,,,
Mitchell Walker,,5738,Mitchell,Walker,(347) 601-5584,,,,315 Green Street,,Santee,SC,29142,,,,,,,"#fiberCustomer, #residential",,No,,,7531,,,,,,,,,,,,,,,,,,,,,,,,,,
Mixon Holdings,,67,Mixon,Holdings,(803) 535-9702,,,,P O Box 687,,Orangeburg,SC,29116,,,,,,,,,No,,,8305,,,,,,,,,,,,,,,,,,,,,,,,,,
Mixon Seed Service,,4875,Mixon,Seed Service,(803) 531-1777,,,,P O Box 687,,Orangeburg,SC,29115,,,,,,,,,No,,,,,,,,,,,,,,,,,,,,,,,,,,,,,
"MMC Properties, LLC",,8583,Mark & Mike ,Carson,(803) 655-7639,,,,2619 Colonel Thomson Hwy,,St Matthews,South Carolina,29135-8408,,,,,,,,,Yes,,,,,,,,,,,,,,,,,,,,,,,,,,,,,
MMOC,,803,Mike,.,8035310031,,,,931 John C. Calhoun Drive,,Orangeburg,SC,29115,,,,,,,,,No,,,,,,,,,,,,,,,,,,,,,,,,,,,,,
Mohammad Khan,,292,,,8038543378,,,,326 Bass Drive,,Santee,SC,29142,,,,,,,,,No,,,,,,,,,,,,,,,,,,,,,,,,,,,,,
Molly & Roger Shaw,,5814,,,8039286483,,,,46 Paddle Creek Rd,,Elloree,SC,,,,,,,,,,No,,,,,,,,,,,,,,,,,,,,,,,,,,,,,
Molly Casey,,8369,Molly,Casey,(843) 860-2236,caseym19@live.com,,,125 Congaree Ct,,Santee,South Carolina,29142,,,,,,,,,Yes,,,8231,,,,,,,,,,,,,,,,,,,,,,,,,,
Molly Giles,,1318,,,8142413241,,,,2125 Fort Watson Rd,,Summerton,SC,29148,,,,,,,,,No,,,,,,,,,,,,,,,,,,,,,,,,,,,,,
Molly Shaw,,1272,,,8038232983,,,,46 Paddle Creek Rd,,Elloree,SC,29047,,,,,,,,,No,,,,,,,,,,,,,,,,,,,,,,,,,,,,,
Momas Shelter,,1456,,,8032457387,,,,254 Slow Pitch Rd,,Bamberg,SC,29003,,,,,,,,,No,,,,,,,,,,,,,,,,,,,,,,,,,,,,,
Mona Lisa,,3832,,,8036643859,,,,655 Torrington Road,,Eutawville,SC,29048,,,,,,,,,No,,,,,,,,,,,,,,,,,,,,,,,,,,,,,
Mona Liza Castillio,,5662,,,8038970188,,,,113 edisto drive,,Santee,SC,29142,,,,,,,,,No,,,,,,,,,,,,,,,,,,,,,,,,,,,,,
Monate Gilliard Butler  ,,3006,,,3018857213,,,,422 Miracle Dr,,Eutawville,SC,29048,,,,,,,,,No,,,,,,,,,,,,,,,,,,,,,,,,,,,,,
Moncesia Backmon,,5053,,,8037473724,,,,280 Corn st ,,Bowman,SC,,,,,,,,,,No,,,,,,,,,,,,,,,,,,,,,,,,,,,,,
Moneka Govan,,3418,,,8037591587,,,,770 Banashee Circle,,Orangeburg ,SC,29115,,,,,,,,,No,,,,,,,,,,,,,,,,,,,,,,,,,,,,,
Monica Dailey,,8440,Monica,Dailey,(803) 387-3581,monie3360@gmail.com,,,768 Striped Bass Ct,,Santee,,,,,,,,,,,Yes,,,8280,,,,,,,,,,,,,,,,,,,,,,,,,,
Monica Elmore ,,5191,Monica,Elmore,(803) 596-7377,meelmorem@gmail.com,,,183 Ballard Lane,,Santee,SC,29142,,,,,,,,,No,,,,,,,,,,,,,,,,,,,,,,,,,,,,,
Monica Jeffries,,1601,,,8038540011,,,,159 Misty Wood Drive,,Elloree,SC,29047,,,,,,,,,No,,,,,,,,,,,,,,,,,,,,,,,,,,,,,
Monique Franklin ,,4255,,,8033471723,,,,2277 hydrick,,Orangeburg,SC,29118,,,,,,,,,No,,,,,,,,,,,,,,,,,,,,,,,,,,,,,
Monique Frazier,,5231,,,8039289023,,,,414 Quick Street,,Orangeburg,SC,29115,,,,,,,,,No,,,,,,,,,,,,,,,,,,,,,,,,,,,,,
Monique Ravenell,,5915,Monique,Ravenell,(803) 308-9339,ravenellmonique@yahoo.com,,,445 Ruby Way,,Holly Hill,SC,29059,,,,,,,,,Yes,,,,,,,,,,,,,,,,,,,,,,,,,,,,,
Monique Sumpter,,655,,,8038972120,,,,125 Live Oak Rd ,,Elloree,SC,29047,,,,,,,,,No,,,,,,,,,,,,,,,,,,,,,,,,,,,,,
Monique's Unique Botique,,4023,,,8033081057,,,,1120 Church Street,,Orangeburg,SC,29115,,,,,,,,,No,,,,,,,,,,,,,,,,,,,,,,,,,,,,,
Monisha Patel,,6120,,,(803) 974-1642,,,,1604,,Bass Drive,Santee,29142,,,,,,,,,Yes,,,,,,,,,,,,,,,,,,,,,,,,,,,,,
Moniter Software,,5208,,,,,,,,,,,,,,,,,,,,No,,,,,,,,,,,,,,,,,,,,,,,,,,,,,
Monniqe Elmore,,4841,,,8432171259,,,,7196 Dorange rd,,Reeveville,SC,,,,,,,,,,No,,,,,,,,,,,,,,,,,,,,,,,,,,,,,
Monteferro Inc.,,3222,,,8035359467,,,,258 Global dr,,,SC,,,,,,,,,,No,,,,,,,,,,,,,,,,,,,,,,,,,,,,,
Montesia Backmon,,5192,,,8033470612,,,,280 corn st,,Bowman ,SC,,,,,,,,,,No,,,,,,,,,,,,,,,,,,,,,,,,,,,,,
Montgomery and Company,,142,,,,,,,1597 Amelia St,,Orangeburg ,SC,29115,,,,,,,,,No,,,,,,,,,,,,,,,,,,,,,,,,,,,,,
Montrell Fielder,,2780,,,8033873150,,,,111 Cumberland Rd,,Orangeburg,SC,29115,,,,,,,,,No,,,,,,,,,,,,,,,,,,,,,,,,,,,,,
Monty Phillips,,3946,,,8036626355,,,,404 west side st,,Livingston,SC,29107,,,,,,,,,No,,,,,,,,,,,,,,,,,,,,,,,,,,,,,
Monty Walters,,3432,Monty,Walters,8435601155,,,,104 Felder St,,Reevesville,SC,29471,Cody,Walters,(843) 560-1156,,,,,,No,,,6643,,,,,,,,,,,,,,,,,,,,,,,,,,
Morehouse Huber Inc.,,268,,,8035348025,,,,P.O. Box 516,160 George Patton St. SW,Orangeburg,SC,29116,,,,,,,,,No,,,,,,,,,,,,,,,,,,,,,,,,,,,,,
Morgan Bonnette,,3133,Morgan,Bonnette,8038291769,,,,502 Avens Ct.,,Bowman,SC,,,,,,,,,,No,,,,,,,,,,,,,,,,,,,,,,,,,,,,,
Morgan Light,,5679,,,7175991871,,,,1911 four holes rd,,Orangeburg,SC,29115,,,,,,,,,No,,,,,,,,,,,,,,,,,,,,,,,,,,,,,
Morgan Still,,5809,,,8037090776,,,,573 Still Road,,Hilda,SC,29812,,,,,,,,,No,,,,,,,,,,,,,,,,,,,,,,,,,,,,,
Morley LaBelle,,3402,Morley,LaBelle,(803) 347-4928,,,,409 Ballard Lane,,Santee ,SC,29142,,,,,,,,,No,,,,,,,,,,,,,,,,,,,,,,,,,,,,,
Morris Dobson,,4487,,,8036714507,,,,200 Sapphire Lane,,Barnwell,SC,,,,,,,,,,No,,,,,,,,,,,,,,,,,,,,,,,,,,,,,
Morris Gavins,,645,,,8034965795,,,,738 Gabby Hall Ct,,Holly Hill,SC,29059,,,,,,,,,No,,,,,,,,,,,,,,,,,,,,,,,,,,,,,
Morris Wright,,541,,,8038540338,,,,343 Neds Cove,,Santee,SC,29142,,,,,,,,,No,,,,,,,,,,,,,,,,,,,,,,,,,,,,,
Moses Cutter,,2307,,,8038372501,,,,5815 Charleston Hwy,,Bowman,SC,,,,,,,,,,No,,,,,,,,,,,,,,,,,,,,,,,,,,,,,
Motento Ellis,,1656,,,8033475000,,,,206 Chaney Dr.,,Santee,SC,29142,,,,,,,,,No,,,,,,,,,,,,,,,,,,,,,,,,,,,,,
Mouro Cerritos,,581,,,8037599778,,,,955 Rock Hill Rd,,Holly Hill ,SC,29059,,,,,,,,,No,,,,,,,,,,,,,,,,,,,,,,,,,,,,,
Mt Calvary Baptist Church,,1739,Linton,Davis,8037072682,,,,3365 North Road,,Orangeburg,SC,29118,,,,,,,,,No,,,5484,,,,,,,,,,,,,,,,,,,,,,,,,,
Mt Pisgah Church,,5203,Mt,Pisgah Church,(803) 515-3694,,,,310 Green Street,,Orangeburg,SC,29118,,,,,,,"#fiberCustomer, #residential",,No,,,,,,,,,,,,,,,,,,,,,,,,,,,,,
Mt. Tabor Baptist Church,,2959,,,8033782914,,,,1425 Mt Tabor Rd,,Bowman ,SC,29018,,,,,,,,,No,,,,,,,,,,,,,,,,,,,,,,,,,,,,,
Mukesh Patel (Mike),,6118,Mukesh,Patel (Mike),(516) 660-4293,kvpatel.287@gmail.com,,Home,93 Saluda Drive,,Santee,SC,29142,,,,,,,"#fiberCustomer, #residential",,Yes,,,7700,,,,,,,,,,,,,,,,,,,,,,,,,,
Mullell Banks,,3925,,,8036620071,,,,1211 Honeysuckle Dr,,Orangeburg,SC,29115,,,,,,,,,No,,,,,,,,,,,,,,,,,,,,,,,,,,,,,
Murch Moorer,,3596,,,8437084888,,,,109 Reeves Street,,Reevesville,SC,29471,,,,,,,,,No,,,,,,,,,,,,,,,,,,,,,,,,,,,,,
Muriel Williams,,5930,Muriel,Williams,(803) 971-1515,murielwilliams00@gmail.com,,,158 Oriole Lane,,Holly Hill,SC,29059,,,,,,,,,Yes,,,,,,,,,,,,,,,,,,,,,,,,,,,,,
Murphy's Auto Glass,,144,Murphy's,Auto Glass,(803) 536-5500,,,,2015 St. Matthews Road,,Orangeburg,SC,29118,Earl,,(803) 536-5500,,,,,,No,,,6716,,,,,,,,,,,,,,,,,,,,,,,,,,
Murray Wolfe,,4359,,,8435603022,,,,932 Sint Mark Bowman rd,,St. George ,SC,,,,,,,,,,No,,,,,,,,,,,,,,,,,,,,,,,,,,,,,
MW Rural Health Clinic,,145,,,,,,,PO Box 528,,Bamberg,SC,29003,,,,,,,,,No,,,,,,,,,,,,,,,,,,,,,,,,,,,,,
Myeisha Hilliard,,4442,,,8039712154,,,,1552 MT.Olive rd ,,Holly Hill,,29059,,,,,,,,,No,,,,,,,,,,,,,,,,,,,,,,,,,,,,,
Mykeida Middleton,,2381,Mykeida,Middleton,(803) 971-0426,,,,990 Bonner Ave,,Santee,SC,29142,,,,,,,,,No,,,6108,,,,,,,,,,,,,,,,,,,,,,,,,,
Myra Ardis,,4526,,,8038374329,,,,467 Whistling Swan Rd,,Elloree,SC,,,,,,,,,,No,,,,,,,,,,,,,,,,,,,,,,,,,,,,,
N & H Enterprises,,146,,,8035361056,,,,P O Box 1184,,Orangeburg ,SC,29116,,,,,,,,,No,,,,,,,,,,,,,,,,,,,,,,,,,,,,,
Naga Akkineni,,3334,Naga,Akkineni,4126064918,,,,499 Santee Drive,,Santee,SC,29142,,,,,,,"#fiberCustomer, #residential",,No,,,6605,,,,,,,,,,,,,,,,,,,,,,,,,,
Nakeita Gilmore,,5794,,,8033789711,,,,7734 Old Number Six Hwy,,Santee,SC,29142,,,,,,,,,No,,,,,,,,,,,,,,,,,,,,,,,,,,,,,
Nan Kirkendahl,,353,,,8033780651,,,,105 Citation Dr.,,,SC,,,,,,,,,,No,,,,,,,,,,,,,,,,,,,,,,,,,,,,,
Nancie Ludwig,,2268,,,8034967607,,,,698 Rock Hill,,Vance,SC,29163,,,,,,,,,No,,,,,,,,,,,,,,,,,,,,,,,,,,,,,
Nancy Calabrez,,8504,Nancy,Calabrez,(516) 551-3778,nancycalabrez@yahoo.com,,,119 Ballard Ln,,Santee,South Carolina,29142-8563,,,,,,,,,Yes,,,,,,,,,,,,,,,,,,,,,,,,,,,,,
Nancy Cave,,4532,,,8034655050,,,,158 kurtfan lane,,Norway,SC,,,,,,,,,,No,,,,,,,,,,,,,,,,,,,,,,,,,,,,,
Nancy Davis,,1534,Nancy,Davis,,,,,1993 Middleton Street, NE,,SC,,,,,,,,,,No,,,,,,,,,,,,,,,,,,,,,,,,,,,,,
Nancy Debruyne,,5688,,,8034966713,,,,613 White Sand Rd,,Holly Hill,SC,29059,,,,,,,,,No,,,,,,,,,,,,,,,,,,,,,,,,,,,,,
Nancy Debruyne,,542,,,8034968143,,,,7216 Old State Rd,,Holly Hill,SC,29059,,,,,,,,,No,,,,,,,,,,,,,,,,,,,,,,,,,,,,,
Nancy Flannigan,,1339,,,8438584972,,,,46 Andre Micheux Road,,Santee,SC,29142,,,,,,,,,No,,,,,,,,,,,,,,,,,,,,,,,,,,,,,
Nancy Hines,,2484,,,,,,,179 Ballard Ln,,Santee,SC,29142,,,,,,,,,No,,,,,,,,,,,,,,,,,,,,,,,,,,,,,
Nancy Hunnewell,,3921,,,8033476978,,,,4445 Cleveland St,,Elloree,SC,29047,,,,,,,,,No,,,,,,,,,,,,,,,,,,,,,,,,,,,,,
Nancy Jeffcoat,,1032,Nancy,Jeffcoat,8038972241,,,,2538 Cleveland St ,,Elloree,SC,,,,,,,,,,No,,,,,,,,,,,,,,,,,,,,,,,,,,,,,
Nancy Kirby,,6247,Nancy,Kirby,(803) 261-6100,,,,110 Bunny Trail,203,Orangeburg,SC,29118,,,,,,,,,Yes,,,,,,,,,,,,,,,,,,,,,,,,,,,,,
Nancy Nance,,6233,Nancy,Nance,(803) 682-5606,,,,,,,,,,,,,,,,,Yes,,,,,,,,,,,,,,,,,,,,,,,,,,,,,
Nancy Patten,,2022,,,8038972583,,,,222 Tarpon Ct,,Elloree,SC,29047,,,,,,,,,No,,,,,,,,,,,,,,,,,,,,,,,,,,,,,
Nancy Rhoad,,7856,Nancy,Rhoad,(803) 793-4011,,,,5757 Hwy 70,,Hilda,SC,29817,,,,,,,,,Yes,,,,,,,,,,,,,,,,,,,,,,,,,,,,,
Nancy Robinson,,4454,,,8035391203,,,,435 langley rd,,Orangeburg,SC,29115,,,,,,,,,No,,,,,,,,,,,,,,,,,,,,,,,,,,,,,
Nancy Smith,,3217,Nancy,Smith,8036140094,,,,6515 Old Number six hwy,,Elloree,SC,,,,,,,,,,No,,,,,,,,,,,,,,,,,,,,,,,,,,,,,
Nancy Smith,,2133,,,8036555328,,,,508 Pine Hill Rd,,St Matthews,SC,29135,,,,,,,,,No,,,,,,,,,,,,,,,,,,,,,,,,,,,,,
Nancy Smith,,401,Nancy,Smith,,,,,6515 Old Number Six Highway,,Elloree,SC,29047,,,,,,,,,No,,,,,,,,,,,,,,,,,,,,,,,,,,,,,
Nancy Summers,,2502,,,8038293069,,,,342 Dibble St,,Bowman,SC,29018,,,,,,,,,No,,,,,,,,,,,,,,,,,,,,,,,,,,,,,
Nancy Tobul,,1340,,,8038544752,,,,601 Santee Drive,,Santee,SC,29142,,,,,,,"#fiberCustomer, #residential",,No,,,,,,,,,,,,,,,,,,,,,,,,,,,,,
Nancy Whetstone,,5766,,,8032409373,,,,828 Belleview Road,,St. Matthews,SC,29135,,,,,,,,,No,,,,,,,,,,,,,,,,,,,,,,,,,,,,,
Nancy Whitman,,1291,,,8038543099,,,,10025 Marion Dr,,Santee,SC,29142,,,,,,,,,No,,,,,,,,,,,,,,,,,,,,,,,,,,,,,
Naod Marakos,,5415,,,8038404646,,,,133 Airy Hall Drive,,Orangeburg,SC,29118,,,,,,,,,No,,,,,,,,,,,,,,,,,,,,,,,,,,,,,
Naome Wicks,,2449,,,,,,,1014 Harlin St,,Elloree,SC,29047,,,,,,,,,No,,,,,,,,,,,,,,,,,,,,,,,,,,,,,
Naomi Lewis,,3284,,,8033089816,,,,1500 Columbia Rd,Apt C4, ,SC,,,,,,,,,,No,,,,,,,,,,,,,,,,,,,,,,,,,,,,,
NAPA Auto Parts,,3834,,,8035345826,,,,870 Doyle St,,Orangeburg ,SC,29115,,,,,,,,,No,,,,,,,,,,,,,,,,,,,,,,,,,,,,,
Natalie Glover,,2062,,,8035361892,,,,2924 riley street,,Orangeburg,SC,,,,,,,,,,No,,,,,,,,,,,,,,,,,,,,,,,,,,,,,
Natalie Hinkle,,4885,Natalie,Hinkle,8035964888,,,,136 Walsh rd,,Nesses,SC,,,,,,,,,,No,,,7192,,,,,,,,,,,,,,,,,,,,,,,,,,
Natalie Lee,,3276,,,8033872549,,,,103 Newfields Circle,,Elloree,SC,29047,,,,,,,,,No,,,,,,,,,,,,,,,,,,,,,,,,,,,,,
Natalie Spires,,7884,Natalie,Spires,(803) 878-2958,,,,173 Chevy Ln,,Orangeburg,SC,29115,,,,,,,,,Yes,,,,,,,,,,,,,,,,,,,,,,,,,,,,,
Natasha Jefferson,,1904,,,8038571256,,,,912 Antioch Rd,,Santee,SC,,,,,,,,,,No,,,,,,,,,,,,,,,,,,,,,,,,,,,,,
Natasha Smith,,4220,,,8039286880,,,,710 Boulvard Street,,Orangeburg,SC,29115,,,,,,,,,No,,,,,,,,,,,,,,,,,,,,,,,,,,,,,
Natasha Waymer,,4002,Natasha,Waymer,8037470630,,,,112 Hawkins Street,,Santee,SC,29142,,,,,,,,,No,,,,,,,,,,,,,,,,,,,,,,,,,,,,,
Nathan Bochette,,5538,Nathan,Bochette,8036824966,,,,2434 Old State Road,,Cameron,SC,29030,,,,,,,,,No,,,,,,,,,,,,,,,,,,,,,,,,,,,,,
Nathan Calligan,,5230,,,4193440213,,,,199 Ballard Ln,,Santee,SC,,,,,,,,,,No,,,,,,,,,,,,,,,,,,,,,,,,,,,,,
Nathan Gardner,,3964,Nathan,Gardner,3364141408,,,,9 Thomas Walter Circle,,Santee,SC,29142,,,,,,,,,No,,,6857,,,,,,,,,,,,,,,,,,,,,,,,,,
Nathan Lighty,,3901,,,8034463971,,,,142 Sweet Maple Dr,,Orangeburg,SC,29118,,,,,,,,,No,,,6839,,,,,,,,,,,,,,,,,,,,,,,,,,
Nathan Naylor,,5506,Cheryl,Mason,(803) 496-8354,,,,112 Broad River Dr,,Santee,SC,29142,,,,,,,"#fiberCustomer, #residential",,No,,,,,,,,,,,,,,,,,,,,,,,,,,,,,
Nathaniel Eagle,,5823,,,8435060565,,,,1330 Marshal Street,,Orangeburg,SC,29118,,,,,,,,,No,,,,,,,,,,,,,,,,,,,,,,,,,,,,,
Nathaniel Haynes,,3593,,,8038600927,,,,779 State Court,,Orangeburg,SC,,,,,,,,,,No,,,,,,,,,,,,,,,,,,,,,,,,,,,,,
Nathaniel Haynes,,1896,,,8038972318,,,,125 Live Oak Rd,,Elloree,SC,,,,,,,,,,No,,,,,,,,,,,,,,,,,,,,,,,,,,,,,
Nathaniel Hilliard Jr,,6068,Nathaniel,Hilliard Jr,(803) 347-4651,,,,5101 Five Chop Road,,Cameron,SC,29030,,,,,,,,,Yes,,,,,,,,,,,,,,,,,,,,,,,,,,,,,
Nature Like Ceramics,,2791,,,8035364977,,,,411 Nature Lane,,Orangeburg,SC,29115,,,,,,,,,No,,,,,,,,,,,,,,,,,,,,,,,,,,,,,
Ned Berry,,8117,Ned,Berry,(843) 560-0157,,,,559 Friendship Road,,Reevesville,SC,29471,,,,,,,,,Yes,,,,,,,,,,,,,,,,,,,,,,,,,,,,,
Ned Ludwick,,1516,,,8038973013,,,,335 Lexington St,,Elloree,SC,29037,,,,,,,,,No,,,,,,,,,,,,,,,,,,,,,,,,,,,,,
Ned Plunkett,,5512,Ned,Plunkett,(803) 609-4142,,,,136 Shuler St,,Santee,SC,29142,,,,,,,"#fiberCustomer, #residential",,No,,,7467,,,,,,,,,,,,,,,,,,,,,,,,,,
Nedra Carter,,1053,,,8036646869,,,,269 Treadwell St.,,Orangeburg,SC,29118,,,,,,,,,No,,,,,,,,,,,,,,,,,,,,,,,,,,,,,
Needham Mcneal,,3598,,,8038542375,,,,809 Antioch Road,,Santee,SC,29142,,,,,,,,,No,,,,,,,,,,,,,,,,,,,,,,,,,,,,,
Neil Cunningham,,412,,,8038974730,,,,727 Tee Vee Rd,,Elloree,SC,29047,,,,,,,,,No,,,,,,,,,,,,,,,,,,,,,,,,,,,,,
Neil Cunningham,,2567,,,,,,,727 Tee Vee Rd ,,Elloree,SC,29047,,,,,,,,,No,,,,,,,,,,,,,,,,,,,,,,,,,,,,,
Nekeita Gilmore,,6277,Nekeita,Gilmore,(803) 378-5631,keitagil@gmail.com,,,180 Business Park Dr,,Santee,SC,29142,,,,,,,,,Yes,,,,,,,,,,,,,,,,,,,,,,,,,,,,,
Netsapiens,,2695,,,,,,,,,,,,,,,,,,,,No,,,,,,,,,,,,,,,,,,,,,,,,,,,,,
Netwolves - Suburban Propane,,1509,Blake,.,8132868644,,,,2556 Russell St,,Orangeburg,SC,29118,,,,,,,,,No,,,,,,,,,,,,,,,,,,,,,,,,,,,,,
New Bethany Baptist Church,,2504,George,Poindexter,8037075713,,,,715 Bethany Rd,,Fort Motte,SC,29135,,,,,,,,,No,,,,,,,,,,,,,,,,,,,,,,,,,,,,,
New Direction Community Church,,5488,New,Direction Community Church,8438736300,,,,9277 Old number 6 hwy,,Santee,SC,,,,,,,,,,No,,,,,,,,,,,,,,,,,,,,,,,,,,,,,
New Faith Community Church,,8204,Clarence,Bailey,(803) 860-1553,bclarence53@aol.com,,Church,2224 State Park Road,,Santee,SC,29142,,,,,,,,,Yes,,,,,,,,,,,,,,,,,,,,,,,,,,,,,
New Hope Baptist Church,,3057,New,Hope Baptist Church,(803) 534-8700,,,,4000 Riverbank Dr,,Orangeburg,SC,,Susan,Ulmer,(803) 378-0969,,,,,,No,,,,,,,,,,,,,,,,,,,,,,,,,,,,,
New Image Landscape Supply,,7946,Kera,Duncan,(803) 239-8596,,,,1723 Joe S Jeffords Highway,,Orangeburg,SC,29115,,,,,,,,,Yes,,,,,,,,,,,,,,,,,,,,,,,,,,,,,
New Interactive Solutions,,2969,Teresa,Rose,,preston@newias.com,,,1 Driftwood Blvd,,Kenner,LA,70065,,,,,,,,,No,,,,,,,,,,,,,,,,,,,,,,,,,,,,,
New Jerusluem Baptst Church,,4668,,,8038601260,,,,684 Sugar hill road,,Holly Hill,SC,,,,,,,,,,No,,,,,,,,,,,,,,,,,,,,,,,,,,,,,
New Light UMC,,2857,,,8035310140,,,,3100 Neeses Hwy,,Orangeburg,SC,29115,,,,,,,,,No,,,,,,,,,,,,,,,,,,,,,,,,,,,,,
New Light United Methodist,,4690,,,8039286155,,,,3100 Neeses Hwy,,Orangeburg,SC,29115,,,,,,,,,No,,,,,,,,,,,,,,,,,,,,,,,,,,,,,
New Light United Methodist Church,,3929,,,,,,,3100 Neeses Hwy,,Orangeburg,SC,29115,,,,,,,,,No,,,,,,,,,,,,,,,,,,,,,,,,,,,,,
New Mount Zion Missionary Baptist Church,,5480,New,Mount Zion Missionary Baptist Church,(803) 857-1129,,,,150 Park Street,,Bowman,SC,,,,,,,,,,No,,,,,,,,,,,,,,,,,,,,,,,,,,,,,
New Providence Missionary Baptist Church,,5365,New,Providence Missionary Baptist Church,8033785137,,,,2025 Bass Dr,,Santee,SC,,,,,,,,,,No,,,7349,,,,,,,,,,,,,,,,,,,,,,,,,,
Newman Clemons,,1023,,,8039710364,,,,438 Walker Drive,,Eutawville,SC,29048,,,,,,,,,No,,,,,,,,,,,,,,,,,,,,,,,,,,,,,
NewPoint Manufaturing,,1925,,,8035346120,,,,1525 Charleston Hwy,,Orangeburg,SC,29115,,,,,,,,,No,,,,,,,,,,,,,,,,,,,,,,,,,,,,,
NextConnect Technologies,,8697,Kane,Brushwood,(913) 832-0222,,,,,,,,,,,,,,,,,Yes,,,,,,,,,,,,,,,,,,,,,,,,,,,,,
Nichelle Cole,,6042,Nichelle,Cole,(803) 378-5074,,,,4629 Cleveland Street,,Elloree,SC,29047,,,,,,,,,Yes,,,,,,,,,,,,,,,,,,,,,,,,,,,,,
Nichelle Jamison ,,4524,,,8032634164,,,,1278 Willow Swamp rd ,,Norway,SC,,,,,,,,,,No,,,,,,,,,,,,,,,,,,,,,,,,,,,,,
Nicholas Green,,1213,,,8038292375,,,,118 Tropicana Rd,,Bowman,SC,29018,,,,,,,,,No,,,,,,,,,,,,,,,,,,,,,,,,,,,,,
Nicholas Smith,,8114,Nicholas,Smith,(803) 671-2686,Nicholassmith453@yahoo.com,,,535 Collins Avenue,,Barnwell,SC,29812,,,,,,,,,Yes,,,8028,,,,,,,,,,,,,,,,,,,,,,,,,,
Nick LaTerra,,3714,,,,,,,4081 SlabLanding Road,,Cope,SC,29038,,,,,,,,,No,,,,,,,,,,,,,,,,,,,,,,,,,,,,,
Nicol Fmeming,,4863,,,8038371550,,,,1320 Springdale dr,,Orangeburg ,SC,,,,,,,,,,No,,,,,,,,,,,,,,,,,,,,,,,,,,,,,
Nicole Boyd,,5947,Nicole,Boid,(803) 971-9725,,,,105 2nd Street,,Santee,SC,29142,,,,,,,"#fiberCustomer, #residential",,Yes,,,,,,,,,,,,,,,,,,,,,,,,,,,,,
Nicole Chatsfield,,5788,Nicole,Chatsfield,(803) 347-4996,nicolechatsfield28@gmail.com,,,50 Hunters Path rd,,Santee,SC,29142,,,,,,,"#fiberCustomer, #residential",,No,,,7553,,,,,,,,,,,,,,,,,,,,,,,,,,
Nicole England,,3872,Nicole,England,(803) 857-1755,,,,229 Barcelona Drive,,Santee,SC,29142,,,,,,,,,No,,,,,,,,,,,,,,,,,,,,,,,,,,,,,
Nicole Utsey,,3209,,,8033088298,,,,114 Lone Goose Ln,,Orangeburg,SC,29115,,,,,,,,,No,,,,,,,,,,,,,,,,,,,,,,,,,,,,,
Niesha Bookhart,,5914,Niesha,Bookhart,(803) 662-4467,nieshabookhart05@icloud.com,,,870 Rail Street,,Bowman,SC,29018,,,,,,,,,Yes,,,,,,,,,,,,,,,,,,,,,,,,,,,,,
Nih Ngo,,8019,Nih,Ngo,(803) 747-9028,,,,,,,,,,,,,,,,,Yes,,,,,,,,,,,,,,,,,,,,,,,,,,,,,
Nikicia Smalls,,2925,,,8032905626,,,,333 jameson ave,,Orangeburg,SC,29118,,,,,,,,,No,,,,,,,,,,,,,,,,,,,,,,,,,,,,,
Nina Boutique,,3691,,,8038604346,,,,1943 St. Matthews Road,,Orangeburg,SC,29118,,,,,,,,,No,,,,,,,,,,,,,,,,,,,,,,,,,,,,,
Nina Washington,,1363,,,8038544077,,,,250 Boo Circle,,Santee,SC,29142,,,,,,,,,No,,,,,,,,,,,,,,,,,,,,,,,,,,,,,
Nishank Prajapati,,8488,Nishank,Prajapati,(484) 486-4990,aryan2778prajapati@gmail.com,,,221 Lakeland Cir,A3,Santee,South Carolina,29142-9632,,,,,,,,,Yes,,,8321,,,,,,,,,,,,,,,,,,,,,,,,,,
Nishickia Dickson,,4282,,,8436407167,,,,390 Jack Branch Road,,Santee,SC,29142,,,,,,,,,No,,,,,,,,,,,,,,,,,,,,,,,,,,,,,
Nissan of Orangeburg,,4394,Robert,Hiller,(803) 813-1000,,,,2827 St Matthews Rd,,Orangeburg,SC,29118,,,,,,,,,No,,,,,,,,,,,,,,,,,,,,,,,,,,,,,
Nita Haynes,,148,,,,,,,267 Culler St  NW,,Orangeburg,SC,29115,,,,,,,,,No,,,,,,,,,,,,,,,,,,,,,,,,,,,,,
Niya Gilmore / Kevin Duncan,,3529,Niya,Gilmore,8036649030,,,,112 Splitrail Ave,,Santee,SC,29142,,,,,,,,,No,,,,,,,,,,,,,,,,,,,,,,,,,,,,,
Nobena Goodwin ,,4224,,,8033081850,,,,161 Park st,,Bowman,SC,29118,,,,,,,,,No,,,,,,,,,,,,,,,,,,,,,,,,,,,,,
Noelle Berry,,6337,Noelle ,Berry,(843) 908-4315,,,,605 Ballard Lane,,Santee,SC,29142,,,,,,,,,Yes,,,7801,,,,,,,,,,,,,,,,,,,,,,,,,,
Nongluk Chareunsouk,,8070,Nongluk,Chareunsouk,(803) 496-4161,,,,7 John Fothergill Circle,,Santee,SC,29142,,,,,,,,,Yes,,,8000,,,,,,,,,,,,,,,,,,,,,,,,,,
Norah Scott,,6208,Norah ,Scott,(603) 858-1827,,,,146 Wateree Drive,,Santee,SC,29142,,,,,,,"#fiberCustomer, #residential",,Yes,,,7735,,,,,,,,,,,,,,,,,,,,,,,,,,
Norman Hubbard,,1922,,,8037590802,,,,340 Verner St,,Elloree,SC,29047,,,,,,,,,No,,,,,,,,,,,,,,,,,,,,,,,,,,,,,
Norman McLean,,2043,,,8035364584,,,,3578 St Matthews Rd,,Orangeburg,SC,29118,,,,,,,,,No,,,,,,,,,,,,,,,,,,,,,,,,,,,,,
Norman Timmons,,2105,Norman,Timmons,8038293090,,,,6110 Charleston Hwy,,Bowman,SC,29018,,,,,,,,,No,,,,,,,,,,,,,,,,,,,,,,,,,,,,,
North American Container,,149,North,American Container,8035311712,,,,950 Garland Road,,Rowesville,SC,29133,,,,,,,,,No,,,,,,,,,,,,,,,,,,,,,,,,,,,,,
North American Filtration,,4544,,,8037934263,,,,11746 Charleston Augusta Rd,PO Box 306,Denmark,SC,29042,,,,,,,,,No,,,,,,,,,,,,,,,,,,,,,,,,,,,,,
North American Petroleum Stores,,7848,Diane,Inabinet,(803) 655-7104,,,,388 Caw Caw Highway,,,SC,29135,,,,,,,,,Yes,,,,,,,,,,,,,,,,,,,,,,,,,,,,,
North Family Community School,,4930,,,8032473433,,,,4583 Savannah Highway,,North,SC,29112,,,,,,,,,No,,,,,,,,,,,,,,,,,,,,,,,,,,,,,
North Furniture Co,,150,Bryan,.,8032472681,,,,1013 Stafford Ave,PO box 580,North,SC,29112,,,,,,,,,No,,,,,,,,,,,,,,,,,,,,,,,,,,,,,
North Shore at Lake Marion,,2424,Laura-Ann,.,8432903510,,,,1226 Bridgeview Lane,,Summerton,SC,29148,,,,,,,,,No,,,,,,,,,,,,,,,,,,,,,,,,,,,,,
North United Methodist,,4425,,,8038370806,,,,P.O. 306,,North,SC,29112,,,,,,,,,No,,,,,,,,,,,,,,,,,,,,,,,,,,,,,
Northeast Psychiatric Assoc.,,151,,,8035314756,,,,644 Redbank Rd.,,Orangeburg,SC,29118,,,,,,,,,No,,,,,,,,,,,,,,,,,,,,,,,,,,,,,
Northside Baptist Church,,152,,,8035341199,,,,1250 Columbia Rd,,Orangeburg,SC,29115,,,,,,,,,No,,,,,,,,,,,,,,,,,,,,,,,,,,,,,
Norway Insurance Agency,,2420,,,8036825362,,,,5202 Norway Rd,,Norway,SC,29113,,,,,,,,,No,,,,,,,,,,,,,,,,,,,,,,,,,,,,,
ntinet,,6345,ntinet,,,,,,2033 Saint Matthews Rd,,Orangeburg,South Carolina,29118-2036,Michael,Singletary,(803) 837-9594,msingletary@ntinet.com,,,,,Yes,,,,,,,,,,,,,,,,,,,,,,,,,,,,,
NTInet Inc.,,8348,DNS,Admin,(803) 533-1660,csr@ntinet.com,,,2033 Saint Matthews Road,,Orangeburg,SC,29118,,,,,,,,,Yes,,,1884,,,,,,,,,,,,,,,,,,,,,,,,,,
NTInet Inc.,,289,DNS,Admin,(803) 533-1660,csr@ntinet.com,,,2033 Saint Matthews Road,,Orangeburg,SC,29118,,,,,,,,,No,,,,,,,,,,,,,,,,,,,,,,,,,,,,,
Nyika Bouldrick,,897,,,8033475401,,,,2125 Felderville Rd,,Santee,SC,29142,,,,,,,,,No,,,,,,,,,,,,,,,,,,,,,,,,,,,,,
Nykeria Smithzer,,8448,Nykeria,Smithzer,(803) 662-4108,,,,321 Apple St,,Bowman,South Carolina,29018-9511,,,,,,,,,Yes,,,,,,,,,,,,,,,,,,,,,,,,,,,,,
Nytosha Wright,,8586,Nytosha,Wright,(904) 465-1004,aviyah_1@yahoo.com,,,148 William Clark Blvd,,Santee,South Carolina,29142-9507,,,,,,,,,Yes,,,,,,,,,,,,,,,,,,,,,,,,,,,,,
O'Bryant Washington,,1707,,,8033785799,,,,138 Slim Jim Rd,,Santee,SC,29047,,,,,,,,,No,,,,,,,,,,,,,,,,,,,,,,,,,,,,,
O'kereta Grate,,3413,O'kereta,Grate,8033473197,,,,2689 Magnolia Street,,Orangeburg,SC,,,,,,,,,,No,,,,,,,,,,,,,,,,,,,,,,,,,,,,,
Oakwood Homes,,8329,Jess,Sanford,(803) 468-6029,,,,1992 Old Edisto Dr,,Orangeburg,South Carolina,29115-6505,,,,,,,,,Yes,,,,,,,,,,,,,,,,,,,,,,,,,,,,,
OAM Inc,,154,,,,,,,PO Box 2888,,Orangeburg,SC,29116,,,,,,,,,No,,,,,,,,,,,,,,,,,,,,,,,,,,,,,
Oanh Dang,,7937,Oanh,Dang,(502) 644-8249,,,,113 Cooper Drive,,Santee,SC,29142,,,,,,,"#fiberCustomer, #residential",,Yes,,,,,,,,,,,,,,,,,,,,,,,,,,,,,
Oasis bar ,,4127,,,,,,,8101 old number six hwy,,Santee,SC,29142,,,,,,,,,No,,,,,,,,,,,,,,,,,,,,,,,,,,,,,
OCAB Community Action Agency - Holly Hill,,4754,,,8035361027,,,,1250 Unity St,,Holly Hill,SC,29059,,,,,,,,,No,,,,,,,,,,,,,,,,,,,,,,,,,,,,,
OCAB Community Action agency Inc,,4250,,,8035361027,,,,131 Poplar St. ,room 115,Bowman ,SC,29018,,,,,,,,,No,,,,,,,,,,,,,,,,,,,,,,,,,,,,,
Ocain Construction,,153,Mike,Ocain,(803) 536-2764,lei@ocainconstruction.com,,,275 Cutoff Rd,,Orangeburg,SC,29115,,,,,,,,,No,,,,,,,,,,,,,,,,,,,,,,,,,,,,,
Octavia Kelly,,6149,Octavia,Kelly,(321) 529-4059,,,,180 Cantey Drive,240,Santee,SC,29142,,,,,,,,,Yes,,,,,,,,,,,,,,,,,,,,,,,,,,,,,
Octavia Thomas,,8379,Octavia,Thomas,(803) 855-2038,,,,412 Project Rd,,Bowman,South Carolina,29018-9648,,,,,,,,,Yes,,,,,,,,,,,,,,,,,,,,,,,,,,,,,
Odessa Davis,,4955,,,8033474881,,,,573 Resort st ,,Santee ,SC,29142,,,,,,,,,No,,,,,,,,,,,,,,,,,,,,,,,,,,,,,
OEMPCWORLD.COM,,728,,,,,,,,,,,,,,,,,,,,No,,,,,,,,,,,,,,,,,,,,,,,,,,,,,
Okonite Company,,155,,,,,,,P O Box 340,,Ramsey,NJ,7446,,,,,,,,,No,,,,,,,,,,,,,,,,,,,,,,,,,,,,,
Ola Rivers,,1099,Ola,Rivers,8034967225,,,,756 Mt Olive Rd,,Santee,SC,29142,,,,,,,,,No,,,,,,,,,,,,,,,,,,,,,,,,,,,,,
Old State Mech,,8116,Alan,Cantey,(843) 830-1325,OldStateMerch@gmail.com,,,409 Porcher Avenue,,Eutawville,SC,29048,,,,,,,,,Yes,,,,,,,,,,,,,,,,,,,,,,,,,,,,,
Olde Depot Auction Company,,3242,,,8435999799,,,,10815 Hunters Chapel Rd,,Branchville,SC,29432,,,,,,,,,No,,,,,,,,,,,,,,,,,,,,,,,,,,,,,
Olivia Carson,,3411,Olivia,Carson,8039749395,,,,700 Planters Trace Rd,,Santee,SC,29142,,,,,,,,,No,,,,,,,,,,,,,,,,,,,,,,,,,,,,,
Olivia Carson,,5289,Olivia,Carson,8036647403,,,,7 peter collison rd,,Santee,SC,,,,,,,,,,No,,,,,,,,,,,,,,,,,,,,,,,,,,,,,
Olivia Robinson,,5523,,,8036640816,,,,195 Lorenzo Lane,,Neeses,SC,29107,,,,,,,,,No,,,,,,,,,,,,,,,,,,,,,,,,,,,,,
Olivia Wimberly,,788,,,8435632058,,,,114 Railroad Ave,,Reevesville,SC,29471,,,,,,,,,No,,,,,,,,,,,,,,,,,,,,,,,,,,,,,
Ollie Boyd,,2722,,,8035314056,,,,187 boyd rd,,Rowesville ,SC,,,,,,,,,,No,,,,,,,,,,,,,,,,,,,,,,,,,,,,,
Olympia Johnson,,3448,,,8036643058,,,,190 2nd St,,Bowman,SC,29018,,,,,,,"#fiberCustomer, #residential",,No,,,,,,,,,,,,,,,,,,,,,,,,,,,,,
On Time Transport,,4914,,,8036555555,,,,2851 Palham ct,,Orangeburg ,SC,29115,,,,,,,,,No,,,,,,,,,,,,,,,,,,,,,,,,,,,,,
Oneal Davis,,3350,,,8035343818,,,,3992 Neeses Hwy,,Orangeburg,SC,,,,,,,,,,No,,,,,,,,,,,,,,,,,,,,,,,,,,,,,
Oneal Lambright,,1137,,,8034967375,,,,257 Manatee Road  ,,Holly Hill,SC,29059,,,,,,,,,No,,,,,,,,,,,,,,,,,,,,,,,,,,,,,
Ontaria Shaw,,1410,Ontaria,Shaw,8038544345,,,,411 Barcelona Dr,,Santee,SC,29142,,,,,,,,,No,,,,,,,,,,,,,,,,,,,,,,,,,,,,,
Ontarius Pelzer,,6115,Ontarius,Pelzer,(803) 496-8396,,,,390 Jack Branch Road,,Santee,SC,29142,,,,,,,,,Yes,,,,,,,,,,,,,,,,,,,,,,,,,,,,,
Onva Clotfelter,,3866,,,6183091343,,,,473 Santee Dr,,Santee,SC,29142,,,,,,,"#fiberCustomer, #residential",,No,,,,,,,,,,,,,,,,,,,,,,,,,,,,,
Opti Shop Orangeburg LLC,,156,,,,,,,3102 Millwood Ave,,Columbia,SC,29205,,,,,,,,,No,,,,,,,,,,,,,,,,,,,,,,,,,,,,,
Orange Cut Rate Drug,,3048,,,,,,,,,,,,,,,,,,,,No,,,,,,,,,,,,,,,,,,,,,,,,,,,,,
Orangeburg Area B&G Club Bowman,,3093,,,8038293800,,,,131 Poplar St,,Bowman,SC,29018,,,,,,,,,No,,,,,,,,,,,,,,,,,,,,,,,,,,,,,
Orangeburg Athletic Club,,4822,,,8037073721,,,,1336 Corporate dr,,Orangeburg,SC,,,,,,,,,,No,,,,,,,,,,,,,,,,,,,,,,,,,,,,,
Orangeburg Auto Paint,,5710,,,8035312000,,,,323 John C. Calhoun Drive,,Orangeburg,SC,29115,,,,,,,,,No,,,,,,,,,,,,,,,,,,,,,,,,,,,,,
Orangeburg Automotive,,2455,Dottie,.,8035345251,,,,P.O. Box 1056,2801 St. Matthews Rd,Orangeburg,SC,29116,,,,,,,,,No,,,,,,,,,,,,,,,,,,,,,,,,,,,,,
Orangeburg Calhoun Free Medical Clinic,,2239,,,8034633010,,,,860 Holly St,,Orangeburg,SC,29115,,,,,,,,,No,,,,,,,,,,,,,,,,,,,,,,,,,,,,,
Orangeburg Cash & Carry,,5247,,,8035314194,,,,1421 Five Chop Rd,,Orangeburg ,SC,29115,,,,,,,,,No,,,,,,,,,,,,,,,,,,,,,,,,,,,,,
Orangeburg Christian Academy,,3102,,,8035360121,,,,1842 Joe S Jeffords Hwy,,Orangeburg,SC,29115,,,,,,,,,No,,,,,,,,,,,,,,,,,,,,,,,,,,,,,
Orangeburg Coke,,158,Orangeburg,Coke,(803) 534-5492,,,,PO Box 404,,Orangeburg,SC,29116,,,,,,,,,No,,,,,,,,,,,,,,,,,,,,,,,,,,,,,
Orangeburg County Chamber of Commerce,,159,Melinda,.,(803) 534-6821,,,,155 Riverside Drive,,Orangeburg,SC,29116-0328,,,,,,,,,No,,,,,,,,,,,,,,,,,,,,,,,,,,,,,
Orangeburg County COA,,1464,Lynn,Huffstetler,8035314663,,,,P.O. Box 1301,2570 St. Matthews Rd,Orangeburg,SC,29118,,,,,,,,,No,,,,,,,,,,,,,,,,,,,,,,,,,,,,,
Orangeburg County Community of Character,,50,,,,,,,PO Box 328,,Orangeburg,SC,29116,,,,,,,,,No,,,,,,,,,,,,,,,,,,,,,,,,,,,,,
Orangeburg County Community of Character,,3583,,,,,,,155 Riverside Dr.,,Orangeburg,SC,29115,,,,,,,,,No,,,,,,,,,,,,,,,,,,,,,,,,,,,,,
Orangeburg County Council of Aging,,5751,Orangeburg,County Council of Aging,8033877680,,,,2570 St.Matthews Road,,Orangeburg,SC,29118,,,,,,,,,No,,,,,,,,,,,,,,,,,,,,,,,,,,,,,
Orangeburg County Developement Commissiom,,160,,,,,,,P O Box 1303,,Orangeburg,SC,29115,,,,,,,,,No,,,,,,,,,,,,,,,,,,,,,,,,,,,,,
Orangeburg County DSN Board,,161,,,,,,,PO Box 1812,758 Bass Dr,Santee,SC,29142,,,,,,,,,No,,,,,,,,,,,,,,,,,,,,,,,,,,,,,
Orangeburg County Emergency Management Division,,6054,Chris ,Murdaugh,(803) 347-1135,,,,,,,,,,,,,,,,,Yes,,,,,,,,,,,,,,,,,,,,,,,,,,,,,
Orangeburg County Emergency Services,,1833,Billy,Staley,,,,,1558 Ellis Ave,,Orangeburg,SC,29118,,,,,,,,,No,,,,,,,,,,,,,,,,,,,,,,,,,,,,,
Orangeburg County Fine Arts Building,,2956,Heather,,(803) 536-4074,,,,645 Riverside Drive Southwest,,Orangeburg,SC,29115,,,,,,,,,No,,,,,,,,,,,,,,,,,,,,,,,,,,,,,
Orangeburg County First Steps,,8661,Kathy,Jenkins,(803) 987-4163,krjenkins@orangeburgfirststeps.org,Executive Director,,610 Laurel St,,Orangeburg,South Carolina,29115-4835,,,,,,,,,Yes,,,,,,,,,,,,,,,,,,,,,,,,,,,,,
Orangeburg Distributors,,2211,,,8035348435,,,,685 Sprinkle Ave,,Orangeburg,SC,29115,,,,,,,,,No,,,,,,,,,,,,,,,,,,,,,,,,,,,,,
Orangeburg Eye Center,,163,,,,,,,1190 Summers Ave NE,PO Box 1226,Orangeburg,SC,29116-1226,,,,,,,,,No,,,,,,,,,,,,,,,,,,,,,,,,,,,,,
Orangeburg Ford,,165,,,,,,,1175 Five Chop Rd,,Orangeburg ,SC,29115,,,,,,,,,No,,,,,,,,,,,,,,,,,,,,,,,,,,,,,
Orangeburg Furniture Exchange,,6167,Sandy,Bryant,(803) 534-2570,,,,946 Middleton St,,Orangeburg,SC,29115,,,,,,,,,Yes,,,,,,,,,,,,,,,,,,,,,,,,,,,,,
Orangeburg Heat & Cooling,,3075,Julia,.,8035344620,,,,1037 Bull St,,Orangeburg,SC,,,,,,,,,,No,,,,,,,,,,,,,,,,,,,,,,,,,,,,,
Orangeburg Hospitality Inn,,8147,Orangeburg,Hospitality Inn,,,,,1415 John C Calhoun Dr,,Orangeburg,SC,29115,,,,,,,,,Yes,,,,,,,,,,,,,,,,,,,,,,,,,,,,,
Orangeburg Inn,,,,,8035314600,,,,1415 John C. Calhoun Dr,,Orangeburg,SC,29115,,,,,,,#Hospitality,,No,,,,,,,,,,,,,,,,,,,,,,,,,,,,,
Orangeburg Lutheran Church,,166,Orangeburg,Lutheran Church,(803) 534-1192,,,,610 Ellis Ave.,,Orangeburg,SC,29115,,,,,,,,,No,,,,,,,,,,,,,,,,,,,,,,,,,,,,,
Orangeburg Mall Properties,,167,,,8036140360,,,,1214 St. Matthews Rd,,Orangeburg,SC,29115,,,,,,,,,No,,,,,,,,,,,,,,,,,,,,,,,,,,,,,
Orangeburg Milling Company ,,1183,,,8035343095,,,,559 Whaley St,,Orangeburg,,29115,,,,,,,,,No,,,,,,,,,,,,,,,,,,,,,,,,,,,,,
Orangeburg Nursing Home,,168,,,8035347036,,,,755 Whitman St,,Orangeburg ,SC,29115,,,,,,,,,No,,,,,,,,,,,,,,,,,,,,,,,,,,,,,
Orangeburg Part Time Players,,169,,,,,,,P O Box 1291,,Orangeburg,SC,29116-1291,,,,,,,,,No,,,,,,,,,,,,,,,,,,,,,,,,,,,,,
Orangeburg Pecan Company,,8049,Freddie,Felder,(803) 534-4277,,,Office,761 Russell Street,,Orangeburg,SC,29115,,,,,,,,,Yes,,,,,,,,,,,,,,,,,,,,,,,,,,,,,
Orangeburg Pharmacy,,170,Becky,.,8035345727,,,,1425 Russell Street,,Orangeburg,SC,29115,,,,,,,,,No,,,,,,,,,,,,,,,,,,,,,,,,,,,,,
Orangeburg preparatory school,,6137,Scott,Chandler,(803) 539-1768,,,,168 Prep Street,,Orangeburg,SC,29118,,,,,,,,,Yes,,,,,,,,,,,,,,,,,,,,,,,,,,,,,
Orangeburg Prepratory Schools,,5064,Sandy,Reed,(803) 534-7970,,,,2651 North Road,168 Prep St. NW,Orangeburg,SC,29118,,,,,,,,,No,,,,,,,,,,,,,,,,,,,,,,,,,,,,,
Orangeburg Reels,,3327,SC,Reels,,,,,PO Box 347,679 Cannon Bridge Rd,Orangeburg,SC,,,,,,,,,,No,,,,,,,,,,,,,,,,,,,,,,,,,,,,,
Orangeburg School District 4,,3168,,,8035348081,,,,P.O. Box 68,,Cope,SC,29038,,,,,,,,,No,,,,,,,,,,,,,,,,,,,,,,,,,,,,,
Orangeburg Security Systems,,800,,,8035310080,,,,762 Broughton St,,Orangeburg,SC,29115,,,,,,,,,No,,,,,,,,,,,,,,,,,,,,,,,,,,,,,
Orangeburg Solicitor,,577,Judy,.,(803) 533-6252,,,Service Address,151 Docket Street,,Orangeburg,SC,29115,,,,,,,,,No,,,,,,,,,,,,,,,,,,,,,,,,,,,,,
Orangeburg SPCA,,4646,Orangeburg,SPCA,(803) 536-3918,,,,225 Ruf Rd,,Orangeburg,SC,29115,,,,,,,,,No,,,,,,,,,,,,,,,,,,,,,,,,,,,,,
Orangeburg United Methodist District Office,,2251,Orangeburg,United Methodist District Office,8035347564,,,,950 Holly St,,Orangeburg,SC,29118,,,,,,,,,No,,,,,,,,,,,,,,,,,,,,,,,,,,,,,
Orangeburg Veterinary Associates,,171,Elaina,,(803) 534-2488,,,,254 Meeting Street,,Orangeburg,SC,29115,,,,,,,,,No,,,,,,,,,,,,,,,,,,,,,,,,,,,,,
Orbis Health Solutions,,5022,Orbis,Health Solutions,8037073998,,,,2737 Cleveland St,Suite 101,Elloree,SC,29047,,,,,,,,,No,,,,,,,,,,,,,,,,,,,,,,,,,,,,,
Orchard Medical Billing,,172,,,,,,,P.O. Box 51377,,Indian Orchard,MA,1151,,,,,,,,,No,,,,,,,,,,,,,,,,,,,,,,,,,,,,,
Oriental Spa,,1576,,,8038291177,,,,2298 Homestead Rd,,Bowman,SC,29018,,,,,,,,,No,,,,,,,,,,,,,,,,,,,,,,,,,,,,,
Orkin Pest Contol,,1371,,,8035345710,,,,PO Box 448,536 Broughton St,Orangeburg,SC,29116,,,,,,,,,No,,,,,,,,,,,,,,,,,,,,,,,,,,,,,
Osborne Inabinet,,4581,,,8036823185,,,,626 Ott Sisters rd ,,St Mathews ,SC,29135,,,,,,,,,No,,,,,,,,,,,,,,,,,,,,,,,,,,,,,
Oscar Level Jr,,8246,Oscar,Level,(803) 730-3967,Oscarleveljr@gmail.com,,,190 Plaza Circle,Suite A,Santee,SC,29164,,,,,,,,,Yes,,,,,,,,,,,,,,,,,,,,,,,,,,,,,
Oscar Williams,,8396,Oscar,Williams,(786) 728-0177,owilliams1967@hotmail.com,,,3397 Tee Vee Rd,,Santee,South Carolina,29142-9368,,,,,,,,,Yes,,,,,,,,,,,,,,,,,,,,,,,,,,,,,
Otarius Pelzer,,5014,,,8033473239,,,,390 Jack Branch rd,,Santee,SC,,,,,,,,,,No,,,,,,,,,,,,,,,,,,,,,,,,,,,,,
Otis Bazzle,,7967,Otis,Bazzle,(803) 608-5721,,,,11330 Old Number Six Highway,,Eutawville,SC,29048,,,,,,,,,Yes,,,,,,,,,,,,,,,,,,,,,,,,,,,,,
Otis Kelly,,4203,,,8035933666,,,,1890 Ellis Ave,,Orangeburg,SC,,,,,,,,,,No,,,,,,,,,,,,,,,,,,,,,,,,,,,,,
Otis Pelzer,,4700,,,8034964113,,,,396 jack branch rd,,Santee,SC,,,,,,,,,,No,,,,,,,,,,,,,,,,,,,,,,,,,,,,,
Ott Farms,,3243,,,8037070708,,,,4521 Cleveland St      ,,Elloree,SC,,,,,,,,,,No,,,,,,,,,,,,,,,,,,,,,,,,,,,,,
Outlaw Insulation,,4926,Brandi,Outlaw,8038741240,,,,17 Clay Bottom Ln,,St Matthews ,SC,29135,,,,,,,,,No,,,,,,,,,,,,,,,,,,,,,,,,,,,,,
Ozzie Fogle,,3557,,,8035359027,,,,1073 Zion Chruch Rd,,,SC,,,,,,,,,,No,,,,,,,,,,,,,,,,,,,,,,,,,,,,,
P.B. Hair Trucking,,173,,,8038743722,,,,828 Riley Rd,,St. Matthews,SC,29135,,,,,,,,,No,,,,,,,,,,,,,,,,,,,,,,,,,,,,,
Page Oliver,,284,,,8039280198,,,,1315 Felderville Road,,Elloree,SC,29047,,,,,,,,,No,,,,,,,,,,,,,,,,,,,,,,,,,,,,,
Page Oliver,,5048,,,8035962953,,,,180 Sunset dr ,,Elloree,SC,,,,,,,,,,No,,,,,,,,,,,,,,,,,,,,,,,,,,,,,
Paige Smith,,6353,Paige,Smith,(919) 606-9442,smallislandliving@gmail.com,,,,,,,,,,,,,,,,Yes,,,,,,,,,,,,,,,,,,,,,,,,,,,,,
Paint Alchemy LLC,,8000,Karen,Smith,(803) 915-1831,paintalchemy793@gmail.com,Owner,Paint Alchemy LLC,210 Business Park Drive,,Santee,SC,29142,,,,,,,,,Yes,,,,,,,,,,,,,,,,,,,,,,,,,,,,,
Palmetto AG Tire,,6034,Tammy ,Copeland,(803) 823-2029,,,,10161 Old State Road,,Cameron,SC,29030,,,,,,,,,Yes,,,,,,,,,,,,,,,,,,,,,,,,,,,,,
Palmetto Antiques,,3627,,,8034175280,,,,216 Prep St,,Orangeburg,SC,,,,,,,,,,No,,,,,,,,,,,,,,,,,,,,,,,,,,,,,
Palmetto Antiques,,1506,Harry,Mims,8035352205,,,,216 Prep Street,,Orangeburg,SC,29115,,,,,,,,,No,,,,,,,,,,,,,,,,,,,,,,,,,,,,,
Palmetto Auto Ranch,,5080,,,8038471397,,,,7255 Number Six Highway,,Elloree,SC,29047,,,,,,,,,No,,,,,,,,,,,,,,,,,,,,,,,,,,,,,
Palmetto Dentistry LLC   - Holly Hill,,1651,,,8034965093,,,,912 Holly St,,Holly Hill,SC,29059,,,,,,,,,No,,,,,,,,,,,,,,,,,,,,,,,,,,,,,
Palmetto Engineering,,4058,,,8038600035,,,,.,,,SC,,,,,,,,,,No,,,,,,,,,,,,,,,,,,,,,,,,,,,,,
Palmetto Gastroenterology & Hepatology,,2708,,,8035414702,,,,85 Wren St  ,,Barnwell,SC,,,,,,,,,,No,,,,,,,,,,,,,,,,,,,,,,,,,,,,,
Palmetto Industural,,3453,Palmetto,Industural,8035356071,,,,625 Five Chop Rd,,Orangeburg,SC,29115,,,,,,,,,No,,,,,,,,,,,,,,,,,,,,,,,,,,,,,
Palmetto Insurance,,4655,,,,,,,,,,,,,,,,,,,,No,,,,,,,,,,,,,,,,,,,,,,,,,,,,,
Palmetto Kustom Kartz,,3120,,,8033784603,,,,500 B Frontage Rd,,Gaston,SC,29053,,,,,,,,,No,,,,,,,,,,,,,,,,,,,,,,,,,,,,,
Palmetto Lubricants,,3449,,,8035352205,,,,PO Box 519,,Orangeburg,SC,29116,,,,,,,,,No,,,,,,,,,,,,,,,,,,,,,,,,,,,,,
Palmetto Office Supply,,5382,,,8035342331,,,,1380 Russel Street,,Orangeburg,SC,29115,,,,,,,,,No,,,,,,,,,,,,,,,,,,,,,,,,,,,,,
Palmetto Peanut,,867,Pamela,Rivers,(803) 823-2327,,,,10161 Old State Road,,Cameron,SC,29030,,,,,,,,,No,,,,,,,,,,,,,,,,,,,,,,,,,,,,,
Palmetto Pig,,3431,Linda,Birchmore,8037073979,,,,530 Devine St,,Orangeburg,SC,29201,,,,,,,,,No,,,,,,,,,,,,,,,,,,,,,,,,,,,,,
Palmetto Pride Insurance,,2763,,,8035330269,,,,1702 A St Matthews Rd,,Orangeburg,SC,29118,,,,,,,,,No,,,,,,,,,,,,,,,,,,,,,,,,,,,,,
Palmetto Security Cameras,,878,,,8035330020,,,,.,,,SC,,,,,,,,,,No,,,,,,,,,,,,,,,,,,,,,,,,,,,,,
Palmetto Training,,2187,,,8034736401,,,,1590 Village Square Blvd Suite 5e,,Santee,SC,29142,,,,,,,,,No,,,,,,,,,,,,,,,,,,,,,,,,,,,,,
Palmetto Urology,,174,,,,,,,1747 Village Parkway,,Orangeburg ,SC,29115,,,,,,,,,No,,,,,,,,,,,,,,,,,,,,,,,,,,,,,
Palms Social Club,,4469,,,8037477008,,,,1359 Grove Park Drive,,Orangbeurg,SC,29115,,,,,,,,,No,,,,,,,,,,,,,,,,,,,,,,,,,,,,,
Pam Bernett,,3740,,,,,,,403 Santee Drive,,Santee,SC,29142,,,,,,,"#fiberCustomer, #residential",,No,,,,,,,,,,,,,,,,,,,,,,,,,,,,,
Pam Elmore,,1370,,,8039740481,,,,342 Angelica St,,,SC,,,,,,,,,,No,,,,,,,,,,,,,,,,,,,,,,,,,,,,,
Pam Kemmerlin,,4057,Pam,Kemmerlin,,,,,419-A Ballards lane ,,Santee ,SC,28379,,,,,,,,,No,,,,,,,,,,,,,,,,,,,,,,,,,,,,,
Pam Long,,6294,Pam,Long,(803) 984-4834,,,,216 Green Street,,Santee,SC,29142,,,,,,,"#fiberCustomer, #residential",,Yes,,,,,,,,,,,,,,,,,,,,,,,,,,,,,
Pam Martin,,3375,,,8038972936,,,,351 hampton st,,Elloree,SC,29407,,,,,,,,,No,,,,,,,,,,,,,,,,,,,,,,,,,,,,,
Pam Myers,,3325,,,8035331151,,,,1190 Fairfield St,,Orangeburg,SC,,,,,,,,,,No,,,,,,,,,,,,,,,,,,,,,,,,,,,,,
Pam Nelson ,,516,,,8038544143,,,,135 Wateree Dr  ,,Santee,SC,29142,,,,,,,"#fiberCustomer, #residential",,No,,,,,,,,,,,,,,,,,,,,,,,,,,,,,
Pam Shuler,,951,,,8033952809,,,,4420 Vance Rd,,Holly Hill,SC,,,,,,,,,,No,,,,,,,,,,,,,,,,,,,,,,,,,,,,,
Pam Wise,,2766,,,8036825706,,,,419 Waters Edge Road,,Orangeburg,SC,29155,,,,,,,,,No,,,,,,,,,,,,,,,,,,,,,,,,,,,,,
Pamala Aikens,,8427,Pamala,Aikens,(843) 898-1113,,,,147 Congaree Ct,,Santee,South Carolina,29142-9513,,,,,,,,,Yes,,,,,,,,,,,,,,,,,,,,,,,,,,,,,
Pamela Bookhart,,1583,Pamela,Bookhart,(803) 974-0096,,,,750 Linwood Street,,Elloree,SC,29047,,,,,,,,,No,,,,,,,,,,,,,,,,,,,,,,,,,,,,,
Pamela Gillinger,,8363,Pamela,Gillinger,(804) 971-1042,gillingerpamela3@gmail.com,,,101 Santee Cooper Anx,,Santee,South Carolina,29142-9312,,,,,,,,,Yes,,,,,,,,,,,,,,,,,,,,,,,,,,,,,
Pamela Hair,,6141,Pamela,Hair,(803) 645-9317,pamhair80@gmail.com,,,127 Creech Road,,Hilda,SC,,,,,,,,,,Yes,,,,,,,,,,,,,,,,,,,,,,,,,,,,,
Pamela Jacobs,,3655,,,8033787128,,,,1649 Tee Vee Rd,,Elloree,SC,29047,,,,,,,,,No,,,,,,,,,,,,,,,,,,,,,,,,,,,,,
Pamela Jacobs,,2517,,,8035331990,,,,129 Ballard Lane,,Santee,SC,29142,,,,,,,,,No,,,,,,,,,,,,,,,,,,,,,,,,,,,,,
Pamela Johnson,,3131,,,8035716310,,,,114 Thankful Cemetary Rd,,Bamberg,SC,,,,,,,,,,No,,,,,,,,,,,,,,,,,,,,,,,,,,,,,
Pamela Murph,,3156,,,8035311694,,,,2477 Hickory Dr,,Orangeburg,SC,29118,,,,,,,,,No,,,,,,,,,,,,,,,,,,,,,,,,,,,,,
Pamela Sharpe,,419,,,8038370876,,,,141 Elaine Dr,,Elloree,SC,29047,,,,,,,,,No,,,,,,,,,,,,,,,,,,,,,,,,,,,,,
Pamela Sharpe,,5865,,,8038378423,,,,10115 Old State Road,,Cameron,SC,29030,,,,,,,,,No,,,,,,,,,,,,,,,,,,,,,,,,,,,,,
Pamlee Davis,,6248,Pamlee,Davis,(843) 718-7306,,,,133 Monsum Court,,Elloree,SC,29047,,,,,,,,,Yes,,,,,,,,,,,,,,,,,,,,,,,,,,,,,
Pammy Taber,,7916,Pammy,Taber,(803) 315-6651,,,,,,,,,,,,,,,,,Yes,,,,,,,,,,,,,,,,,,,,,,,,,,,,,
Paris Bookard,,5188,,,9083970266,,,,946 Kearse Drive,,Orangeburg,SC,29115,,,,,,,,,No,,,,,,,,,,,,,,,,,,,,,,,,,,,,,
Parks Auto Parts,,8399,Tim,Parks,(843) 747-6656,tim@parksap.com,,,758 Bass Dr,,Santee,South Carolina,29142-8941,,,,,,,,,Yes,,,,,,,,,,,,,,,,,,,,,,,,,,,,,
Parkside Apts,,4736,Parkside,Apts,8643235792,,,,1500 Boulevard Street,,Orangeburg,SC,29118,Latrish,,(803) 971-2289,,,,,,No,,,,,,,,,,,,,,,,,,,,,,,,,,,,,
Parlerville AME Church,,895,Elaine,McCray,(803) 749-3503,,,,416 Pinewood Dr.,,Santee,SC,29142,,,,,,,,,No,,,,,,,,,,,,,,,,,,,,,,,,,,,,,
Parneeta Myadala,,2754,,,8034034679,,,,1103 Bennett Circle,,Holly Hilly,SC,29059,,,,,,,,,No,,,,,,,,,,,,,,,,,,,,,,,,,,,,,
PAS Enterprises (Shoney's Santee),,314,,,8038543914,,,,562 Pike St,,Sumter,SC,29150,,,,,,,,,No,,,,,,,,,,,,,,,,,,,,,,,,,,,,,
Pat Robinson,,8458,Pat,Robinson,(803) 378-3423,peppernett.robinson@gmail.com,,,689 Perch Lane,,Santee,SC,29164,,,,,,,,,Yes,,,,,,,,,,,,,,,,,,,,,,,,,,,,,
Patrice Myers,,2872,,,8038973683,,,,130 Tarpon Ct,,Elloree,SC,29047,,,,,,,,,No,,,,,,,,,,,,,,,,,,,,,,,,,,,,,
Patricia Braden,,2806,,,8035314095,,,,182 Grassy Ln,,Bowman,SC,29018,,,,,,,,,No,,,,,,,,,,,,,,,,,,,,,,,,,,,,,
Patricia Braden,,3914,,,8036146154,,,,131 Third Street,,Santee,SC,29142,,,,,,,,,No,,,,,,,,,,,,,,,,,,,,,,,,,,,,,
Patricia Brown,,3270,,,8035963861,,,,121 Brigman Court,,Orangeburg,SC,,,,,,,,,,No,,,,,,,,,,,,,,,,,,,,,,,,,,,,,
Patricia Burns,,3995,,,8037275240,,,,107 Reeves St,,Revveisville ,SC,29471,,,,,,,,,No,,,,,,,,,,,,,,,,,,,,,,,,,,,,,
Patricia Cape,,812,,,8038542767,,,,7405 Old Number Six Hwy,,Santee,SC,29142,,,,,,,,,No,,,,,,,,,,,,,,,,,,,,,,,,,,,,,
Patricia Carroll ,,7832,Patricia,Carroll ,(732) 539-7631,,,,417 Dantzler Street,,St Matthews,SC,29135,,,,,,,,,Yes,,,,,,,,,,,,,,,,,,,,,,,,,,,,,
Patricia Clark,,1345,Patricia,Clark,(803) 682-2827,,,,1025 Moultrie Dr.,,Santee,SC,29142,,,,,,,"#fiberCustomer, #residential",,No,,,,,,,,,,,,,,,,,,,,,,,,,,,,,
Patricia Craig,,7851,Patricia,Craig,(803) 378-4606,,,,31 Andre Michaux,,Santee,SC,29142,,,,,,,,,Yes,,,,,,,,,,,,,,,,,,,,,,,,,,,,,
Patricia Delarg,,4240,,,8033471583,,,,363 Dunwoody Street,,Orangeburg,SC,29115,,,,,,,,,No,,,,,,,,,,,,,,,,,,,,,,,,,,,,,
Patricia Delarge,,3152,,,8036825584,,,,405 Holt Dr,,Orangeburg,SC,29115,,,,,,,,,No,,,,,,,,,,,,,,,,,,,,,,,,,,,,,
Patricia Duggins,,4602,,,8039684259,,,,7013 Dorange rd,,Reevesville ,SC,29471,,,,,,,,,No,,,,,,,,,,,,,,,,,,,,,,,,,,,,,
Patricia Frazier,,3311,,,8032902108,,,,127 Doberman Ln,,Cameron,SC,29030,,,,,,,,,No,,,,,,,,,,,,,,,,,,,,,,,,,,,,,
Patricia Funderburk,,3128,,,8037475175,,,,138 Tramkey Lane,,Neeses,SC,29107,,,,,,,,,No,,,,,,,,,,,,,,,,,,,,,,,,,,,,,
Patricia Glover,,2294,,,8039740560,,,,105 Brim St,,Santee,SC,29142,,,,,,,,,No,,,,,,,,,,,,,,,,,,,,,,,,,,,,,
Patricia Hutto,,431,Patricia,Hutto,8039719336,,,,5647 Old State Road,,Holly Hill,SC,29059,,,,,,,,,No,,,,,,,,,,,,,,,,,,,,,,,,,,,,,
Patricia Middleton,,2387,Patricia,Middleton,(803) 971-9511,,,,2266 Toney Bay Rd,,Holly Hill,SC,29059,,,,,,,,,No,,,,,,,,,,,,,,,,,,,,,,,,,,,,,
Patricia Stokes,,1309,,,8038973116,,,,736 Linwood St,,Elloree,SC,29047,,,,,,,,,No,,,,,,,,,,,,,,,,,,,,,,,,,,,,,
Patricia Stone,,6297,Patricia,Stone,(843) 270-0098,,,,117 Cooper Circle,,Santee,SC,29142,,,,,,,"#fiberCustomer, #residential",,Yes,,,,,,,,,,,,,,,,,,,,,,,,,,,,,
Patricia Taylor,,1424,Patricia,Taylor,8039740296,,,,579 Mt Olive Rd,,Santee,SC,29142,,,,,,,,,No,,,,,,,,,,,,,,,,,,,,,,,,,,,,,
Patricia Varnadoe,,7995,Patricia,Varnadoe,(803) 998-8955,pVarnadoe1956@gmail.com,,,267 Old Salem Road,,Barnwell,SC,29812,,,,,,,,,Yes,,,,,,,,,,,,,,,,,,,,,,,,,,,,,
Patricia Waring,,2808,,,8038378025,,,,160 Deleware Drive,,Orangeburg,SC,,,,,,,,,,No,,,,,,,,,,,,,,,,,,,,,,,,,,,,,
Patricia Wilcenski,,1942,,,8038544494,,,,205 Cooper Dr,,Santee,SC,,,,,,,,"#fiberCustomer, #residential",,No,,,,,,,,,,,,,,,,,,,,,,,,,,,,,
Patricia Wilder,,4857,,,8033088764,,,,346 Clarendon st,,Orangeburg ,SC,,,,,,,,,,No,,,,,,,,,,,,,,,,,,,,,,,,,,,,,
Patricia Willis,,2236,,,8033080506,,,,28 Yenny Ln,,Elloree,SC,29047,,,,,,,,,No,,,,,,,,,,,,,,,,,,,,,,,,,,,,,
Patrick J Williams,,3467,,,8035153938,,,,433 Ballards Lane,,Santee,SC,29142,,,,,,,,,No,,,,,,,,,,,,,,,,,,,,,,,,,,,,,
Patrick Navin ,,4226,Patrick,Navin ,8039749315,,,,210 Pee Dee Drive ,,Santee,SC,,,,,,,,,,No,,,,,,,,,,,,,,,,,,,,,,,,,,,,,
Patrick Riley,,8472,Patrick,Riley,(305) 849-2977,keyhouse1@gmail.com,,,112 Saluda Dr,,Santee,South Carolina,29142-9320,,,,,,,,,Yes,,,,,,,,,,,,,,,,,,,,,,,,,,,,,
Patrick Zeigler,,5321,,,8039749749,,,,224 Baronet Ln,,Elloree,SC,29047,,,,,,,,,No,,,,,,,,,,,,,,,,,,,,,,,,,,,,,
Patrina Fogle,,3175,,,8034969070,,,,214 Topeka Ln,,Holly Hill,SC,,,,,,,,,,No,,,,,,,,,,,,,,,,,,,,,,,,,,,,,
Patsy Antley,,5554,Patsy,Antley,8432096522,,,,104 Broad River Dr,,Santee,SC,29142,,,,,,,"#fiberCustomer, #residential",,No,,,,,,,,,,,,,,,,,,,,,,,,,,,,,
Patsy Davis,,524,,,8034965162,,,,241 Damascus Dr,,Vance,SC,29163,,,,,,,,,No,,,,,,,,,,,,,,,,,,,,,,,,,,,,,
Patsy Dukes,,5670,,,8037070839,,,,4205 Cleveland St,,Elloree,SC,29047,,,,,,,,,No,,,,,,,,,,,,,,,,,,,,,,,,,,,,,
Patsy Holman,,2578,,,8038972322,,,,375 Hungerpiller Street,,Elloree,SC,29147,,,,,,,,,No,,,,,,,,,,,,,,,,,,,,,,,,,,,,,
Patten Seed Company,,1716,Steven,.,8037072477,jroquemore@pattenseed.com,,,.,,,SC,,,,,,,,,,No,,,,,,,,,,,,,,,,,,,,,,,,,,,,,
Patti Horger,,3590,,,8035360555,,,,1432 Moore Rd,,,SC,,,,,,,,,,No,,,,,,,,,,,,,,,,,,,,,,,,,,,,,
Patti Lott,,1498,,,,,,,533 maple Branch Rd,,Reevesville,SC,,,,,,,,,,No,,,,,,,,,,,,,,,,,,,,,,,,,,,,,
Patty Pooser,,1382,Patty,Pooser,8435632204,,,,218 New Meadow Dr,,Reevesville,SC,29471,,,,,,,,,No,,,,,,,,,,,,,,,,,,,,,,,,,,,,,
Patty Schiver ,,7981,Patty,Schiver ,(843) 345-4895,,,,145 Nakoma Way,,Santee,SC,29142,,,,,,,,,Yes,,,,,,,,,,,,,,,,,,,,,,,,,,,,,
Patty Shelton,,383,,,8438148408,,,,160 Doron Lane,,Santee,SC,29142,,,,,,,,,No,,,,,,,,,,,,,,,,,,,,,,,,,,,,,
Patty Urbanija,,3797,Patty,Urbanija,8038540018,patty_d6@yahoo.com,,,444 Santee Drive,,Santee,SC,29142,,,,,,,"#fiberCustomer, #residential",,No,,,,,,,,,,,,,,,,,,,,,,,,,,,,,
Patty's Palace of Jewelry,,6203,Patricia,Middleton,(803) 971-9511,,,,110 Business Park Drive,,Santee,SC,29142,,,,,,,,,Yes,,,,,,,,,,,,,,,,,,,,,,,,,,,,,
Paul & Amy Holt,,2789,,,8037073140,,,,170 Sycamore St,,Bowman,SC,29018,,,,,,,,,No,,,,,,,,,,,,,,,,,,,,,,,,,,,,,
Paul Asselin,,2122,,,8035319571,,,,1252 Whisperwood Rd,,Cameron,SC,,,,,,,,,,No,,,,,,,,,,,,,,,,,,,,,,,,,,,,,
Paul Bentley,,4664,,,,,,,138 Park Ridge rd,,Elloree,SC,29047,,,,,,,,,No,,,,,,,,,,,,,,,,,,,,,,,,,,,,,
Paul Bourne,,900,Paul,Bourne,8038543793,,,,311 Santee Drive,,Santee,SC,29142,,,,,,,"#fiberCustomer, #residential",,No,,,,,,,,,,,,,,,,,,,,,,,,,,,,,
Paul Curtis,,4723,Paul,Curtis,8432909690,,,,164 Kiefer Ct,,Cameron ,SC,,,,,,,,,,No,,,,,,,,,,,,,,,,,,,,,,,,,,,,,
Paul Dentley,,4656,,,8437494490,,,,138 Parkridge rd ,,Elloree,SC,,,,,,,,,,No,,,,,,,,,,,,,,,,,,,,,,,,,,,,,
Paul Edward Holt,,1751,Paul,Edward Holt,(803) 829-1711,,,,408 Tupelo St.,,Bowman,SC,29018,,,,,,,,,No,,,,,,,,,,,,,,,,,,,,,,,,,,,,,
Paul Gadson,,5987,Paul,Gadson,(803) 308-1603,,,,770 Dacosta Lane,,Orangeburg,SC,29115,,,,,,,,,Yes,,,,,,,,,,,,,,,,,,,,,,,,,,,,,
Paul Gallagher,,8028,Paul,Gallagher,(843) 607-7888,paulgallagher777@gmail.com,,,133 Cooper Circle,,Santee,SC,29142,,,,,,,"#fiberCustomer, #residential",,Yes,,,,,,,,,,,,,,,,,,,,,,,,,,,,,
Paul Janis ,,7895,Paul,Janis ,(630) 346-7333,pauljanis69@hotmail.com,,,383 Ballard Lane,,Santee,SC,29142,,,,,,,,,Yes,,,,,,,,,,,,,,,,,,,,,,,,,,,,,
Paul Mccain,,8439,Paul,Mccain,(803) 480-1071,paul1.mccain@gmail.com,,,143 Kiefer Ct,,Cameron,South Carolina,29030-9439,,,,,,,,,Yes,,,,,,,,,,,,,,,,,,,,,,,,,,,,,
Paul Mento,,5496,Paul,Mento,(302) 584-4808,,,,290 Broad River Dr,,Santee,SC,29142,,,,,,,"#fiberCustomer, #residential",,No,,,,,,,,,,,,,,,,,,,,,,,,,,,,,
Paul Miller,,5620,,,8033780935,,,,562 Pike Street,,Orangeburg,SC,29115,,,,,,,,,No,,,,,,,,,,,,,,,,,,,,,,,,,,,,,
Paul Rischer,,1160,,,8038973050,,,,1734 Tee Vee Rd,,Elloree,SC,29047,,,,,,,,,No,,,,,,,,,,,,,,,,,,,,,,,,,,,,,
Paul Simmons,,5719,Paul,Simmons,(803) 682-0438,pasimmons@simmonsfuneralhome.com,,,485 santee drive,,Santee ,SC,29142,,,,,,,"#fiberCustomer, #residential",,No,,,,,,,,,,,,,,,,,,,,,,,,,,,,,
Paul Strickland,,6101,Paul,Strictland,(803) 682-5023,,,,8237 Old State Road,,Cameron ,SC,29030,,,,,,,,,Yes,,,,,,,,,,,,,,,,,,,,,,,,,,,,,
Paul Stroman,,274,,,8034927585,,,,1122 St Julien Dr,,Eutawville,SC,29048,,,,,,,,,No,,,,,,,,,,,,,,,,,,,,,,,,,,,,,
Paul van Gorkom,,8326,Paul Van,Gorkom,(630) 235-2673,vangorkom@sbcglobal.net,,,1080 Moultrie Dr,,Santee,South Carolina,29142-9462,,,,,,,,,Yes,,,,,,,,,,,,,,,,,,,,,,,,,,,,,
Paul Weber,,2859,Paul,Weber,8038542745,,,,344 pinewood dr,,Santee,SC,29142,,,,,,,"#fiberCustomer, #residential",,No,,,,,,,,,,,,,,,,,,,,,,,,,,,,,
Paul Wimberly,,4763,Paul,Wimberly,8436361022,,,,114 Rail Road Ave,,Reevesville,SC,,,,,,,,,,No,,,,,,,,,,,,,,,,,,,,,,,,,,,,,
Paul Zorawski,,4263,,,6314590699,,,,461 Chapel Creek Drive,,Santee,SC,29142,,,,,,,,,No,,,,,,,,,,,,,,,,,,,,,,,,,,,,,
Paula H Fleming,,4950,Paula,H Fleming,(803) 759-0491,,,,113 Saluda Dr,,Santee,SC,,,,,,,,"#fiberCustomer, #residential",,No,,,,,,,,,,,,,,,,,,,,,,,,,,,,,
Paula Herman,,1835,Paula,Herman,(803) 854-2073,,,,920 Moultrie dr,,Santee,SC,,,,,,,,"#fiberCustomer, #residential",,No,,,,,,,,,,,,,,,,,,,,,,,,,,,,,
Paula Jackson,,2970,,,8032905064,,,,1230 Sheppard Ln,,Orangeburg,SC,29118,,,,,,,,,No,,,,,,,,,,,,,,,,,,,,,,,,,,,,,
Paula Kirkland,,4494,,,8033782737,,,,148 new meadow rd,,Reevesville,SC,,,,,,,,,,No,,,,,,,,,,,,,,,,,,,,,,,,,,,,,
Paula Rainey Barnes,,376,,,8033784862,,,,2047 Tee Vee Road,,Elloree,SC,29047,,,,,,,,,No,,,,,,,,,,,,,,,,,,,,,,,,,,,,,
Paula Robinson,,3776,,,8035395651,,,,284 greatview rd,,Neeses,SC,,,,,,,,,,No,,,,,,,,,,,,,,,,,,,,,,,,,,,,,
Paula Shuler,,1123,,,8034967904,,,,171 Rasum Dr,,Holly Hill,SC,,,,,,,,,,No,,,,,,,,,,,,,,,,,,,,,,,,,,,,,
Paula Watson,,6289,Paula,Watson,(317) 437-6536,,,vacation home,413 Ballard Lane,,Santee,SC,29142,,,,,,,,,Yes,,,,,,,,,,,,,,,,,,,,,,,,,,,,,
Paulett Bolen ,,4181,,,8036712574,,,,200 Ellzey ST ,,Hilda ,,,,,,,,,,,No,,,,,,,,,,,,,,,,,,,,,,,,,,,,,
Paulette Clark ,,4627,,,8432912201,,,,327 Santee Drive,,Santee,SC,29142,,,,,,,"#fiberCustomer, #residential",,No,,,,,,,,,,,,,,,,,,,,,,,,,,,,,
Pauline Baucom,,1357,,,8034967849,,,,4902 Old State Rd,,Holly Hill,SC,29059,,,,,,,,,No,,,,,,,,,,,,,,,,,,,,,,,,,,,,,
Pauline Patrick,,2940,,,8038292632,,,,6122 vance Rd,,Bowman,SC,,,,,,,,,,No,,,,,,,,,,,,,,,,,,,,,,,,,,,,,
Peach Tree Inn,,,,,8436369393,,,,111 Conners Dr,,St. George,SC,29477,,,,,,,#Hospitality,,No,,,,,,,,,,,,,,,,,,,,,,,,,,,,,
Pecan Grove Elderly Housing,,2700,Troyce,Lee,8035340815,,,,1820 Saint Matthews Rd,,Orangeburg,SC,29118,,,,,,,,,No,,,,,,,,,,,,,,,,,,,,,,,,,,,,,
Pecan Grove Elderly Housing,,175,Pecan,Grove Elderly Housing,(803) 534-0815,,,,1820 St Matthews Rd,,Orangeburg ,SC,29118,,,,,,,,,No,,,,,,,,,,,,,,,,,,,,,,,,,,,,,
Peggy Burnett,,3900,,,8033002987,,,,381 Robertson Circle,,Hilda,SC,29813,,,,,,,,,No,,,,,,,,,,,,,,,,,,,,,,,,,,,,,
Peggy Funderburk,,4107,,,8435631316,,,,392 Old St George Rd,,St George,SC,29477,,,,,,,,,No,,,,,,,,,,,,,,,,,,,,,,,,,,,,,
Peggy Phillips,,1354,,,8033952911,,,,4518 Old State Rd,,,SC,,,,,,,,,,No,,,,,,,,,,,,,,,,,,,,,,,,,,,,,
Peggy Polin,,2143,Peggy,Polin,8036821767,,,,127 Elbow Bend Rd.,,Elloree,SC,29047,,,,,,,,,No,,,,,,,,,,,,,,,,,,,,,,,,,,,,,
Peggy Weatherford,,1459,,,8038543991,,,,440 4th St,,Santee,SC,29142,,,,,,,"#fiberCustomer, #residential",,No,,,,,,,,,,,,,,,,,,,,,,,,,,,,,
Peggy Winquest,,408,,,8034963315,,,,269 Lavista Ln.,,Holly Hill ,SC,29059,,,,,,,,,No,,,,,,,,,,,,,,,,,,,,,,,,,,,,,
Pelinta Parker,,438,,,8034927478,,,,Po Box 1011         ,,Eutawville  ,SC,29048,,,,,,,,,No,,,,,,,,,,,,,,,,,,,,,,,,,,,,,
Pendarvis Enterprises - Bowman,,3551,Pendarvis,Enterprises - Bowman,8038292281,,,,153 Country Rd,,Bowman,SC,29018,,,,,,,,,No,,,,,,,,,,,,,,,,,,,,,,,,,,,,,
Pendarvis Enterprises Orangeburg Station,,3021,,,8038292281,,,,1136 Glover St,,Orangeburg,SC,29115,,,,,,,,,No,,,,,,,,,,,,,,,,,,,,,,,,,,,,,
Pennelope Myers,,5460,Pennelope,Myers,8435600711,,,,123 Cooper Dr,,Santee,SC,29142,,,,,,,"#fiberCustomer, #residential",,No,,,,,,,,,,,,,,,,,,,,,,,,,,,,,
Pennie Shaw,,2056,,,8037076947,,,,3322 Hart St,,Orangeburg,SC,29118,,,,,,,,,No,,,,,,,,,,,,,,,,,,,,,,,,,,,,,
Pennington Cross Arm Co,,3105,,,8034965056,,,,PO Box 159,825 Bunch Ford road,Holly Hill ,SC,,,,,,,,,,No,,,,,,,,,,,,,,,,,,,,,,,,,,,,,
Penny Varner,,5198,Penny,Varner,(803) 974-0396,,,,1015 Sanoree Dr,,,SC,,,,,,,,"#fiberCustomer, #residential",,No,,,,,,,,,,,,,,,,,,,,,,,,,,,,,
Percilla Kelly,,3495,,,8435635044,,,,141 kelly hill dr,,Reevesville,SC,29471,,,,,,,,,No,,,,,,,,,,,,,,,,,,,,,,,,,,,,,
Perry & Angie Chinners,,792,Perry,& Angie Chinners,8435603866,,,,105 Whetsell St.,,Reevesville,SC,,,,,,,,,,No,,,,,,,,,,,,,,,,,,,,,,,,,,,,,
Perry Weeks,,759,,,8038232504,,,,109 Old Orangeburg Rd,,Cameron,SC,29030,,,,,,,,,No,,,,,,,,,,,,,,,,,,,,,,,,,,,,,
Personal Touch Auto Sales,,4637,,,8038743498,,,,490 Bridge Street,,St. Matthews,SC,29135,,,,,,,,,No,,,,,,,,,,,,,,,,,,,,,,,,,,,,,
Pete Lafond,,7999,Pete,Lafond,(843) 834-8004,kiawahsvs@gmail.com,,,225 Cooper Drive,,Santee,SC,29142,,,,,,,"#fiberCustomer, #residential",,Yes,,,,,,,,,,,,,,,,,,,,,,,,,,,,,
Pete Zahutt|9417|,,8624,Peter,Zahutt,(803) 533-1660,noemailonfile@ntinet.com,,home,2033 Saint Matthews Rd,A123,Orangeburg,South Carolina,29118-2036,,,,,,,,,Yes,,,,,,,,,,,,,,,,,,,,,,,,,,,,,
Peter & Patrice Washington,,4168,Peter,& Patrice Washington,8438224823,,,,302 Gable Drive,,Eutawville,SC,29048,,,,,,,,,No,,,,,,,,,,,,,,,,,,,,,,,,,,,,,
Peter Buyck,,3110,Peter,Buyck,8035162886,,,,1071 Preference Road,,St Matthews ,SC,29135,,,,,,,,,No,,,,,,,,,,,,,,,,,,,,,,,,,,,,,
Peter Carver,,1153,,,8038974303,,,,635 Hampton St.,,Elloree,SC,29047,,,,,,,,,No,,,,,,,,,,,,,,,,,,,,,,,,,,,,,
Peter Gervais,,4980,Peter,Gervais,8023702520,,,,221 Parklane dr ,,Santee,SC,,,,,,,,"#fiberCustomer, #residential",,No,,,,,,,,,,,,,,,,,,,,,,,,,,,,,
Peter Hauck,,8677,Peter,Hauck,(914) 844-7856,hauck12@att.net,,,164 William Clark Blvd,,Santee,South Carolina,29142-9507,,,,,,,,,Yes,,,,,,,,,,,,,,,,,,,,,,,,,,,,,
Peter Langevin,,703,,,8435637995,,,,133 Cross Creek Road,,Reevesville,SC,29471,,,,,,,,,No,,,,,,,,,,,,,,,,,,,,,,,,,,,,,
Peter Loren,,1956,,,8036822389,,,,336 Hampton St,,Elloree,,29047,,,,,,,,,No,,,,,,,,,,,,,,,,,,,,,,,,,,,,,
Peter Patel,,4696,,,8038543122,,,,229 Sorin Circle,,Elloree,SC,29047,,,,,,,,,No,,,,,,,,,,,,,,,,,,,,,,,,,,,,,
Peters Group,,3225,Rhonda,Bayer,8035166097,,,,339 St Johns Street,,Orangeburg,SC,,,,,,,,,,No,,,,,,,,,,,,,,,,,,,,,,,,,,,,,
Petra Community Church,,2654,,,8032680690,,,,3285 St Matthews Rd,,Orangeburg,SC,29118,,,,,,,,,No,,,,,,,,,,,,,,,,,,,,,,,,,,,,,
Petty Tee's,,2372,,,8038543900,,,,9037 Old Number Six Highway,,Santee,SC,29142,,,,,,,,,No,,,,,,,,,,,,,,,,,,,,,,,,,,,,,
Peyton White,,1590,Peyton,White,8035312836,,,,520 Mcmillan Road,PO Box 2001,Cordova,SC,29039,,,,,,,,,No,,,,,,,,,,,,,,,,,,,,,,,,,,,,,
Phil Entz,,5088,,,4032985273,,,,469 Boyer Road,,Holly Hill,SC,,,,,,,,,,No,,,,,,,,,,,,,,,,,,,,,,,,,,,,,
Phil Fluhary,,4106,,,,,,,7 Thomas Walker cir ,,Santee ,,29142,,,,,,,,,No,,,,,,,,,,,,,,,,,,,,,,,,,,,,,
Phil Tyler,,3374,Phil,Tyler,8033081262,,,,130 Rutland Rd,,Neeses,SC,,,,,,,,,,No,,,,,,,,,,,,,,,,,,,,,,,,,,,,,
Philip Bardin,,303,Philip,Bardin,8436036974,,,,6224 Old # 6 Highway,,Elloree,SC,29047,,,,,,,,,No,,,,,,,,,,,,,,,,,,,,,,,,,,,,,
Philip Falso,,6066,Philip,Falso,(315) 263-1478,,,,456 Delk Avenue,,Hilda,SC,29813,,,,,,,,,Yes,,,,,,,,,,,,,,,,,,,,,,,,,,,,,
Philip Palmer,,3668,,,8037079612,,,,189 Ballard Lane,,Santee,SC,29142,,,,,,,,,No,,,,,,,,,,,,,,,,,,,,,,,,,,,,,
Philip Rorabaugh,,437,Philip,Rorabaugh,(803) 535-9437,,,,229 Bethlehem Rd                                  ,,Holly Hill          ,SC,29059,,,,,,,,,No,,,,,,,,,,,,,,,,,,,,,,,,,,,,,
Phillip Baxter,,3320,,,8032907304,,,,220 Banashee Circle,,Orangeburg,SC,29115,,,,,,,,,No,,,,,,,,,,,,,,,,,,,,,,,,,,,,,
Phillip Boswell,,8198,Phillip,Boswell,(706) 616-5451,exitglenda@gmail.com,,,22 Andre Michaux Road,,Santee,SC,29142,,,,,,,,,Yes,,,,,,,,,,,,,,,,,,,,,,,,,,,,,
Phillip Brown,,795,Phillip,Brown,8036640032,,,,1069 Harlin St.,,Elloree,SC,29047,,,,,,,,,No,,,,,,,,,,,,,,,,,,,,,,,,,,,,,
Phillip Cobb,,6138,Phillip,Coob,(803) 479-0153,,,,176 Dan Keowen Drive,,Orangeburg,SC,29115,,,,,,,,,Yes,,,,,,,,,,,,,,,,,,,,,,,,,,,,,
Phillip Coggins,,2314,,,8038972973,,,,360 Hampton St.,,Elloree,SC,29047,,,,,,,,,No,,,,,,,,,,,,,,,,,,,,,,,,,,,,,
Phillip Hampton,,3188,,,8036647020,,,,1125 Kinte Ct,,,SC,,,,,,,,,,No,,,,,,,,,,,,,,,,,,,,,,,,,,,,,
Phillip Kirven,,2910,,,8037071253,,,,311 Pine street,,Bowman,SC,,,,,,,,,,No,,,,,,,,,,,,,,,,,,,,,,,,,,,,,
Phillip Moore,,7903,Phillip,Moore,(803) 614-6737,Phil_moore30@icloud.com,,,1756 Cleveland Street,,Elloree,SC,29047,,,,,,,,,Yes,,,,,,,,,,,,,,,,,,,,,,,,,,,,,
Phillip Padula,,429,,,8033786274,,,,345 Noel Dr,,Vance,SC,29163,,,,,,,,,No,,,,,,,,,,,,,,,,,,,,,,,,,,,,,
Phillips Shoes,,4556,Norma,.,(803) 534-3737,phillipsshoes@bellsouth.net,,,136 Associate Pkwy,,Orangeburg,South Carolina,29118-2079,,,,,,,,,No,,,,,,,,,,,,,,,,,,,,,,,,,,,,,
Phoenix Specialty Manufacturing,,7928,Andrea,Rodgers,(803) 245-6909,,,,7576 Main Highway,,Bamberg,SC,29003,,,,,,,,,Yes,,,,,,,,,,,,,,,,,,,,,,,,,,,,,
Phyllis Floyd,,8699,Phyllis,Floyd,(843) 696-8440,kjpfloyd@gmail.com,,,144 Saluda Dr,,Santee,South Carolina,29142-9320,,,,,,,,,Yes,,,,,,,,,,,,,,,,,,,,,,,,,,,,,
Phyllis Stoudenmire,,450,Phyllis,Stoudenmire,(803) 496-5222,,,,839 Jackson Belt Rd                               ,,Holly Hill,SC,29059,,,,,,,,,No,,,,,,,,,,,,,,,,,,,,,,,,,,,,,
Phyllistine Anderson,,1879,,,8034923388,,,,11299 Old Number Six Hwy.,,Eutawville,SC,29048,,,,,,,,,No,,,,,,,,,,,,,,,,,,,,,,,,,,,,,
Pickney Shuler,,6084,Pickney,Shuler,(803) 974-9352,,,,9365 Old Number Six Hwy,,Santee,SC,29142,,,,,,,,,Yes,,,,,,,,,,,,,,,,,,,,,,,,,,,,,
Piggley Wiggley ,,3766,,,8035347708,,,,1645 Russell St,,Orangeburg,SC,29115,,,,,,,,,No,,,,,,,,,,,,,,,,,,,,,,,,,,,,,
Piggly Wiggly,,877,Chuck,Fogle,8032473015,,,,6611 Savannah Hwy,,Neeses,SC,29107,,,,,,,,,No,,,,,,,,,,,,,,,,,,,,,,,,,,,,,
Piggly Wiggly - Office,,8497,Chuck ,Fogle,(803) 535-2930,,,Neeses Office,5500 Neeses Hwy,,Neeses,South Carolina,29107,,,,,,,,,Yes,,,,,,,,,,,,,,,,,,,,,,,,,,,,,
Piggly Wiggly of Orangeburg,,8395,Chuck,Fogle,(803) 662-9263,,,,2060 Columbia Rd,,Orangeburg,South Carolina,29118-2472,,,,,,,,,Yes,,,,,,,,,,,,,,,,,,,,,,,,,,,,,
Piggly Wiggly St Matthews,,8312,Chad ,Jenkins,(843) 909-4675,chadjenkins@thepig.net,,,615 Harry C Raysor Dr,,St Matthews,South Carolina,29135-1486,Gary,Johns,(803) 806-2430,garyjones@thepig.net,Owner,,,,Yes,,,,,,,,,,,,,,,,,,,,,,,,,,,,,
Pilgrim Baptist Church,,3445,,,8036820016,,,,4830 Jones Bridge Rd,,Blackville,SC,29817,,,,,,,,,No,,,,,,,,,,,,,,,,,,,,,,,,,,,,,
Pinckney Mitchum,,4182,,,8034963743,,,,1126 Harvey Street,,Holly Hill,SC,29059,,,,,,,,,No,,,,,,,,,,,,,,,,,,,,,,,,,,,,,
Pine Ridge Elderly Housing,,176,,,,,,,600 Greenwave Blvd,,Summerville,SC,29483,,,,,,,,,No,,,,,,,,,,,,,,,,,,,,,,,,,,,,,
PineHill Fire Department,,7925,Mikaela ,Johnson,(803) 378-3333,,,,120 Todd Creek,,Neeses,SC,29118,,,,,,,,,Yes,,,,,,,,,,,,,,,,,,,,,,,,,,,,,
Pinehill United Methodist Church,,6179,Bonni,Livingston,(803) 837-0806,bonnibl@email.com,,,4002 Neeses Hwy,,Orangeburg,SC,29115,,,,,,,,,Yes,,,,,,,,,,,,,,,,,,,,,,,,,,,,,
Pinese Gilmore,,1846,,,8038403408,,,,1251 Cleveland St,,Elloree,SC,,,,,,,,,,No,,,,,,,,,,,,,,,,,,,,,,,,,,,,,
Pineview Mobile Home Park,,2726,Greg,Peraino,8035366166,gregoryperaino@yahoo.com,,,130 Kim St,,Orangeburg,SC,29039,,,,,,,,,No,,,,,,,,,,,,,,,,,,,,,,,,,,,,,
Pioneer Credit,,3635,,,,,,,1984 Carolina Ave,,Orangeburg,SC,29115,,,,,,,,,No,,,,,,,,,,,,,,,,,,,,,,,,,,,,,
Pioneer Farm Equipment,,4055,Pioneer,Farm Equipment,(803) 536-9411,,,,847 Big Buck Blvd,,,SC,,,,,,,,,,No,,,,,,,,,,,,,,,,,,,,,,,,,,,,,
Platinum Express,,1400,Clarissa,Clark,8034762871,,,,3143 Bass Drive,,Holly Hill,SC,29059,,,,,,,,,No,,,,,,,,,,,,,,,,,,,,,,,,,,,,,
Plax Inc/SMS Sports World,,211,Mike,Journey,8035347529,,,,1136 Orangeburg Mall  ,,Orangeburg,SC,29115,,,,,,,,,No,,,,,,,,,,,,,,,,,,,,,,,,,,,,,
Plishette Nelson,,4234,,,8036643366,,,,131 Palm Harbor Drive,,Orangeburg,SC,29115,,,,,,,,,No,,,,,,,,,,,,,,,,,,,,,,,,,,,,,
Poles,,4947,,,,,,,,,,,,,,,,,,,,No,,,,,,,,,,,,,,,,,,,,,,,,,,,,,
Polly Fanning ,,5735,,,8033170554,,,,4478 Neeses Hwy,,Neeses,SC,29107,,,,,,,,,No,,,,,,,,,,,,,,,,,,,,,,,,,,,,,
Pooser's BP Station,,2173,Yvonne,Pooser,8035346745,,,,1225 Boulevard St. NE,,Orangeburg,SC,29115,,,,,,,,,No,,,,,,,,,,,,,,,,,,,,,,,,,,,,,
Pooser's Muffler,,1533,Pooser's,Muffler,(803) 534-5468,,,,1183 Boulevard St,,Orangeburg,SC,29115,,,,,,,,,No,,,,,,,,,,,,,,,,,,,,,,,,,,,,,
Porchia Burroughs,,5908,Porchia,Burroughs,(803) 974-1719,porchia58@gmail.com,,, Cantey Drive,232,Santee,SC,29142,,,,,,,,,Yes,,,,,,,,,,,,,,,,,,,,,,,,,,,,,
Porsche Gaffney,,3366,,,8033873353,,,,1331 penn rd orangeburg sc,,Orangeburg,SC,29115,,,,,,,,,No,,,,,,,,,,,,,,,,,,,,,,,,,,,,,
Porsha Mays,,2547,,,8033477583,,,,192 Garmay Lane,,Orangeburg,SC,29915,,,,,,,,,No,,,,,,,,,,,,,,,,,,,,,,,,,,,,,
Porter Bull,,2120,,,8034963309,,,,326 Planters Trace Rd.,,Santee,SC,29142,,,,,,,,,No,,,,,,,,,,,,,,,,,,,,,,,,,,,,,
Porter Bull,,3601,,,,,,,326 Planters Trace Road,,Santee,SC,29142,,,,,,,,,No,,,,,,,,,,,,,,,,,,,,,,,,,,,,,
Power Tel,,4195,,,,,,,,,,,,,,,,,,,,No,,,,,,,,,,,,,,,,,,,,,,,,,,,,,
Praise Of God Church      ,,522,,,,,,,9038 Old Number Six Hwy       ,,Santee,SC,29142,,,,,,,,,No,,,,,,,,,,,,,,,,,,,,,,,,,,,,,
Prakash Patel,,1336,Prakash,Patel,(803) 570-9353,,,,1045 Moultrie Dr.,,Santee,SC,29142,,,,,,,"#fiberCustomer, #residential",,No,,,,,,,,,,,,,,,,,,,,,,,,,,,,,
Premier Home Care,,5411,,,8436964993,,,,186 Barcelona Dr,,Santee,SC,,,,,,,,,,No,,,,,,,,,,,,,,,,,,,,,,,,,,,,,
Premier Motor Company,,1269,Premier,Motor Company,(803) 245-7200,,,,PO Box 505,,Bamberg,SC,29003,,,,,,,,,No,,,,,,,,,,,,,,,,,,,,,,,,,,,,,
Prentis & Jerlyne McDonald,,663,,,8038973078,,,,206 Heatleys End Rd,,Santee,SC,29142,,,,,,,,,No,,,,,,,,,,,,,,,,,,,,,,,,,,,,,
Preston Avinger,,1489,,,8036641182,,,,2703 Cleavland St,Apt2,Elloree,SC,29047,,,,,,,,,No,,,,,,,,,,,,,,,,,,,,,,,,,,,,,
Prichard Salley and Associates,,177,,,,,,,792 Greene St,,Orangeburg,SC,29118,,,,,,,,,No,,,,,,,,,,,,,,,,,,,,,,,,,,,,,
Prickett Felder,,5234,,,8036820660,,,,,,,,,,,,,,,,,No,,,,,,,,,,,,,,,,,,,,,,,,,,,,,
Prime Materials Recovery,,2179,,,8035168455,,,,1082 Crosscreek Rd,,Orangeburg,SC,29115,,,,,,,,,No,,,,,,,,,,,,,,,,,,,,,,,,,,,,,
PrimeTime Anchor LLC,,5207,,,8038574116,,,,950b Chestnut Street,,Orangeburg,SC,29118,,,,,,,,,No,,,,,,,,,,,,,,,,,,,,,,,,,,,,,
Princess Rivera,,4389,,,8036268451,,,,221 Lakeland Circle,,Santee,SC,29142,,,,,,,,,No,,,,,,,,,,,,,,,,,,,,,,,,,,,,,
Princette Dantzler,,3938,,,8033830976,,,,237 Folly Rd,,Orangeburg,SC,29115,,,,,,,,,No,,,,,,,,,,,,,,,,,,,,,,,,,,,,,
Priority Home Medical,,1801,Lee,Wiles,8037075755,,,,991 Summers Ave,,Orangeburg,SC,29115,,,,,,,,,No,,,,,,,,,,,,,,,,,,,,,,,,,,,,,
Priscilla Brown,,5027,,,,,,,118 Doretha Marg Street,,Holly hill,SC,29059,,,,,,,,,No,,,,,,,,,,,,,,,,,,,,,,,,,,,,,
Priscilla C. Moorer,,1189,Priscilla,C. Moorer,(843) 560-2680,,,,181 Bear Branch Rd,,Reevesville,SC,29471,,,,,,,,,No,,,,,,,,,,,,,,,,,,,,,,,,,,,,,
Priscilla Moorer,,813,,,8039749876,,,,308 Wactor Dr,,Santee,SC,29142,,,,,,,,,No,,,,,,,,,,,,,,,,,,,,,,,,,,,,,
Priscilla Sumpter,,1247,,,8034965410,,,,147 Ruler Ln,,Holly Hill,SC,29059,,,,,,,,,No,,,,,,,,,,,,,,,,,,,,,,,,,,,,,
Priya Patel,,8013,Priya,Patel,(803) 974-0228,,,, Lakeland Circle,C7,Santee,SC,29142,,,,,,,,,Yes,,,,,,,,,,,,,,,,,,,,,,,,,,,,,
PRO-TEC Services,,178,,,,,,, 2680 Overland Ave. Suite E,, ,,,,,,,,,,,No,,,,,,,,,,,,,,,,,,,,,,,,,,,,,
ProMed Ambulance Service ,,494,,,8034786633,,,,P O Box 39 ,Bass Drive,Santee,SC,29142,,,,,,,,,No,,,,,,,,,,,,,,,,,,,,,,,,,,,,,
Prong Jeephimai,,1083,,,8038579341,,,,474 Woodland Terrace,,Elloree,SC,29047,,,,,,,,,No,,,,,,,,,,,,,,,,,,,,,,,,,,,,,
Propane Specialist,,1125,Propane,Specialist,(803) 308-2837,,,,1541 Neeses Hwy,,Orangeburg,SC,29115,,,,,,,,,No,,,,,,,,,,,,,,,,,,,,,,,,,,,,,
Providence Fire Station ,,2114,,,8432968607,,,,4773 Old State Rd,,Holly Hill,SC,29059,,,,,,,,,No,,,,,,,,,,,,,,,,,,,,,,,,,,,,,
Pure Gold Gentlemans Club,,5009,,,8432704206,,,,7719 Five Chop Road,,Santee,SC,29142,,,,,,,,,No,,,,,,,,,,,,,,,,,,,,,,,,,,,,,
Qentin Hills,,4461,,,8509331883,,,,2081 Robert st ,,Orangeburg ,SC,29115,,,,,,,,,No,,,,,,,,,,,,,,,,,,,,,,,,,,,,,
Quality Auto Brokers,,180,,,,,,,PO Box 2497,,Orangeburg,SC,29116,,,,,,,,,No,,,,,,,,,,,,,,,,,,,,,,,,,,,,,
Quality Inn,,4113,,,8035399955,,,,3671 St Matthews Rd,,Orangeburg,SC,,,,,,,,,,No,,,,,,,,,,,,,,,,,,,,,,,,,,,,,
Quality Inn Santee,,3603,Mike,Patel,(850) 510-8570,mike_patel@outlook.com,,,8929 Bass Dr,,Santee,SC,29142,JP,,(662) 347-0683,,,,,,No,,,,,,,,,,,,,,,,,,,,,,,,,,,,,
Quality Models of SC,,182,Quality,Models of SC,8035318823,,,,190 Global Drive,,Orangeburg,SC,29115,Adam,,(226) 347-4990,,,,,,No,,,,,,,,,,,,,,,,,,,,,,,,,,,,,
Quality Sales & Marketing,,183,,,8035311503,,,,3548 Marie St,PO Box 446,Orangeburg,SC,29116,,,,,,,,,No,,,,,,,,,,,,,,,,,,,,,,,,,,,,,
Quamaine Brown,,2712,,,8038543475,,,,900 Antioch Rd,,Santee,SC,29142,,,,,,,,,No,,,,,,,,,,,,,,,,,,,,,,,,,,,,,
Quanda Jefferson,,3897,,,8037472087,,,,5143 Five Chop Rd,,Cameron,SC,29030,,,,,,,,,No,,,,,,,,,,,,,,,,,,,,,,,,,,,,,
Quanda Jefferson,,4582,,,,,,,5143 five chop rd camron,,Camron,,29030,,,,,,,,,No,,,,,,,,,,,,,,,,,,,,,,,,,,,,,
Quanesha Simmons,,6005,Quanesha,Simmons,(843) 926-2909,,,,708 Presidential Drive,,Orangeburg,SC,29115,,,,,,,,,Yes,,,,,,,,,,,,,,,,,,,,,,,,,,,,,
Quastar Computer International Inc.,,271,,,7705640600,,,,1854 Corporate Dr. Suite 160,,Norcross,GA,30093,,,,,,,,,No,,,,,,,,,,,,,,,,,,,,,,,,,,,,,
Quattlebaum Law Firm,,3296,,,,,,, 108 North Parler Ave,,St George,SC,,,,,,,,,,No,,,,,,,,,,,,,,,,,,,,,,,,,,,,,
Quazit Phillips,,5965,Quazit,Phillips,(516) 838-0641,,,,702 Breezy Drive,,Orangeburg,SC,29115,,,,,,,,,Yes,,,,,,,,,,,,,,,,,,,,,,,,,,,,,
Quebrick Palmer,,8214,Quebrick,Palmer,(803) 378-9112,quebrickpalmer@gmail.com,,,202 Pee Dee Drive,,Santee,SC,29142,,,,,,,,,Yes,,,,,,,,,,,,,,,,,,,,,,,,,,,,,
Queen Esther Hamilton,,3054,,,8039379733,,,,107 Beady Blvd,,Santee,SC,29142,,,,,,,,,No,,,,,,,,,,,,,,,,,,,,,,,,,,,,,
Queen Fracier,,2911,,,8038292787,,,,228 Alpha Dr,,Bowman,SC,29018,,,,,,,,,No,,,,,,,,,,,,,,,,,,,,,,,,,,,,,
Queen Glover,,4186,Queen,Glover,(803) 878-6977,,,,125 Grassy Lane,,Bowman,SC,29018,,,,,,,,,No,,,,,,,,,,,,,,,,,,,,,,,,,,,,,
Queen Mack,,3622,Queen,Mack,(803) 747-5471,Sylvan.ave149@gmail.com,,,210 Laura Street,,Bowman,SC,29018,,,,,,,,,No,,,,,,,,,,,,,,,,,,,,,,,,,,,,,
Queens Little Angel Daycare,,959,Lagunita,Dukes,8038543435,,,,4507 Old Number six Hwy,,Santee,SC,29142,,,,,,,,,No,,,,,,,,,,,,,,,,,,,,,,,,,,,,,
Quentin Blanding,,5783,,,8038571940,,,,1811 Bonner Avenue,,Santee,SC,29142,,,,,,,,,No,,,,,,,,,,,,,,,,,,,,,,,,,,,,,
Quest Diagnostics,,1958,Jennifer,Williams,6784061323,jennifer.r.williams@questdiagnostics.com,,,500 Bass Drive,,Santee,SC,29142,,,,,,,,,No,,,,,,,,,,,,,,,,,,,,,,,,,,,,,
Quia Moore,,2445,,,7043407985,,,,515 Racetrack Rd,,Elloree,SC,29047,,,,,,,,,No,,,,,,,,,,,,,,,,,,,,,,,,,,,,,
Quick Lube,,2041,,,8035331332,,,,1391 Shillings Bridge Rd,,,,,,,,,,,,,No,,,,,,,,,,,,,,,,,,,,,,,,,,,,,
Quick Pantry,,6055,Quick,Pantry,(803) 974-1642,,,,9056 Old Number Six Hwy,,Santee,SC,29142,,,,,,,,,Yes,,,,,,,,,,,,,,,,,,,,,,,,,,,,,
Quick Pantry #8,,1827,Quick,Pantry #8,(803) 854-0200,,,,9052 Old Number Six Hwy.,,Santee,SC,29142,,,,,,,,,No,,,,,,,,,,,,,,,,,,,,,,,,,,,,,
Quinn Thomas,,8663,Quinn,Thomas,(803) 225-6448,andreaquinn.thomas@gmail.com,,,603 Santee Dr,,Santee,South Carolina,29142-8521,,,,,,,,,Yes,,,,,,,,,,,,,,,,,,,,,,,,,,,,,
Quinnette Littleton,,766,,,8034963153,,,,120 Anchovy Drive,,Holly Hill,SC,,,,,,,,,,No,,,,,,,,,,,,,,,,,,,,,,,,,,,,,
Quinnette Littleton,,2274,,,8033477979,,,,120 Anchovy Dr,,Holly Hill,SC,29059,,,,,,,,,No,,,,,,,,,,,,,,,,,,,,,,,,,,,,,
R,,1865,,,,,,,,,,,,,,,,,,,,No,,,,,,,,,,,,,,,,,,,,,,,,,,,,,
R&J Drugs,,5851,,,8032472133,,,,4633 Savannah Highway,,North,SC,29112,,,,,,,,,No,,,,,,,,,,,,,,,,,,,,,,,,,,,,,
R. B. Hutto Farm,,1297,Sara,Hutto,8034963491,,,,5718 Old State Rd.,,Holly Hill,SC,29059,,,,,,,,,No,,,,,,,,,,,,,,,,,,,,,,,,,,,,,
R. Dale Padgett MD PA,,2838,,,8036825796,,,,526 North St,,Bamberg,SC,29003,,,,,,,,,No,,,,,,,,,,,,,,,,,,,,,,,,,,,,,
Ra,,4121,,,,,,,,,,,,,,,,,,,,No,,,,,,,,,,,,,,,,,,,,,,,,,,,,,
Rachael Owens,,1127,Rachael,Owens,(803) 897-2722,,,,229 Mistyglen Road,,Elloree,SC,29047,,,,,,,,,No,,,,,,,,,,,,,,,,,,,,,,,,,,,,,
Rachel Britt,,4019,,,8039241630,,,,240 Corn St,,Bowman,SC,29018,,,,,,,,,No,,,,,,,,,,,,,,,,,,,,,,,,,,,,,
Rachel Carpenter,,4346,,,8036825373,,,,560 Calvery Church Road,,Neeses,SC,29107,,,,,,,,,No,,,,,,,,,,,,,,,,,,,,,,,,,,,,,
Rachel Carrillo,,5442,Rachel,Carrillo,8033836019,,,,133 Kurtfan ln,,Norway,SC,,,,,,,,,,No,,,,,,,,,,,,,,,,,,,,,,,,,,,,,
Rachel Fair,,8321,Rachel,Fair,(828) 747-9423,fairnrachel@hotmail.com,,, 139 Congaree Ct,,Santee,South Carolina,29142,,,,,,,,,Yes,,,,,,,,,,,,,,,,,,,,,,,,,,,,,
Rachel Gary,,543,,,8038544239,,,,144 December Rd,,Santee,SC,29142,,,,,,,,,No,,,,,,,,,,,,,,,,,,,,,,,,,,,,,
Rachel Ulmer,,6187,Rachel,Ulmer,(803) 378-7793,,,,419 Rigby Street,,Reevesville,SC,29471,,,,,,,,,Yes,,,,,,,,,,,,,,,,,,,,,,,,,,,,,
Rachelle Estrill,,2943,,,8033786551,,,,1775 Myers Rd,,Orangeburg,,29115,,,,,,,,,No,,,,,,,,,,,,,,,,,,,,,,,,,,,,,
Rachelle Gilmore,,2233,Rachelle,Gilmore,(910) 471-2453,,,,113 Laredo St,,Santee,SC,29142,,,,,,,"#fiberCustomer, #residential",,No,,,,,,,,,,,,,,,,,,,,,,,,,,,,,
Rachelle's Island  ,,2983,Fred,Holmes,8035316226,,,,891 Middleton Street,,Orangeburg,SC,29118,,,,,,,,,No,,,,,,,,,,,,,,,,,,,,,,,,,,,,,
Radio Communication Service,,121,Radio,Communication Service,8035160005,,,,487 Broughton St,,Orangeburg,SC,29115,,,,,,,,,No,,,,,,,,,,,,,,,,,,,,,,,,,,,,,
Radio Station WORG-FM,,184,,,,,,,1675 Chestnut St NE,,Orangeburg,SC,29115,,,,,,,,,No,,,,,,,,,,,,,,,,,,,,,,,,,,,,,
Rahonda simpon,,5691,,,8033084414,,,,210 Dukes lane,,Reevesville ,SC,,,,,,,,,,No,,,,,,,,,,,,,,,,,,,,,,,,,,,,,
Rahul Patel,,8079,Rahul ,Patel,(803) 460-3280,,,,142 William Clark Blvd,,Santee,SC,29142,,,,,,,,,Yes,,,,,,,,,,,,,,,,,,,,,,,,,,,,,
Ralo's Autos Inc,,185,,,,,,,1391 Shillings Bridge Road,,Orangeburg,SC,29115-8749,,,,,,,,,No,,,,,,,,,,,,,,,,,,,,,,,,,,,,,
Ralph Altwell,,5336,,,8432761018,,,,305 Santee Dr,,,SC,,,,,,,,"#fiberCustomer, #residential",,No,,,,,,,,,,,,,,,,,,,,,,,,,,,,,
Ralph Atwell,,5345,Ralph,Atwell,,ralphatwell@carolinaone.com,,,305 Santee dr,,Santee ,SC,,,,,,,,"#fiberCustomer, #residential",,No,,,,,,,,,,,,,,,,,,,,,,,,,,,,,
Ralph E Burt Jr,,4104,Ralph,E Burt Jr,(803) 974-9391,,,,401 Fairway Lane,,Santee ,SC,29142,,,,,,,,,No,,,,,,,,,,,,,,,,,,,,,,,,,,,,,
Ralph Middleton,,4376,,,,,,,215  Angelita st ,,Santee,SC,,,,,,,,,,No,,,,,,,,,,,,,,,,,,,,,,,,,,,,,
Ralph Stone,,1418,Ralph,Stone,8038543148,,,,100 Broad River Dr,,Santee,SC,29142,,,,,,,"#fiberCustomer, #residential",,No,,,,,,,,,,,,,,,,,,,,,,,,,,,,,
Ralph T. Crim,,855,,,8038972427,,,,450 Ulmer St.,,Elloree,SC,29047,,,,,,,,,No,,,,,,,,,,,,,,,,,,,,,,,,,,,,,
Ramona Ellis,,6190,Ramona,Ellis,(805) 479-1901,,,Home,117 Ballard Lane,,Santee,SC,29142,,,,,,,,,Yes,,,,,,,,,,,,,,,,,,,,,,,,,,,,,
Ramona Sanchez,,8509,Ramona,Sanchez,(205) 771-0585,,,,736 Striped Bass Ct,,Santee,SC,29142,,,,,,,,,Yes,,,,,,,,,,,,,,,,,,,,,,,,,,,,,
Ramona Smith,,5355,,,,,,,,,,,,,,,,,,,,No,,,,,,,,,,,,,,,,,,,,,,,,,,,,,
Ramsay Hawkins,,4122,,,8035395365,,,,1057 Deer Crossing Road,,Orangeburg,SC,29118,,,,,,,,,No,,,,,,,,,,,,,,,,,,,,,,,,,,,,,
Randal Breland,,8183,Randal,Breland,(813) 966-3053,rsbre1@yahoo.com,,,125 Cooper Circle,,Santee,SC,29142,,,,,,,,,Yes,,,,,,,,,,,,,,,,,,,,,,,,,,,,,
Randal Smoak,,4396,,,8035961895,,,,131 Bowman Ave,,Bowman,SC,29018,,,,,,,,,No,,,,,,,,,,,,,,,,,,,,,,,,,,,,,
Randall Canty,,5848,,,8036648005,,,,810 Antioch ,,Santee,SC,29142,,,,,,,,,No,,,,,,,,,,,,,,,,,,,,,,,,,,,,,
Randall Smith,,1998,,,8038972320,,,,537 Carriage Hill Rd,,Elloree,SC,29048,,,,,,,,,No,,,,,,,,,,,,,,,,,,,,,,,,,,,,,
Randell MacFarlane,,2964,,,,,,,107 Citation dr          ,,Elloree,SC,29047,,,,,,,,,No,,,,,,,,,,,,,,,,,,,,,,,,,,,,,
Randle Canty,,5461,,,8036648005,,,,810 Antioch rd,,Santee,SC,,,,,,,,,,No,,,,,,,,,,,,,,,,,,,,,,,,,,,,,
Randolph Gaillard,,2434,,,8034969808,,,,260 Outback Circle,,Holly Hill,SC,,,,,,,,,,No,,,,,,,,,,,,,,,,,,,,,,,,,,,,,
Randon Feinsod,,7965,Randon,Feinsod,(646) 515-7917,randonfeinsod@yahoo.com,,Service,615 Ballard Lane,615,Santee,SC,29142,,,,,,,,,Yes,,,,,,,,,,,,,,,,,,,,,,,,,,,,,
Randy Bozard,,799,,,8038293662,,,,3052 Reevesville Rd,,Bowman,SC,29018,,,,,,,,,No,,,,,,,,,,,,,,,,,,,,,,,,,,,,,
Randy Brooks,,2335,,,8034964005,,,,373 Harvard Ln,,Santee,SC,29142,,,,,,,,,No,,,,,,,,,,,,,,,,,,,,,,,,,,,,,
Randy Brown,,5416,,,8034964140,,,,392 Gallery Lane,,Vance ,SC,,,,,,,,,,No,,,,,,,,,,,,,,,,,,,,,,,,,,,,,
Randy Clark,,2828,,,8033080774,,,,2317 Rowesville Road,,Orangeburg,SC,,,,,,,,,,No,,,,,,,,,,,,,,,,,,,,,,,,,,,,,
Randy Douglas,,5026,,,8035331280,,,,487 Rutland Road,,Neeses,SC,,,,,,,,,,No,,,,,,,,,,,,,,,,,,,,,,,,,,,,,
Randy Essig,,2487,Randy,Essig,8166958288,,,,310 Santee dr ,,Santee,SC,29142,,,,,,,"#fiberCustomer, #residential",,No,,,,,,,,,,,,,,,,,,,,,,,,,,,,,
Randy Fanning ,,4852,,,,,,,,,,,,,,,,,,,,No,,,,,,,,,,,,,,,,,,,,,,,,,,,,,
Randy Hughes,,4491,,,8036644873,,,,1095 Moorer Rd,,Saint Matthews,,29135,,,,,,,,,No,,,,,,,,,,,,,,,,,,,,,,,,,,,,,
Randy Jenkins,,3316,,,8033473072,,,,111 Fordham Ct,,Vance,SC,29163,,,,,,,,,No,,,,,,,,,,,,,,,,,,,,,,,,,,,,,
Randy Jones,,8036,Randy,Jones,(305) 767-5764,,,,140 Magnolia Street,,Bowman,SC,29018,,,,,,,,,Yes,,,,,,,,,,,,,,,,,,,,,,,,,,,,,
Randy Jones,,1864,,,,,,,3791 Homestead Rd.,,Bowman,SC,29018,,,,,,,,,No,,,,,,,,,,,,,,,,,,,,,,,,,,,,,
Randy Phillips,,2592,,,8035154363,,,,514 Horizon Street,,Eutawville,SC,29048,,,,,,,,,No,,,,,,,,,,,,,,,,,,,,,,,,,,,,,
Randy Phillips,,1228,,,8037590211,,,,7223 Old Number Six Hwy,,Elloree,SC,29047,,,,,,,,,No,,,,,,,,,,,,,,,,,,,,,,,,,,,,,
Randy Shuler,,2776,Cindy,Shuler,(803) 410-0078,coshuler68@gmail.com,,,1030 Country Rd,,Bowman,SC,29018,,,,,,,,,No,,,,,,,,,,,,,,,,,,,,,,,,,,,,,
Randy Zimmerman,,5840,,,8036641698,,,,3421 Ninety 6 Rd,,Neeses,SC,29107,,,,,,,,,No,,,,,,,,,,,,,,,,,,,,,,,,,,,,,
Rapid Return Tax Service,,4205,Rapid,Return Tax Service,8035364929,,,,P O Box 394,,Orangeburg,SC,29116,,,,,,,,,No,,,,,,,,,,,,,,,,,,,,,,,,,,,,,
Rashaad Britt,,3294,,,8033780445,,,,750 Bowman Branch Hwy,,Bowman,SC,29018,,,,,,,,,No,,,,,,,,,,,,,,,,,,,,,,,,,,,,,
Rashanda Fairy,,3846,,,8035964462,,,,1819 Ellis Ave,,Orangeburg,SC,29118,,,,,,,,,No,,,,,,,,,,,,,,,,,,,,,,,,,,,,,
Ratesha Minus,,1960,,,8038293160,,,,731 Wayside Dr,,Bowman,SC,29018,,,,,,,,,No,,,,,,,,,,,,,,,,,,,,,,,,,,,,,
Raul Denis,,4143,Raul,Denis,8432513605,,,,1110 Moultrie Drive,,Santee,SC,29142,,,,,,,,,No,,,,,,,,,,,,,,,,,,,,,,,,,,,,,
Raven Garrett,,5260,Raven,Garrett,(803) 707-2460,,,,608 Santee Dr,,Santee,SC,29142,,,,,,,"#fiberCustomer, #residential",,No,,,,,,,,,,,,,,,,,,,,,,,,,,,,,
Rawleigh Motor Company,,4598,,,8039376887,,,,1393 Shillings Bridge Rd,,Orangeburg,SC,29115,,,,,,,,,No,,,,,,,,,,,,,,,,,,,,,,,,,,,,,
Ray Goodwin,,984,,,8034963183,,,,1855 Unity Rd,,Holly Hill,SC,29059,,,,,,,,,No,,,,,,,,,,,,,,,,,,,,,,,,,,,,,
Ray Tchoula,,8419,Ray,Tchoula,(410) 937-0825,raytchoula@gmail.com,,,143 Congaree Ct,,Santee,South Carolina,29142-9513,,,,,,,,,Yes,,,,,,,,,,,,,,,,,,,,,,,,,,,,,
Raymond Dieringer,,4574,Raymond,Dieringer,8038543629,,,,112 Wateree Dr,,Santee,SC,29142,,,,,,,"#fiberCustomer, #residential",,No,,,,,,,,,,,,,,,,,,,,,,,,,,,,,
Raymond or Vicky Howell,,7901,Raymond or Vicky,Howell,(803) 225-2712,,,,423 Santee Drive,,Santee,SC,29142,Raymond or Vicky,Howell,(803) 225-2712,,,,"#fiberCustomer, #residential",,Yes,,,,,,,,,,,,,,,,,,,,,,,,,,,,,
Raymond Smith,,295,,,8038544343,,,,910 Bonner Ave,,Santee,SC,29142,,,,,,,,,No,,,,,,,,,,,,,,,,,,,,,,,,,,,,,
Raymond Sprinkle,,1511,,,8643607790,,,,4163 Vance Rd,,Holly Hill,SC,29059,,,,,,,,,No,,,,,,,,,,,,,,,,,,,,,,,,,,,,,
Re'Shawn Shuler,,1248,,,8038542733,,,,9371 Old Number 6 Hwy,,Santee,SC,29142,,,,,,,,,No,,,,,,,,,,,,,,,,,,,,,,,,,,,,,
Readers Outlet,,505,,,8034787913,,,,9035 Old Number 6 Hwy,,Santee,SC,29142,,,,,,,,,No,,,,,,,,,,,,,,,,,,,,,,,,,,,,,
Reather Richburg,,1089,,,8034963452,,,,108 Maybell Lane,,Holly Hill,SC,29059,,,,,,,,,No,,,,,,,,,,,,,,,,,,,,,,,,,,,,,
Reba Whittle,,4279,Reba,Whittle,(843) 509-4607,,,,27 Peter Collinson Rd ,PO box 143 santee 29142,Santee,SC,29142,,,,,,,,,No,,,,,,,,,,,,,,,,,,,,,,,,,,,,,
Rebecca Betancourt,,8656,Rebecca,Betancourt,(616) 970-6686,rebeccabetancourt0802@gmail.com,,,129 William Clark Blvd,,Santee,South Carolina,29142-9507,,,,,,,,,Yes,,,9442,,,,,,,,,,,,,,,,,,,,,,,,,,
Rebecca Bruce,,1271,,,8033872504,,,,240 Adams St,,Bowman,SC,29018,,,,,,,,,No,,,,,,,,,,,,,,,,,,,,,,,,,,,,,
Rebecca Burrows,,1625,,,8038974909,,,,261 berniel Rd,,Elloree,SC,29047,,,,,,,,,No,,,,,,,,,,,,,,,,,,,,,,,,,,,,,
Rebecca Carter,,2852,,,,,,,31 Yenny Lane,,Elloree,SC,29047,,,,,,,,,No,,,,,,,,,,,,,,,,,,,,,,,,,,,,,
Rebecca Clossman,,1299,,,8038972790,,,,1098 Pickett level Rd,,Elloree,SC,29047,,,,,,,,,No,,,,,,,,,,,,,,,,,,,,,,,,,,,,,
Rebecca Fletcher,,3904,,,8036822519,,,,868 Butler Dr,,Neeses,SC,29107,,,,,,,,,No,,,,,,,,,,,,,,,,,,,,,,,,,,,,,
Rebecca Hall,,2261,Rebecca,Hall,8033082316,,,,132 Kevin Dr,,Santee,SC,29142,,,,,,,,,No,,,,,,,,,,,,,,,,,,,,,,,,,,,,,
Rebecca Hall (133 2nd St),,8457,Rebecca,Hall,(803) 747-0110,theonlyrebeccahall@gmail.com,,,133 2nd St,,Santee,SC,29142,,,,,,,,,Yes,,,,,,,,,,,,,,,,,,,,,,,,,,,,,
Rebecca LeGree,,8193,Rebecca,LeGree,(803) 823-2665,RLegree65@gmail.com,,,208 Pecan Street,,Cameron,SC,29030,,,,,,,,,Yes,,,,,,,,,,,,,,,,,,,,,,,,,,,,,
Rebecca Thompson,,870,,,8032496080,,,,988 Bonner Ave,,Santee,SC,29142,,,,,,,,,No,,,,,,,,,,,,,,,,,,,,,,,,,,,,,
Rebecca Toohey,,8192,Rebecca,Toohey,(616) 970-6686,rebecca.toohey@gmail.com,,,129 William Clark Boulevard,,Santee,SC,29142,,,,,,,,,Yes,,,,,,,,,,,,,,,,,,,,,,,,,,,,,
Recarshe Adgerson,,368,,,8033058214,,,,137 Brookstone Rd,,Santee,SC,29142,,,,,,,,,No,,,,,,,,,,,,,,,,,,,,,,,,,,,,,
"Red Horse Recovery & Towing, LLC",,8159,Susan ,Godley,(803) 571-0672,,,,5070 Myrtle Drive,,Santee,SC,29142,,,,,,,,,Yes,,,,,,,,,,,,,,,,,,,,,,,,,,,,,
Red Roof Inn,,1720,Peter,Patel,(803) 854-3122,,,,9091 Old number 6 Hwy,,Santee,SC,29142,,,,,,,,,No,,,,,,,,,,,,,,,,,,,,,,,,,,,,,
Reese Blankenship,,7894,Reese,Blankenship,(803) 308-4992,ReeseB@g.clemson.edu,,,8110 Old State Road,,Cameron,SC,29030,,,,,,,,,Yes,,,,,,,,,,,,,,,,,,,,,,,,,,,,,
Reevesville Baptist Church,,1549,,,8435631465,,,,Rigby St.,P O Box 86,Reevesville,SC,29471,,,,,,,,,No,,,,,,,,,,,,,,,,,,,,,,,,,,,,,
Reflections of You,,773,,,8033879459,,,,524 Bass Dr,,Santee,SC,29142,,,,,,,,,No,,,,,,,,,,,,,,,,,,,,,,,,,,,,,
Reggie Johnson,,4568,,,8037074739,,,,130 Arant Drive,,Bowman,SC,29018,,,,,,,,,No,,,,,,,,,,,,,,,,,,,,,,,,,,,,,
Reggie Mack,,8330,Reggie ,Mack,(803) 596-6654,Reggiemacksr06@gmail.com,,Home,611 Oliver St,,Bowman,South Carolina,29018-8564,,,,,,,,,Yes,,,,,,,,,,,,,,,,,,,,,,,,,,,,,
Reggie McCord,,3477,,,8036645602,,,,7172 Old Number 6 Hwy,,Elloree,SC,29047,,,,,,,,,No,,,,,,,,,,,,,,,,,,,,,,,,,,,,,
Reggie Smith,,4796,,,8035964848,,,,112 Gunshop Rd,,Neeeses,SC,29107,,,,,,,,,No,,,,,,,,,,,,,,,,,,,,,,,,,,,,,
Regi Jefferson,,5961,Regi,Jefferson,(843) 425-4125,,,,805 Antioch Road,,Santee,SC,29142,,,,,,,,,Yes,,,,,,,,,,,,,,,,,,,,,,,,,,,,,
Regina & Muhammad Lasane,,8665,Regina & Muhammad ,Lasane,(843) 330-5914,Rlasane92@gmail.com,,,624 Perch Ln,,Santee,South Carolina,29142-9525,,,,,,,,,Yes,,,,,,,,,,,,,,,,,,,,,,,,,,,,,
Regina & Muhammad LaSane,,8672,Regina & Muhammad ,LaSane,(843) 330-5914,Rlasane92@gmail.com,,,624 Perch Ln,,Santee,South Carolina,29142-9525,,,,,,,,,Yes,,,,,,,,,,,,,,,,,,,,,,,,,,,,,
Regina Richardson,,737,,,8034963736,,,,310 Caswell Lane,,Holly Hill,SC,29059,,,,,,,,,No,,,,,,,,,,,,,,,,,,,,,,,,,,,,,
Reginal Jefferson,,2616,,,8437145642,,,,805 Antioch Road,,Santee,SC,,,,,,,,,,No,,,,,,,,,,,,,,,,,,,,,,,,,,,,,
Reginald Jackson,,3475,,,8035391950,,,,135 Round O Road,,Eutawville,SC,29048,,,,,,,,,No,,,,,,,,,,,,,,,,,,,,,,,,,,,,,
Reginald Jamison,,3379,,,8035342448,,,,1565 Pinehurst St,,Orangeburg,SC,29115,,,,,,,,,No,,,,,,,,,,,,,,,,,,,,,,,,,,,,,
Reginald Parler,,4994,,,8038571514,,,,873 Antioch Rd,,Santee,SC,29142,,,,,,,,,No,,,,,,,,,,,,,,,,,,,,,,,,,,,,,
Reginald Profit,,1279,,,8038973104,,,,3314 Old State Road,,Santee ,SC,29142,,,,,,,,,No,,,,,,,,,,,,,,,,,,,,,,,,,,,,,
Regional Outpatient,,1378,,,8035348808,,,,1393 A Shillings Bridge Road,,Orangeburg,SC,,,,,,,,,,No,,,,,,,,,,,,,,,,,,,,,,,,,,,,,
REI Tactical LLC,,8184,Terri,Jones,(803) 506-7852,terri@REITactical.com,CEO,,1080 Moultrie Drive,,Santee,SC,29142,,,,,,,,,Yes,,,,,,,,,,,,,,,,,,,,,,,,,,,,,
Reinia Riva,,3811,,,8037073155,,,,169 Boyleston Pond Road,,Orangeburg,SC,29115,,,,,,,,,No,,,,,,,,,,,,,,,,,,,,,,,,,,,,,
Relax Inn,,,,,8032452012,,,,2834 Main Hwy,,Bamberg,SC,29003,,,,,,,#Hospitality,,No,,,,,,,,,,,,,,,,,,,,,,,,,,,,,
Remax,,186,,,,,,,906 Doyle Street,,Orangeburg,SC,29115,,,,,,,,,No,,,,,,,,,,,,,,,,,,,,,,,,,,,,,
Remax by the Lake,,187,,,,,,,P O Box 637,,Manning,SC,29102,,,,,,,,,No,,,,,,,,,,,,,,,,,,,,,,,,,,,,,
REMAX Realestate,,4014,,,,,,,906 Doyle Street,,,,,,,,,,,,,No,,,,,,,,,,,,,,,,,,,,,,,,,,,,,
Rembert Daniels,,4086,,,8033007530,,,,282 Fair Place St,,Elloree,SC,29047,,,,,,,,,No,,,,,,,,,,,,,,,,,,,,,,,,,,,,,
Renaulvo Goodwin,,4246,,,8039741110,,,,2031 Tee vee Road,,Elloree,SC,29047,,,,,,,,,No,,,,,,,,,,,,,,,,,,,,,,,,,,,,,
Renay Riggins,,2628,,,8033475913,,,,111 Habitat ln,,Santee,SC,29142,,,,,,,,,No,,,,,,,,,,,,,,,,,,,,,,,,,,,,,
Renay Vail,,6354,Renay,Vail,(803) 347-5913,Tavi_801@yahoo.com,,,111 Habitat Lane,,Santee,SC,29142,,,,,,,,,Yes,,,,,,,,,,,,,,,,,,,,,,,,,,,,,
Rene Cannon,,2666,,,8436074407,,,,90 Ecspert Ln,,Saint Matthews,SC,29135,,,,,,,,,No,,,,,,,,,,,,,,,,,,,,,,,,,,,,,
Rene Charbonneau,,2463,,,5087632233,,,,46 B Andre Micheux Road,,Santee,SC,29142,,,,,,,,,No,,,,,,,,,,,,,,,,,,,,,,,,,,,,,
Rene Leblanc,,6074,Rene,Leblanc,(978) 337-0619,,,,46 Andre Michaux Road,,Santee,SC,29142,Anne,Banks,(803) 271-4635,,,,,,Yes,,,,,,,,,,,,,,,,,,,,,,,,,,,,,
Renee Burt,,8194,Renee, Burt,(803) 242-1992,rrburt1995@gmail.com,,,116 Kicks Lane,,Santee,SC,29142,,,,,,,,,Yes,,,,,,,,,,,,,,,,,,,,,,,,,,,,,
Renee Jackson,,1114,Renee,Jackson,(803) 682-1093,,,,576 West Hampton Street,,Elloree,SC,29047,,,,,,,,,No,,,,,,,,,,,,,,,,,,,,,,,,,,,,,
Renee Roberson,,2752,,,8438342195,,,,186 Childrens Lane,,Bowman,SC,29018,,,,,,,,,No,,,,,,,,,,,,,,,,,,,,,,,,,,,,,
Renee Wolpert,,2353,,,8437082623,,,,301 First Street,,Eutawville,SC,29048,,,,,,,,,No,,,,,,,,,,,,,,,,,,,,,,,,,,,,,
Renne Oliver ,,3522,,,,,,,Toney Bay Road,,Holly Hill,SC,29059,,,,,,,,,No,,,,,,,,,,,,,,,,,,,,,,,,,,,,,
Renne Oliver,,3523,,,,,,,Toney Bay Road,,Holly Hill,SC,29059,,,,,,,,,No,,,,,,,,,,,,,,,,,,,,,,,,,,,,,
ReShawn Shuler,,5099,ReShawn,Shuler,(803) 857-9969,Geraldineshuler2@gmail.com,,,9367 Old Number Six Highway,,Santee,SC,29142,,,,,,,,,No,,,,,,,,,,,,,,,,,,,,,,,,,,,,,
Retina Consultants,,2625,,,8035334415,,,,125 Express Lane,,Orangeburg,SC,29118,,,,,,,,,No,,,,,,,,,,,,,,,,,,,,,,,,,,,,,
Rev Sanka Davis Sr.,,4729,,,8038292715,,,,2184 Bowman Branch Highway,,Bowman,SC,29018,,,,,,,,,No,,,,,,,,,,,,,,,,,,,,,,,,,,,,,
Revelations Outdoor Management,,942,,,8039570551,,,,2044 Industural Blvd,,Lexington,SC,29072,,,,,,,,,No,,,,,,,,,,,,,,,,,,,,,,,,,,,,,
Rex Nestor,,1861,Rex,Nestor,,,,New Home,406 Santee Dr,,Santee,South Carolina,29142-9305,Susan,,(803) 664-4429,,,,"#fiberCustomer, #residential",,No,,,,,,,,,,,,,,,,,,,,,,,,,,,,,
Reynolds Advance Materials,,3288,,,,,,,,,,,,,,,,,,,,No,,,,,,,,,,,,,,,,,,,,,,,,,,,,,
Reynolds Advanced Materials of SC,,3289,,,8038549018,,,,Old # 6 Hwy,,Santee,SC,29142,,,,,,,,,No,,,,,,,,,,,,,,,,,,,,,,,,,,,,,
Rhett Long,,5303,,,8039844834,,,,216 Green Street,,Santee,SC,29142,,,,,,,"#fiberCustomer, #residential",,No,,,,,,,,,,,,,,,,,,,,,,,,,,,,,
Rhinehart & Summers CPA,,21,Chip,Summers,(803) 536-6866,,,,1120 Doyle St,,Orangeburg ,SC,29115,,,,,,,,,No,,,,,,,,,,,,,,,,,,,,,,,,,,,,,
Rhonda Brown,,2745,,,8035963871,,,,218 Last dr,,Orangeburg ,SC,29018,,,,,,,,,No,,,,,,,,,,,,,,,,,,,,,,,,,,,,,
Rhonda Ellis,,8250,Rhonda,Ellis,(608) 481-0175,,,,129 Wateree Drive,,Santee,SC,29142,,,,,,,,,Yes,,,,,,,,,,,,,,,,,,,,,,,,,,,,,
Rhonda Etheridge,,4835,,,8034646423,,,,410 Breezy Dr,,Orangeburg,SC,29115,,,,,,,,,No,,,,,,,,,,,,,,,,,,,,,,,,,,,,,
Rhonda Frey,,8182,Rhonda,Frey,(859) 529-1234,hersheylab1@gmail.com,,,1110 Moultrie Drive,,Santee,SC,29142,,,,,,,,,Yes,,,,,,,,,,,,,,,,,,,,,,,,,,,,,
Rhonda Haddock,,1647,,,8033782487,,,,316 Happy Hollow Rd,,Branchville,SC,,,,,,,,,,No,,,,,,,,,,,,,,,,,,,,,,,,,,,,,
Rhonda Reynolds,,1096,,,8038972786,,,,712 Pickett Level Rd,,Elloree,SC,29047,,,,,,,,,No,,,,,,,,,,,,,,,,,,,,,,,,,,,,,
Rhonda Robinson,,7966,Rhonda,Robinson,(803) 533-8753,,,,1131 County Road O C - 2303,,North,SC,29112,,,,,,,,,Yes,,,,,,,,,,,,,,,,,,,,,,,,,,,,,
Rhonda Thompson,,2399,,,8038292092,,,,2727 Reevesville Rd,,Bowman,SC,,,,,,,,,,No,,,,,,,,,,,,,,,,,,,,,,,,,,,,,
Rhoneisha Morton,,1883,,,8034923549,,,,202 Yearling Dr,,Eutawville,SC,29048,,,,,,,,,No,,,,,,,,,,,,,,,,,,,,,,,,,,,,,
Ribble Eskridge,,1798,,,8036820318,,,,620 Hampton St,,Elloree,SC,,,,,,,,,,No,,,,,,,,,,,,,,,,,,,,,,,,,,,,,
Rich Johnson,,6174,Rich,Johnson,(304) 254-4280,,,,601 Ballard Lane,,Santee,SC,29142,,,,,,,,,Yes,,,,,,,,,,,,,,,,,,,,,,,,,,,,,
Richard Armenia,,6280,Richard,Armenia,(803) 504-6655,,,,211 2nd Street,,Santee,SC,29142,,,,,,,"#fiberCustomer, #residential",,Yes,,,,,,,,,,,,,,,,,,,,,,,,,,,,,
Richard B Hutto Jr,,3415,,,8034964448,,,,3614 Bass Dr,,Holly Hill,SC,,,,,,,,,,No,,,,,,,,,,,,,,,,,,,,,,,,,,,,,
Richard Bellemare ,,4573,Richard,Bellemare ,(803) 974-1602,,,,7620 Old nubmber 6 Hwy ,,Santee,SC,29142,,,,,,,,,No,,,,,,,,,,,,,,,,,,,,,,,,,,,,,
Richard Betsill,,5760,,,8032907750,,,,3636 Homestead Rd,,Bowman,SC,29018,,,,,,,,,No,,,,,,,,,,,,,,,,,,,,,,,,,,,,,
Richard Bochette,,769,,,8034964506,,,,675 Park St,,Elloree,SC,29047,,,,,,,,,No,,,,,,,,,,,,,,,,,,,,,,,,,,,,,
Richard Bush,,1554,,,8034961269,,,,138 Pritcher Dr,,Holly Hill,SC,29059,,,,,,,,,No,,,,,,,,,,,,,,,,,,,,,,,,,,,,,
Richard Cancro,,2473,Richard,Cancro,8433273324,,,,367 Green Street,,Santee,SC,,,,,,,,"#fiberCustomer, #residential",,No,,,,,,,,,,,,,,,,,,,,,,,,,,,,,
Richard Clawson,,2546,,,7167536348,,,,147 Park Ridge Road,,Elloree,SC,29047,,,,,,,,,No,,,,,,,,,,,,,,,,,,,,,,,,,,,,,
Richard Estep,,4799,,,9192651030,,,,431 Ballards Lane,,Santee,SC,29142,,,,,,,,,No,,,,,,,,,,,,,,,,,,,,,,,,,,,,,
Richard Felske,,6100,Richard,Felske,,,,,1000 Methodist Oaks Drive,Walsh Building- APT 103,Orangeburg,SC,29115,,,,,,,,,Yes,,,,,,,,,,,,,,,,,,,,,,,,,,,,,
Richard Franklin,,2915,,,8035312546,,,,1753 Mcqueen Blvd,,Orangeburg,SC,,,,,,,,,,No,,,,,,,,,,,,,,,,,,,,,,,,,,,,,
Richard Grindle,,315,,,8039740362,,,,1090 Chapel Branch Rd,,Santee,SC,29142,,,,,,,,,No,,,,,,,,,,,,,,,,,,,,,,,,,,,,,
Richard Hill,,1113,Richard,Hill,8038266677,,,,3047 Old Number Six Hwy,P.O. Box 194,Elloree,SC,29047,,,,,,,,,No,,,,,,,,,,,,,,,,,,,,,,,,,,,,,
Richard Hinkle,,514,,,8038542736,,,,117 Cooper Dr          ,,Santee,SC,29142,,,,,,,"#fiberCustomer, #residential",,No,,,,,,,,,,,,,,,,,,,,,,,,,,,,,
Richard Holmes,,8460,Richard,Holmes,(843) 834-7750,,,,116 Congaree Ct,,Santee,South Carolina,29142-9513,,,,,,,,,Yes,,,,,,,,,,,,,,,,,,,,,,,,,,,,,
Richard Hunter,,5537,Richard,Hunter,(843) 873-2343,sukihunter@gmail.com,,,413 Santee Drive,,Santee,SC,29118,,,,,,,"#fiberCustomer, #residential",,No,,,,,,,,,,,,,,,,,,,,,,,,,,,,,
Richard Incontro,,3096,,,8038544532,,,,333 Santee Dr,,Santee,SC,29142,Cindy,Beckett,(909) 225-0955,,,,"#fiberCustomer, #residential, #VoIP",,No,,,,,,,,,,,,,,,,,,,,,,,,,,,,,
Richard J Combs,,592,Richard,J Combs,(803) 837-1173,rickcombse4@gmail.com,,,221 Pinewood Drive,,Santee,SC,29142,,,,,,,"#fiberCustomer, #residential",,No,,,,,,,,,,,,,,,,,,,,,,,,,,,,,
Richard Jennings,,3661,,,,,,,217 GreatView Road,,Neeses,SC,29107,,,,,,,,,No,,,,,,,,,,,,,,,,,,,,,,,,,,,,,
Richard Johnson,,2411,,,8039711014,,,,1231 Warren St,,Holly Hill,SC,29059,,,,,,,,,No,,,,,,,,,,,,,,,,,,,,,,,,,,,,,
Richard Keenum,,1412,,,8434600997,,,,149 Saluda Dr,,Santee,SC,,,,,,,,"#fiberCustomer, #residential",,No,,,,,,,,,,,,,,,,,,,,,,,,,,,,,
Richard Lehtonen,,8129,Richard,Lehtonen,(843) 709-6170,sandratessier82@gmail.com,,,30 Andre Michaux Road,,Santee,SC,29142,Sandra,Tessier,(843) 709-6170,sandratessier82@gmail.com,,,,,Yes,,,,,,,,,,,,,,,,,,,,,,,,,,,,,
Richard Lussier (current resident),,7923,Richard,Lussier,(843) 259-1010,,,,18 Andre Michaux Road,,Santee,SC,29142,,,,,,,,,Yes,,,,,,,,,,,,,,,,,,,,,,,,,,,,,
Richard Middleton,,5081,,,8036640558,,,,8293 Old State Road,,Cameron,SC,29030,,,,,,,,,No,,,,,,,,,,,,,,,,,,,,,,,,,,,,,
Richard Nickel,,1024,Amanda,.,8038232291,,,,136 Snipe Lane,,Cameron,SC,29030,,,,,,,,,No,,,,,,,,,,,,,,,,,,,,,,,,,,,,,
Richard Pooser,,1965,,,,,,,PO Box 1648,,Orangeburg,SC,29116,,,,,,,,,No,,,,,,,,,,,,,,,,,,,,,,,,,,,,,
Richard Pritcher,,745,Richard,Pritcher,(803) 496-4660,,,,353 Hutto Market Rd    ,,Vance         ,SC,29163,,,,,,,,,No,,,,,,,,,,,,,,,,,,,,,,,,,,,,,
Richard Ravenell,,2019,Richard,Ravenell,(803) 707-8945,,,,125 Ragin Lane,,Santee,SC,29142,,,,,,,,,No,,,,,,,,,,,,,,,,,,,,,,,,,,,,,
Richard Roark,,609,,,8435601056,,,,100 Whetsell Street,,Reevesville,SC,,,,,,,,,,No,,,,,,,,,,,,,,,,,,,,,,,,,,,,,
Richard Salley,,1800,,,8035348021,,,,2562 Neeses Hwy,,Orangeburg,SC,29115,,,,,,,,,No,,,,,,,,,,,,,,,,,,,,,,,,,,,,,
Richard Schuman,,1168,,,,,,,121 Oak Hollow Dr,,Santee,SC,29142,,,,,,,,,No,,,,,,,,,,,,,,,,,,,,,,,,,,,,,
Richard Scott,,5217,,,7274653637,,,,113 Wateree Dr,,Santee,SC,,,,,,,,"#fiberCustomer, #residential",,No,,,,,,,,,,,,,,,,,,,,,,,,,,,,,
Richard Seymour,,4768,,,9143917076,,,,145 Saluda Dr,,Santee,SC,29142,,,,,,,"#fiberCustomer, #residential",,No,,,,,,,,,,,,,,,,,,,,,,,,,,,,,
Richard Shuler,,3438,,,8036649555,,,,725 Santee River Rd,,Santee,SC,29142,,,,,,,,,No,,,,,,,,,,,,,,,,,,,,,,,,,,,,,
Richard Snipes,,2881,,,8438301520,,,,36 Andrea Michaux,,Santee,SC,29142,,,,,,,,,No,,,,,,,,,,,,,,,,,,,,,,,,,,,,,
Richard Sweatman,,3079,,,8034966895,,,,640 Hesseman Ave,,Holly Hill,SC,29059,,,,,,,,,No,,,,,,,,,,,,,,,,,,,,,,,,,,,,,
Richard Washington,,1537,,,8036641557,,,,136 Slim Jim Road,,Santee,SC,29142,,,,,,,,,No,,,,,,,,,,,,,,,,,,,,,,,,,,,,,
Richard Zink,,2843,,,8038544569,,,,16 Peter collision Rd,,Santee,SC,29142,,,,,,,,,No,,,,,,,,,,,,,,,,,,,,,,,,,,,,,
Richardson Jefferson Law Firm,,4741,,,8437276604,,,,1017 Chuck Daully Blvd,,Mt Pleasant,SC,29464,,,,,,,,,No,,,,,,,,,,,,,,,,,,,,,,,,,,,,,
Richared Shuler,,4536,,,8039740441,,,,115 MistyGlen rd ,,Elloree ,SC,,,,,,,,,,No,,,,,,,,,,,,,,,,,,,,,,,,,,,,,
Richie Shuman,,624,,,8435633301,,,,6300 Badham Dr.,,Reevesville,SC,29471,,,,,,,,,No,,,,,,,,,,,,,,,,,,,,,,,,,,,,,
Rick Carpenter,,643,Rick,Carpenter,8038542987,,,,147 Wateree Dr,,Santee,SC,29142,Elizabeth,Carpenter,(803) 682-3333,,,,"#fiberCustomer, #residential",,No,,,,,,,,,,,,,,,,,,,,,,,,,,,,,
Rick Chess,,3930,,,7249446267,,,,470 Santee Drive,,Santee,SC,29142,,,,,,,"#fiberCustomer, #residential",,No,,,,,,,,,,,,,,,,,,,,,,,,,,,,,
Rick Dudarenke,,1399,,,8035366707,,,,3283 Pine Lane,,Orangeburg,SC,29115,,,,,,,,,No,,,,,,,,,,,,,,,,,,,,,,,,,,,,,
Rick Harper,,5104,,,5743866542,,,,22 Peter Colinson Road,,Santee,SC,,,,,,,,,,No,,,,,,,,,,,,,,,,,,,,,,,,,,,,,
Rick Sterchi,,6359,Rick,Sterchi,(804) 822-8133,rick4tn2@yahoo.com,,,141 Ballard Lane,141,Santee,SC,29142,,,,,,,,,Yes,,,,,,,,,,,,,,,,,,,,,,,,,,,,,
Rickey White,,1026,,,8038544630,,,,274 Bonner Ave,,Santee,SC,29142,,,,,,,,,No,,,,,,,,,,,,,,,,,,,,,,,,,,,,,
Rico Dixon,,3044,,,8039281211,,,,166 dickson st,,Orangeburg,SC,29115,,,,,,,,,No,,,,,,,,,,,,,,,,,,,,,,,,,,,,,
Ricolby Prince,,6201,Ricolby,Prince,(803) 290-1441,,,,135 WhisperWood Rd,,Cameron,SC,29030,,,,,,,,,Yes,,,,,,,,,,,,,,,,,,,,,,,,,,,,,
Riley Godwin,,657,Riley,Godwin,8037476619,,,,8219 Old State Rd,,Cameron,SC,29030,,,,,,,,,No,,,,,,,,,,,,,,,,,,,,,,,,,,,,,
Rion Carson,,590,,,8432000575,,,,309 Hampton St,,Elloree,SC,29047,,,,,,,,,No,,,,,,,,,,,,,,,,,,,,,,,,,,,,,
Rita Burchette,,6105,Teresa,Allard,(206) 384-5144,teresaallard10@gmail.com,,,117 Saluda Drive,,Santee,SC,29142,Vanessa,Rider,(318) 458-2236,,,,"#fiberCustomer, #residential",,Yes,,,,,,,,,,,,,,,,,,,,,,,,,,,,,
Rita Fleming,,2218,,,8035369998,,,,1650 Sparkleberry Hill,,Orangeburg,SC,29118,,,,,,,,,No,,,,,,,,,,,,,,,,,,,,,,,,,,,,,
Rita G Balliet,,2939,,,8434785597,,,,304 Broad River Dr,,Santee,SC,29142,,,,,,,"#fiberCustomer, #residential",,No,,,,,,,,,,,,,,,,,,,,,,,,,,,,,
Rita Lupton,,510,Rita,Lupton,(803) 854-9605,,,,471 Santee Drive    ,,Santee,SC,29142,,,,,,,"#fiberCustomer, #residential",,No,,,,,,,,,,,,,,,,,,,,,,,,,,,,,
Rivelon Baptist Church,,2579,,,8035342395,,,,395 Rivelon Rd,,Orangeburg,SC,29115,,,,,,,,,No,,,,,,,,,,,,,,,,,,,,,,,,,,,,,
Rivers Country Store,,3701,,,8038542965,,,,8851 Old Number Six Hwy     ,,Santee,SC,29142,,,,,,,,,No,,,,,,,,,,,,,,,,,,,,,,,,,,,,,
Rivers Country Store,,4962,Jigneshkumar,Desai,,,,,8851 Old Number 6 Hwy ,,Santee,SC,29142,,,,,,,,,No,,,,,,,,,,,,,,,,,,,,,,,,,,,,,
RL Culler Refrigeration,,3586,RL,Culler Refrigeration,(803) 534-6591,,,,165 Wall St,,Orangeburg,SC,29115,,,,,,,,,No,,,,,,,,,,,,,,,,,,,,,,,,,,,,,
Rob Clariday,,3352,,,8036067130,,,,1045 Edisto Ave,,Orangeburg,SC,29115,,,,,,,,,No,,,,,,,,,,,,,,,,,,,,,,,,,,,,,
Rob Hibbet,,8679,Rob,Hibbet,(803) 533-8901,,,,562 Summers Ave,,Orangeburg,South Carolina,29115-4849,,,,,,,,,Yes,,,,,,,,,,,,,,,,,,,,,,,,,,,,,
Rob Miller,,5673,,,8036642296,,,,95 Houcks Gin Road,,Elloree,SC,29047,,,,,,,,,No,,,,,,,,,,,,,,,,,,,,,,,,,,,,,
Rob Williams,,4025,,,,,,,Cheryl Ln,,Santee,SC,29142,,,,,,,,,No,,,,,,,,,,,,,,,,,,,,,,,,,,,,,
Rob Young,,8554,Rob,Young,(843) 603-0096,young2rob@gmail.com,,,1060 Chapel Branch Rd,,Santee,South Carolina,29142-9453,,,,,,,,,Yes,,,,,,,,,,,,,,,,,,,,,,,,,,,,,
Robert & Joy Shuler,,6146,Joy,Shuler,(803) 378-2705,,,,174 blume road,,Elloree,SC,29047,,,,,,,,,Yes,,,,,,,,,,,,,,,,,,,,,,,,,,,,,
Robert & Tammie Donahoe,,8387,Robert & Tammie,Donahoe,(304) 784-9685,tammie64b@gmail.com,,,407 Ballard Ln,,Santee,South Carolina,29142-8559,,,,,,,,,Yes,,,,,,,,,,,,,,,,,,,,,,,,,,,,,
Robert Abbott,,2892,Robert,Abbott,(419) 306-8160,,,,615 Ballard Lane,,Santee,SC,29142,,,,,,,,,No,,,,,,,,,,,,,,,,,,,,,,,,,,,,,
Robert Bennett,,2325,,,8648040048,,,,413 Ballard Ln,,Santee,SC,29142,,,,,,,,,No,,,,,,,,,,,,,,,,,,,,,,,,,,,,,
Robert Besok,,4828,,,8038542299,,,,142 Wateree Dr,,,SC,,,,,,,,"#fiberCustomer, #residential",,No,,,,,,,,,,,,,,,,,,,,,,,,,,,,,
Robert Boykin,,7889,Robert,Boykin,(864) 993-6785,,,,661 Plantation Dr,,Santee,SC,29142,,,,,,,,,Yes,,,,,,,,,,,,,,,,,,,,,,,,,,,,,
Robert Brown,,8179,Robert ,Brown,(803) 515-3677,RB7209060@gmail.com,,,112 Oak Hollow Drive,,Santee,SC,29142,,,,,,,,,Yes,,,,,,,,,,,,,,,,,,,,,,,,,,,,,
Robert Bryant & Son,,188,Robert,Bryant & Son,(803) 531-3034,,,,778 John C calhoun Dr,,Orangeburg,SC,29116,Robert, Bryant & Son,(803) 531-3034,,,,,,No,,,,,,,,,,,,,,,,,,,,,,,,,,,,,
Robert C McQuillan,,7942,Robert,McQuillian,(276) 233-0664,robertmcquillian@gmail.com,,,19 Andre Michaux Road,,Santee,SC,29142,,,,,,,,,Yes,,,,,,,,,,,,,,,,,,,,,,,,,,,,,
Robert C. Gordon D.D.S,,189,,,,,,,157 Centre Street,,Orangeburg,SC,29115,,,,,,,,,No,,,,,,,,,,,,,,,,,,,,,,,,,,,,,
Robert Chavis,,4137,,,8036711880,,,,431 Ironwood Drive,,Blackville,SC,29817,,,,,,,,,No,,,,,,,,,,,,,,,,,,,,,,,,,,,,,
Robert Clark,,1419,Robert,Clark,8038544618,,,,105 Wateree Annex,,Santee,SC,29142,,,,,,,"#fiberCustomer, #residential",,No,,,,,,,,,,,,,,,,,,,,,,,,,,,,,
Robert Clark,,1444,,,,,,,105 Wateree Annex,,Santee,SC,29142,,,,,,,"#fiberCustomer, #residential",,No,,,,,,,,,,,,,,,,,,,,,,,,,,,,,
Robert Clemons,,1022,,,8033474132,,,,115 Kenai Drive,,Santee,SC,29142,,,,,,,,,No,,,,,,,,,,,,,,,,,,,,,,,,,,,,,
Robert Cleveland  ,,742,Robert,Cleveland  ,8033476423,,,,109 Saluda Dr,,Santee,SC,29142,,,,,,,"#fiberCustomer, #residential",,No,,,,,,,,,,,,,,,,,,,,,,,,,,,,,
Robert Davenport,,8405,Robert,Davenport,(410) 845-1798,rlddkdsbd1@gmail.com,,,145 Congaree Ct,,Santee,South Carolina,29142-9513,,,,,,,,,Yes,,,,,,,,,,,,,,,,,,,,,,,,,,,,,
Robert Debose,,8400,Robert,Debose,(803) 651-3416,,,,214 Cooper Dr,,Santee,South Carolina,29142-9315,Kimberly,Smith,(803) 676-9384,,Landlord,,,,Yes,,,,,,,,,,,,,,,,,,,,,,,,,,,,,
Robert Dennelly,,3464,,,8036824073,,,,1340 Bonnette Rd,,Cope,SC,29038,,,,,,,,,No,,,,,,,,,,,,,,,,,,,,,,,,,,,,,
Robert DuBose,,5033,Robert,DuBose,(407) 497-8282,,,,474 Santee Drive,,Santee ,SC,,,,,,,,"#fiberCustomer, #residential",,No,,,,,,,,,,,,,,,,,,,,,,,,,,,,,
Robert Ellis,,1979,Robert,Ellis,8433440176,,,,775 Sleepy Hollow Dr,P.O. Box 673,Cameron,SC,29030,,,,,,,,,No,,,,,,,,,,,,,,,,,,,,,,,,,,,,,
Robert F Dukes,,2799,Robert,F Dukes,(803) 387-2404,,,New home,20 Peter Colinson Road,,Santee,SC,29142,,,,,,,"#fiberCustomer, #residential",,No,,,,,,,,,,,,,,,,,,,,,,,,,,,,,
Robert F Shuler,,3240,,,8038973950,,,,5507 Old Number Six Hwy,,Elloree,SC,29047,,,,,,,,,No,,,,,,,,,,,,,,,,,,,,,,,,,,,,,
Robert F Stroman,,2901,,,8039286154,,,,590 Magnolia St,,Bowman,SC,29018,,,,,,,,,No,,,,,,,,,,,,,,,,,,,,,,,,,,,,,
Robert Fulton,,3845,,,8037077226,,,,1031 Mrytle Drive,,Santee,SC,29142,,,,,,,,,No,,,,,,,,,,,,,,,,,,,,,,,,,,,,,
Robert Gardiner,,2786,Robert,Gardiner,8039374160,,,,131 Pineridge Road,,Elloree,SC,29047,,,,,,,,,No,,,,,,,,,,,,,,,,,,,,,,,,,,,,,
Robert Gatlin,,4052,Robert,Gatlin,(803) 793-5354,,,,115 Delk Ave,,Hilda,SC,29812,Julie,Gatlin,(803) 300-2338,,,,,,No,,,,,,,,,,,,,,,,,,,,,,,,,,,,,
Robert Grantham,,8203,Robert,Grantham,(843) 307-1056,rgrantham38@yahoo.com,,,48R Andre Michaux Road,Right,Santee,SC,29142,,,,,,,,,Yes,,,,,,,,,,,,,,,,,,,,,,,,,,,,,
Robert H Casper,,8482,Robert,Casper,(919) 641-0778,RobertCasper17L@gmail.com,,,17 Andre Michaux Rd,,Santee,South Carolina,29142-8303,,,,,,,,,Yes,,,,,,,,,,,,,,,,,,,,,,,,,,,,,
Robert Haddix,,6144,Robert,Haddix,(703) 431-4449,tallrob64@yahoo.com,,,216 Broad River Dr,,Santee,SC,29142,,,,,,,"#fiberCustomer, #residential",,Yes,,,,,,,,,,,,,,,,,,,,,,,,,,,,,
Robert Hill,,2336,,,8034963408,,,,1112 Gilway St.,,Holly Hill,SC,29059,,,,,,,,,No,,,,,,,,,,,,,,,,,,,,,,,,,,,,,
Robert Hubbard ,,5590,Robert,Hubbard ,(843) 607-1228,,,,103 Broad River Annex,,Santee ,SC,29142,,,,,,,"#fiberCustomer, #residential",,No,,,,,,,,,,,,,,,,,,,,,,,,,,,,,
Robert Humberg,,4326,,,8037071354,,,,2525 Fairway Dr,,,SC,,,,,,,,,,No,,,,,,,,,,,,,,,,,,,,,,,,,,,,,
Robert Johnson,,6092,Robert,Johnson,(803) 308-3312,,,,,,,,,,,,,,,,,Yes,,,,,,,,,,,,,,,,,,,,,,,,,,,,,
Robert Jones,,483,Robert,Jones,8038972866,,,,602 Hampton St ,,Elloree,SC,29047,,,,,,,,,No,,,,,,,,,,,,,,,,,,,,,,,,,,,,,
Robert Kern,,6239,Robert,Kern,(843) 729-1779,,,Home,333 Santee Drive,,Santee,SC,29142,,,,,,,"#fiberCustomer, #residential",,Yes,,,,,,,,,,,,,,,,,,,,,,,,,,,,,
Robert Kronyak ,,2180,,,8038544004,,,,118 Cooper Dr.,,Santee,SC,29142,,,,,,,"#fiberCustomer, #residential",,No,,,,,,,,,,,,,,,,,,,,,,,,,,,,,
Robert L Sharpe,,3199,Robert,L Sharpe,(803) 347-3152,,,,106 Green St,,,SC,,,,,,,,"#fiberCustomer, #residential",,No,,,,,,,,,,,,,,,,,,,,,,,,,,,,,
Robert M. Grenier,,5294,,,8035169223,,,,816 Edisto Ave,,Orangeburg,SC,29118,,,,,,,,,No,,,,,,,,,,,,,,,,,,,,,,,,,,,,,
Robert MacDonald,,1859,,,8038973971,,,,108 Twisted Oak Trail,,Elloree,SC,29047,,,,,,,,,No,,,,,,,,,,,,,,,,,,,,,,,,,,,,,
Robert Mallue,,790,,,8038544636,,,,163 Misty Woods Dr.,,Elloree,SC,29047,,,,,,,,,No,,,,,,,,,,,,,,,,,,,,,,,,,,,,,
Robert Mangham,,8478,Robert,Mangham,(203) 641-0607,mangham929@gmail.com,,,130 Par Ct,,Santee,South Carolina,29142-9477,,,,,,,,,Yes,,,,,,,,,,,,,,,,,,,,,,,,,,,,,
Robert Mark,,7843,Robert,Mark,(719) 330-0000,,,,465 Hungerpiller Street,,Elloree,SC,29047,Margo,Lister,,,,,,,Yes,,,,,,,,,,,,,,,,,,,,,,,,,,,,,
Robert McCully,,190,,,,,,,255 Waterford Parkway,,Orangeburg ,SC,29118,,,,,,,,,No,,,,,,,,,,,,,,,,,,,,,,,,,,,,,
Robert McCurry,,191,,,,,,,1248 Lee Blvd,,Orangeburg ,SC,29118,,,,,,,,,No,,,,,,,,,,,,,,,,,,,,,,,,,,,,,
Robert Mcelfresh,,3331,,,8034108311,,,,2225 Tee Vee Td,,Elloree,SC,,,,,,,,,,No,,,,,,,,,,,,,,,,,,,,,,,,,,,,,
Robert Mims,,363,,,8438300537,,,,154 Soybean Dr.,,Holly Hill,SC,29059,,,,,,,,,No,,,,,,,,,,,,,,,,,,,,,,,,,,,,,
Robert Moore,,2215,,,8038544550,,,,7208 Vance Rd,,Bowman,SC,29018,,,,,,,,,No,,,,,,,,,,,,,,,,,,,,,,,,,,,,,
Robert Morris,,8098,Robert,Morris,(843) 240-9714,revrlmorris@gmail.com,,,,,,,,,,,,,,,,Yes,,,,,,,,,,,,,,,,,,,,,,,,,,,,,
Robert O Shuler,,1207,Robert O,Shuler,(803) 496-5580,,,,5672 Old State Rd ,,Holly Hill,SC,29059,,,,,,,,,No,,,,,,,,,,,,,,,,,,,,,,,,,,,,,
Robert Oliver,,503,,,8038549638,,,,44 Andre Michaux Road,,Santee,SC,29142,,,,,,,,,No,,,,,,,,,,,,,,,,,,,,,,,,,,,,,
Robert Parler,,2155,,,8039283264,,,,322 Orange Park Dr,,Orangeburg,SC,29115,,,,,,,,,No,,,,,,,,,,,,,,,,,,,,,,,,,,,,,
Robert Pittman,,3715,,,8039719017,,,,4665 Five Chop Road,,Cameron,SC,29030,,,,,,,,,No,,,,,,,,,,,,,,,,,,,,,,,,,,,,,
Robert Purvis,,1543,,,8036142015,,,,161 Santee Lumber Rd,,Santee,SC,29142,,,,,,,,,No,,,,,,,,,,,,,,,,,,,,,,,,,,,,,
Robert Riley Jr,,1058,,,8035343997,,,,382 Pin Oak St,,Orangeburg,SC,29115,,,,,,,,,No,,,,,,,,,,,,,,,,,,,,,,,,,,,,,
Robert Schubauer,,25,,,8034967022,,,,397 Bayview St.,,Holly Hill,SC,29059,,,,,,,,,No,,,,,,,,,,,,,,,,,,,,,,,,,,,,,
Robert Sharp,,3365,Robert,Sharp,8033518782,,,,106 Green St     ,,Santee,SC,29142,,,,,,,"#fiberCustomer, #residential",,No,,,,,,,,,,,,,,,,,,,,,,,,,,,,,
Robert Shaw,,3770,,,8432967092,,,,293 Roxborrough Dr,,Elloree,SC,29047,,,,,,,,,No,,,,,,,,,,,,,,,,,,,,,,,,,,,,,
Robert Small,,597,,,8038371918,,,,114 Cecelia St,,Santee,SC,,,,,,,,,,No,,,,,,,,,,,,,,,,,,,,,,,,,,,,,
Robert Stack,,1420,,,8432511695,,,,2039 Cleveland St.,,Elloree,SC,29047,,,,,,,,,No,,,,,,,,,,,,,,,,,,,,,,,,,,,,,
Robert Swetnam,,3142,,,8035359274,,,,461 Santee Dr ,,Santee,SC,29142,,,,,,,"#fiberCustomer, #residential",,No,,,,,,,,,,,,,,,,,,,,,,,,,,,,,
Robert Temple,,1743,,,8037363325,,,,504 Fort Motte Rd,,St. Matthews ,SC,,,,,,,,,,No,,,,,,,,,,,,,,,,,,,,,,,,,,,,,
Robert Thomas,,2459,,,8036829204,,,,1021 Huran lane,,Santee,SC,29142,,,,,,,,,No,,,,,,,,,,,,,,,,,,,,,,,,,,,,,
Robert Tyler,,3566,,,8035360501,,,,121 Haestad Court,,Neeses,SC,29107,,,,,,,,,No,,,,,,,,,,,,,,,,,,,,,,,,,,,,,
Robert W. Dukes Jr,,2663,,,8036825797,,,,416 Banbury Dr,,Branchville,SC,29432,,,,,,,,,No,,,,,,,,,,,,,,,,,,,,,,,,,,,,,
Robert Wactor,,7847,Robert,Wactor,(803) 664-1821,,,,391 Perry Clear St,,Orangeburg,SC,29118,,,,,,,,,Yes,,,,,,,,,,,,,,,,,,,,,,,,,,,,,
Robert Waring,,6259,Robert,Waring,(843) 926-8090,,,,603  Ballards Lane,,Santee,SC,29142,,,,,,,,,Yes,,,,,,,,,,,,,,,,,,,,,,,,,,,,,
Robert Washington,,5061,Robert,Washington,8037472655,,,,346 Willow Rd,,Orangeburg,SC,,,,,,,,,,No,,,,,,,,,,,,,,,,,,,,,,,,,,,,,
Robert Washington,,473,,,8038544707,,,,108 Hawkins St          ,,Santee,SC,29142,,,,,,,,,No,,,,,,,,,,,,,,,,,,,,,,,,,,,,,
Robert Williams,,1050,,,8038972027,,,,285 Carriage Hill Rd,,Elloree,SC,29047,,,,,,,,,No,,,,,,,,,,,,,,,,,,,,,,,,,,,,,
Robert Williams,,4024,,,8037596128,,,,133 Cheryl Lane,,Santee,SC,29142,,,,,,,,,No,,,,,,,,,,,,,,,,,,,,,,,,,,,,,
Robert Willis,,8285,Robert,Willis,(229) 269-1012,woodrowwillis23@gmail.com,,,155 William Clark Blvd,,Santee,South Carolina,29142-9507,,,,,,,,,Yes,,,,,,,,,,,,,,,,,,,,,,,,,,,,,
Robert Zangara,,5155,Robert,Zangara,(732) 754-4532,,,,540 Plantation dr,,Santee,SC,,,,,,,,,,No,,,,,,,,,,,,,,,,,,,,,,,,,,,,,
Roberta Butler,,2222,,,8037599061,,,,130 Elephant Road,,Santee,SC,,,,,,,,,,No,,,,,,,,,,,,,,,,,,,,,,,,,,,,,
Roberta Johnson,,2997,,,8034966914,,,,115 Citation Dr,,Elloree,SC,29047,,,,,,,,,No,,,,,,,,,,,,,,,,,,,,,,,,,,,,,
Roberts Howe,,4753,,,8033786698,,,,335 Wisperwood rd,,Camron,SC,29030,,,,,,,,,No,,,,,,,,,,,,,,,,,,,,,,,,,,,,,
Robin Aull,,5513,Robin,Aull,8036642296,,,,256 Wild Hearts Rd,,Cameron,SC,,,,,,,,,,No,,,,,,,,,,,,,,,,,,,,,,,,,,,,,
Robin Chavis,,3358,,,8035161265,,,,1502 bonnette rd,,Norway,SC,29038,,,,,,,,,No,,,,,,,,,,,,,,,,,,,,,,,,,,,,,
Robin Cook,,4076,,,8033781315,,,,2185 Slab Landing Road,,Neeses,SC,29107,,,,,,,,,No,,,,,,,,,,,,,,,,,,,,,,,,,,,,,
Robin Keitt,,1087,,,8038540033,,,,593 Resort St,,Santee,SC,29142,,,,,,,,,No,,,,,,,,,,,,,,,,,,,,,,,,,,,,,
Robin Maready,,5699,,,9192889912,,,,236 Sorin Circle,,Elloree,SC,29047,,,,,,,,,No,,,,,,,,,,,,,,,,,,,,,,,,,,,,,
Robin Martin,,4493,,,8435097282,,,,219 Sorin Circle,,Elloree,SC,29047,,,,,,,,,No,,,,,,,,,,,,,,,,,,,,,,,,,,,,,
Robin Pye,,7955,Robin,Pye,(843) 908-2474,,,,1075 Chapel Branch,,Santee,SC,29142,,,,,,,,,Yes,,,,,,,,,,,,,,,,,,,,,,,,,,,,,
Robin Romack,,2532,,,8034964867,,,,105 Russell St,,Holly Hill,SC,29059,,,,,,,,,No,,,,,,,,,,,,,,,,,,,,,,,,,,,,,
Robin Shuler,,2243,,,8035356150,,,,503 Avens Rd,,Bowman,SC,29018,,,,,,,,,No,,,,,,,,,,,,,,,,,,,,,,,,,,,,,
Robine Jackson,,1628,,,8435632668,,,,676 Cross Creek Rd,,Reevesville,SC,29471,,,,,,,,,No,,,,,,,,,,,,,,,,,,,,,,,,,,,,,
Robinson Real Estate Services Inc,,193,,,8035311717,,,,1992 St Matthews Rd,,Orangeburg,SC,29118,,,,,,,,,No,,,,,,,,,,,,,,,,,,,,,,,,,,,,,
Rock Hill AME Church,,1493,Wanda,.,8034967020,,,,405 Rock Hill Rd,,Vance ,SC,29163,,,,,,,,,No,,,,,,,,,,,,,,,,,,,,,,,,,,,,,
RockHill AME Church,,3612,,,,,,,405 Rock Hill Road,,Vance,SC,29163,,,,,,,,,No,,,,,,,,,,,,,,,,,,,,,,,,,,,,,
Rockland Industries,,2026,John,Ackry,8032452486,,,,486 Calhoun Dr,,Bamberg,SC,,,,,,,,,,No,,,,,,,,,,,,,,,,,,,,,,,,,,,,,
Rockland Industries,,702,Larry,Walsh,8032452486,,,,254 Calhoun Street,,Bamberg,SC,29003,,,,,,,,,No,,,,,,,,,,,,,,,,,,,,,,,,,,,,,
Rod Dantzler,,2385,,,8037079763,,,,509 Tradewinds St,,Orangeburg,SC,29115,,,,,,,,,No,,,,,,,,,,,,,,,,,,,,,,,,,,,,,
Rod Scott,,4586,,,8035317338,,,,,,,,,,,,,,,,,No,,,,,,,,,,,,,,,,,,,,,,,,,,,,,
Rodderick Crummell,,4527,,,8034966372,,,,7899 old number six hwy,,Santee,SC,29042,,,,,,,,,No,,,,,,,,,,,,,,,,,,,,,,,,,,,,,
Roderick Harris,,4973,Roderick,Harris,(703) 928-6831,,,,377 Green Street,,Santee,SC,29142,,,,,,,"#fiberCustomer, #residential",,No,,,,,,,,,,,,,,,,,,,,,,,,,,,,,
Roderick White,,3340,,,8037076709,,,,128 Milligan Rd,,Santee,SC,29142,,,,,,,,,No,,,,,,,,,,,,,,,,,,,,,,,,,,,,,
Rodney Beutel,,8501,Rodney,Beutel,(315) 586-3528,Beutelrj007@gmail.com,,,1010 Myrtle Dr,,Santee,South Carolina,29142-9413,,,,,,,,,Yes,,,,,,,,,,,,,,,,,,,,,,,,,,,,,
Rodney Bookart,,4564,,,8038973460,,,,246 Sorin Circle,,Elloree,SC,29047,,,,,,,,,No,,,,,,,,,,,,,,,,,,,,,,,,,,,,,
Rodney Chavis,,5082,,,8035089569,,,,227 Old Charleston Highway,,Barnwell,SC,29812,,,,,,,,,No,,,,,,,,,,,,,,,,,,,,,,,,,,,,,
Rodney Davis,,8368,Rodney,Davis,(803) 347-4190,,,,138 Goldenleaf Ln,,Orangeburg,South Carolina,29118-8600,,,,,,,,,Yes,,,,,,,,,,,,,,,,,,,,,,,,,,,,,
Rodney Howell,,3000,,,8033789138,,,,431 Langley Rd,,Orangeburg,SC,29115,,,,,,,,,No,,,,,,,,,,,,,,,,,,,,,,,,,,,,,
Rodney Jenkins,,3774,,,8034968364,,,,129 Brookstone Rd,,Santee,SC,29142,,,,,,,,,No,,,,,,,,,,,,,,,,,,,,,,,,,,,,,
Rodney Lucas,,5357,,,7048197029,,,,592 Indian rd ,,Bowman,SC,29018,,,,,,,,,No,,,,,,,,,,,,,,,,,,,,,,,,,,,,,
Rodney Morris,,6158,Rodney,Morris,,,,,833 Collins Avenue,,Hilda,SC,29812,,,,,,,,,Yes,,,,,,,,,,,,,,,,,,,,,,,,,,,,,
Rodney Richards,,5304,,,8038349495,,,,524 Dibble Street,,Bowman,SC,,,,,,,,,,No,,,,,,,,,,,,,,,,,,,,,,,,,,,,,
Rodney Tumbleston,,3140,,,8037079997,,,,1725 St. Matthews Road,,Orangeburg,SC,29118,,,,,,,,,No,,,,,,,,,,,,,,,,,,,,,,,,,,,,,
Roger Bennett,,2640,,,9194138178,,,,107 Wateree Annex,,Santee,SC,29142,,,,,,,"#fiberCustomer, #residential",,No,,,,,,,,,,,,,,,,,,,,,,,,,,,,,
Roger Sumpter Jr,,2929,,,8034104503,,,,107 Erica lane,,Elloree,SC,,,,,,,,,,No,,,,,,,,,,,,,,,,,,,,,,,,,,,,,
Roland Avinger (CPA),,1040,,,8035366224,,,,138 Centre St.,,Orangeburg,SC,29115,,,,,,,,,No,,,,,,,,,,,,,,,,,,,,,,,,,,,,,
Roland Hill Sr,,2958,,,8035359268,,,,1126 Schley St,,,SC,,,,,,,,,,No,,,,,,,,,,,,,,,,,,,,,,,,,,,,,
Roland Johnson,,356,,,8034963038,,,,704 Hesseman Ave.,,Holly Hill,SC,,,,,,,,,,No,,,,,,,,,,,,,,,,,,,,,,,,,,,,,
Rolla C Lieurance Jr,,8124,Rolla,Lieurance,(843) 288-1447,rlieura@gmail.com,,Service,8 Thomas Walter Circle,,Santee,SC,29142,,,,,,,,,Yes,,,,,,,,,,,,,,,,,,,,,,,,,,,,,
Roman Backhouse,,2790,,,8039280926,,,,2020 Whittaker St,,Orangeburg,SC,29115,,,,,,,,,No,,,,,,,,,,,,,,,,,,,,,,,,,,,,,
Romesse Haney,,2469,,,8034967687,,,,330 Tugtown Rd,,Holly Hill,SC,29059,,,,,,,,,No,,,,,,,,,,,,,,,,,,,,,,,,,,,,,
Ron Atkinson,,4998,Ron,Atkinson,4438643440,,,,477 Santee Dr,,Santee,SC,29142,,,,,,,"#fiberCustomer, #residential",,No,,,,,,,,,,,,,,,,,,,,,,,,,,,,,
Ron Bennett,,4920,,,8033470357,,,,1048 Doyle St,,Orangeburg ,SC,,,,,,,,,,No,,,,,,,,,,,,,,,,,,,,,,,,,,,,,
Ron Casselman,,5695,Ron,Casselman,8038373676,,,,38L Andre Michaux,,Santee,SC,29142,,,,,,,,,No,,,,,,,,,,,,,,,,,,,,,,,,,,,,,
Ron Grove,,3237,,,7705980807,,,,413 Ballard lane,,Santee,SC,29142,,,,,,,,,No,,,,,,,,,,,,,,,,,,,,,,,,,,,,,
Ron Huber,,4719,,,8037070872,,,,1419 Gue rd,, ,SC,,,,,,,,,,No,,,,,,,,,,,,,,,,,,,,,,,,,,,,,
Ron Meek,,518,Ron,Meek,(803) 857-9372,,,,127 Cooper Dr,,Santee,SC,29142,,,,,,,"#fiberCustomer, #residential",,No,,,,,,,,,,,,,,,,,,,,,,,,,,,,,
Ron Nester,,1215,,,8037077006,,,,1116 Peake St,,Holly Hill,SC,29059,,,,,,,,,No,,,,,,,,,,,,,,,,,,,,,,,,,,,,,
Ron Stanfield,,2267,Ron,Stanfield,8038543286,,,,33 Andre Michaux,,Santee,SC,29142,,,,,,,,,No,,,,,,,,,,,,,,,,,,,,,,,,,,,,,
Ronald Bernacki,,5052,Ronald,Bernacki,8434413891,,,,101 Wateree dr ,,Santee,SC,,,,,,,,"#fiberCustomer, #residential",,No,,,,,,,,,,,,,,,,,,,,,,,,,,,,,
Ronald Bradley,,2630,Ronald,Bradley,7313131214,,,,1313 Harvey St ,,Holly Hill ,SC,29059,,,,,,,,,No,,,,,,,,,,,,,,,,,,,,,,,,,,,,,
Ronald Cady,,1466,,,8038973670,,,,317 E Barkley St,,Elloree,SC,29047,,,,,,,,,No,,,,,,,,,,,,,,,,,,,,,,,,,,,,,
Ronald Heddle,,2293,,,8038544459,,,,490 Chapel Creek Dr,,Santee,SC,29142,,,,,,,,,No,,,,,,,,,,,,,,,,,,,,,,,,,,,,,
Ronald Hezekiah,,6048,Ronald,Hezekiah,(843) 302-2113,,,,223 Avocada Drive,,Santee,SC,29142,,,,,,,,,Yes,,,,,,,,,,,,,,,,,,,,,,,,,,,,,
Ronald Houser,,4464,Ronald,Houser,8038292400,,,,6649 Vance Road,,Bowman,SC,29018,,,,,,,,,No,,,,,,,,,,,,,,,,,,,,,,,,,,,,,
Ronald Murphy,,1326,Ronald,Murphy,8038540024,,,,1035 Park Dr.,,Santee,SC,29142,,,,,,,"#fiberCustomer, #residential",,No,,,,,,,,,,,,,,,,,,,,,,,,,,,,,
Ronald Osowicz,,1392,Ronald,Osowicz,(803) 308-1471,,,,120 Wateree Dr.,,Santee,SC,29142,,,,,,,"#fiberCustomer, #residential",,No,,,,,,,,,,,,,,,,,,,,,,,,,,,,,
Ronald Piatt ,,4264,,,8038543654,,,,208 3rd street ,,Santee,SC,29142,,,,,,,"#fiberCustomer, #residential",,No,,,,,,,,,,,,,,,,,,,,,,,,,,,,,
Ronald Poe        ,,502,,,8039749180,,,,37 Andre Michoux       ,,Santee,SC,29142,,,,,,,,,No,,,,,,,,,,,,,,,,,,,,,,,,,,,,,
Ronald Ravenell,,1468,,,8038549100,,,,117 Sanka Ct,,Santee,SC,29142,,,,,,,,,No,,,,,,,,,,,,,,,,,,,,,,,,,,,,,
Ronald Rigazio,,1917,,,8156188395,,,,215 Cooper Dr,,Santee,SC,29142,,,,,,,"#fiberCustomer, #residential",,No,,,,,,,,,,,,,,,,,,,,,,,,,,,,,
Ronald Shingler,,452,,,8034962637,,,,411 Jack Branch Rd      ,,Santee ,SC,29142,,,,,,,,,No,,,,,,,,,,,,,,,,,,,,,,,,,,,,,
Ronald Timmons,,5650,,,8037073473,,,,817 Crest Line Drive,,Orangeburg,SC,29115,,,,,,,,,No,,,,,,,,,,,,,,,,,,,,,,,,,,,,,
Ronald Upton,,377,,,8038545009,,,,590 Plantation Drive,,Santee,SC,29142,,,,,,,,,No,,,,,,,,,,,,,,,,,,,,,,,,,,,,,
Ronald Williams,,1557,,,2156879924,,,,350 salisberry rd,,Holly Hill,SC,29059,,,,,,,,,No,,,,,,,,,,,,,,,,,,,,,,,,,,,,,
Ronaldo Benjamin,,2125,,,,,,,,,,,,,,,,,,,,No,,,,,,,,,,,,,,,,,,,,,,,,,,,,,
Ronaldo Benjamin,,544,,,8038543714,,,,133 Big Phils Court,,Santee,SC,29142,,,,,,,,,No,,,,,,,,,,,,,,,,,,,,,,,,,,,,,
Ronda Etheridge,,6044,Ronda,Etheridge,(803) 662-0241,,,,4462 Cleveland Street,,Ellloree,SC,29047,,,,,,,,,Yes,,,,,,,,,,,,,,,,,,,,,,,,,,,,,
Ronn Washington,,7944,Ronn,Washington,(803) 290-2282,,,,1617 Bonner Ave,,Santee ,SC,29142,,,,,,,,,Yes,,,,,,,,,,,,,,,,,,,,,,,,,,,,,
Ronnie and Kelly Spires,,6319,Ronnie,Spires,(803) 707-0891,,,,6040 Dove Point Road,,Santee,SC,29142,Kelly,Spires,(803) 971-0921,,,,,,Yes,,,,,,,,,,,,,,,,,,,,,,,,,,,,,
Ronnie Disher,,5805,Ronnie,Disher,8435189648,,,,133 2nd Street,,Santee,SC,29142,,,,,,,"#fiberCustomer, #residential",,No,,,,,,,,,,,,,,,,,,,,,,,,,,,,,
Ronnie Mcgee,,4535,,,8039740463,,,,181 Woodcock Road,,Elloree,SC,,,,,,,,,,No,,,,,,,,,,,,,,,,,,,,,,,,,,,,,
Ronnie Motley,,8236,Ronnie,Motley,(803) 458-7478,,,,23 Peter Collinson Road,,Santee,SC,29142,Lucy,Motley,(843) 224-2210,,,,,,Yes,,,,,,,,,,,,,,,,,,,,,,,,,,,,,
Ronnie Seegars,,2965,,,8035313100,,,,760 Spring Street,,,SC,,,,,,,,,,No,,,,,,,,,,,,,,,,,,,,,,,,,,,,,
Ronnie Sikes,,3685,,,8035359522,,,,625 Hampton Street,,Elloree,SC,29047,,,,,,,,,No,,,,,,,,,,,,,,,,,,,,,,,,,,,,,
Ronshando Brown,,5700,,,8034964007,,,,2224 Tee Vee Rd,,Elloree,SC,29047,,,,,,,,,No,,,,,,,,,,,,,,,,,,,,,,,,,,,,,
Roosevelt Bradley,,2805,,,8032634744,,,,276 Playboy Club Rd,,Norway,SC,29113,,,,,,,,,No,,,,,,,,,,,,,,,,,,,,,,,,,,,,,
Roosevelt Gilmore,,6243,Roosevelt,Gilmore,(803) 854-3335,,,,111 Brookstone Road,,Santee,SC,29142,,,,,,,,,Yes,,,,,,,,,,,,,,,,,,,,,,,,,,,,,
Roosevelt White,,1811,,,8038549172,,,,7019 Five Chop Road,,Santee,SC,29142,,,,,,,,,No,,,,,,,,,,,,,,,,,,,,,,,,,,,,,
Rosa Brown,,7936,Rosa,Brown,(803) 974-1249,Rosabro@msn.com,,,180 Cantey Drive,212,Santee,SC,29142,,,,,,,,,Yes,,,,,,,,,,,,,,,,,,,,,,,,,,,,,
Rosa Guzman,,2356,Rosa,Guzman,8033786327,,,,177 Gwendolyn dr,,Elloree,SC,29047,,,,,,,,,No,,,,,,,,,,,,,,,,,,,,,,,,,,,,,
Rosa Malinder,,2220,Rosa,Malinder,(803) 378-3064,,,,270 Laura St,,Bowman,SC,29018,,,,,,,,,No,,,,,,,,,,,,,,,,,,,,,,,,,,,,,
Rosa Rach,,5444,Rosa,Rach,4435403472,,,,118 Cooper Dr,,Santee,SC,,,,,,,,"#fiberCustomer, #residential",,No,,,,,,,,,,,,,,,,,,,,,,,,,,,,,
Rosa Reid,,4477,Rosa,Reid,(803) 534-2213,,,,3185 Landing Way,,Orangeburg,SC,29118,,,,,,,,,No,,,,,,,,,,,,,,,,,,,,,,,,,,,,,
Rosa Taylor,,2032,,,8038375789,,,,161 Batan Ct.,,Elloree,SC,29047,,,,,,,,,No,,,,,,,,,,,,,,,,,,,,,,,,,,,,,
Rosa Williamson,,4837,,,8036822801,,,,918 Middle Willow Rd ,,Nesses,SC,,,,,,,,,,No,,,,,,,,,,,,,,,,,,,,,,,,,,,,,
Rosalia's,,1035,Kim,Sanchez,(803) 347-1206,,,,1058 Russel St,,Orangeburg,SC,29115,,,,,,,,,No,,,,,,,,,,,,,,,,,,,,,,,,,,,,,
Rosalie Carbon,,1704,Rosalie,Carbon,(803) 928-6627,,,,151 Saluda Dr,,Santee,SC,29142,,,,,,,"#fiberCustomer, #residential",,No,,,,,,,,,,,,,,,,,,,,,,,,,,,,,
Rosalie Gaillard,,5370,,,8032430140,,,,413 Sugar Hill Rd,,Holly Hill,SC,,,,,,,,,,No,,,,,,,,,,,,,,,,,,,,,,,,,,,,,
Rosalyn Davis,,5372,,,8039710531,,,,5050 Myrtle Dr,,Santee,SC,,,,,,,,,,No,,,,,,,,,,,,,,,,,,,,,,,,,,,,,
Rosalyn Jefferson,,3928,Rosalyn,Jefferson,8038576629,,,,906 Antioch Rd     ,P O Box 841   ,Santee,SC,29142,,,,,,,,,No,,,,,,,,,,,,,,,,,,,,,,,,,,,,,
Rosalyn Weathers,,946,,,8038292936,,,,3623 Homestead Rd,,Bowman,SC,29142,,,,,,,,,No,,,,,,,,,,,,,,,,,,,,,,,,,,,,,
Roscoe Davis,,2038,,,8038542741,,,,264 Sausalito Ct,,Santee,SC,,,,,,,,,,No,,,,,,,,,,,,,,,,,,,,,,,,,,,,,
Rose Britt,,4463,,,6787609439,,,,956 Woodbine Dr,,Orangeburg,SC,29115,,,,,,,,,No,,,,,,,,,,,,,,,,,,,,,,,,,,,,,
Rose Crawford,,3867,,,8039281463,,,,684 Miracle Drive,,Eutawville,SC,29048,,,,,,,,,No,,,,,,,,,,,,,,,,,,,,,,,,,,,,,
Rose Crawford,,3051,,,8039281365,,,,684 Miracle Dr,,Eutawville,SC,29048,,,,,,,,,No,,,,,,,,,,,,,,,,,,,,,,,,,,,,,
Rose Graham,,3064,,,8033875236,,,,1689 Goff Ave,,Orangeburg,SC,29115,,,,,,,,,No,,,,,,,,,,,,,,,,,,,,,,,,,,,,,
Roseann Glover,,3940,,,8039740977,,,,2269 Felderville rd,,Santee,SC,29142,,,,,,,,,No,,,,,,,,,,,,,,,,,,,,,,,,,,,,,
Roselyn Snell,,3388,,,8036646897,,,,876 bryan dr,,Orangeburg,SC,29115,,,,,,,,,No,,,,,,,,,,,,,,,,,,,,,,,,,,,,,
Ross Regadanz,,4916,Ross,Regadanz,(803) 759-0023,,,,116 Saluda Dr,,Santee,SC,,,,,,,,"#fiberCustomer, #residential",,No,,,,,,,,,,,,,,,,,,,,,,,,,,,,,
RossCopying Coffee,,5305,Jermaine,Jones,9802002218,,,,1996 Carolina Ave,,Orangeburg,SC,29118,,,,,,,,,No,,,,,,,,,,,,,,,,,,,,,,,,,,,,,
Rowlanda Mcclain,,4323,,,8034508388,,,,668 Collins Ave ,,Barnwell,SC,,,,,,,,,,No,,,,,,,,,,,,,,,,,,,,,,,,,,,,,
Roxanne Gilliard,,5939,Roxanna,Gilliard,(803) 496-4560,roxannegilliard@yahoo.com,,,310 Oriole Lane,,Holly Hill,SC,29059,,,,,,,,,Yes,,,,,,,,,,,,,,,,,,,,,,,,,,,,,
Roy Archer III,,633,,,7042674001,,,,141 Ballard Lane,,Santee,SC,19142,,,,,,,,,No,,,,,,,,,,,,,,,,,,,,,,,,,,,,,
Roy Carr,,5068,,,3255186048,,,,7432 A fivechop rd,,Santee,SC,,,,,,,,,,No,,,,,,,,,,,,,,,,,,,,,,,,,,,,,
Roy Dickson,,2757,,,8035354828,,,,1166 Hodson Dr,,,SC,,,,,,,,,,No,,,,,,,,,,,,,,,,,,,,,,,,,,,,,
Roy Kaple,,2649,,,8038744647,,,,809 Raysor Dr,,St Matthews ,SC,,,,,,,,,,No,,,,,,,,,,,,,,,,,,,,,,,,,,,,,
Roy Knight,,5767,,,8039378132,,,,201 Whetsell street,,Reevesville,SC,29471,,,,,,,,,No,,,,,,,,,,,,,,,,,,,,,,,,,,,,,
Roy Lindsey,,4717,Roy,Lindsley,8036822899,,,,901 middle willow rd ,,Neeses ,SC,29107,,,,,,,,,No,,,,,,,,,,,,,,,,,,,,,,,,,,,,,
Roy Norman,,4327,,,7132932794,,,,99 Wataree dr,,Santee,SC,29142,,,,,,,,,No,,,,,,,,,,,,,,,,,,,,,,,,,,,,,
Roy Sansbury,,3718,,,,,,,603 Santee Drive,,Santee,SC,29142,,,,,,,"#fiberCustomer, #residential",,No,,,,,,,,,,,,,,,,,,,,,,,,,,,,,
Roy Smith,,302,,,8033084073,,,,338 Browning Rd,,Elloree,SC,29407,,,,,,,,,No,,,,,,,,,,,,,,,,,,,,,,,,,,,,,
Royal Inn,,8063,Nilay,Patel,(704) 657-0606,patelnilay83@yahoo.com,,,8929 Old Number Six Highway,Bldg A,Santee,SC,29142,Mr.,Patel,(862) 684-6042,,,,,,Yes,,,,,,,,,,,,,,,,,,,,,,,,,,,,,
Royal Regency Inn Rock Hill,,8518,Mr.,Patel,(803) 493-0910,royalregency15@gmail.com,,,952 Riverview Rd,,Rock Hill,SC,29730,,,,,,,,,Yes,,,,,,,,,,,,,,,,,,,,,,,,,,,,,
Ruby Adkins,,4680,,,8034964604,,,,804 Wesgar Ave ,,Eutawville,SC,29048,,,,,,,,,No,,,,,,,,,,,,,,,,,,,,,,,,,,,,,
Ruby Williams,,6157,Ruby,Williams,(843) 668-0658,,,,163 Avocada Drive,,Santee,SC,29142,,,,,,,,,Yes,,,,,,,,,,,,,,,,,,,,,,,,,,,,,
Ruby-Collins,,3301,,,7705980807,,,,3047 Old State Rd,,Santee,SC,29142,,,,,,,,,No,,,,,,,,,,,,,,,,,,,,,,,,,,,,,
Rudean Dash,,5675,,,8033787614,,,,353 torring tow road,,Eutawville,SC,29048,,,,,,,,,No,,,,,,,,,,,,,,,,,,,,,,,,,,,,,
Rudy Steinhowser,,6242,Rudy,Steinhowser,(386) 559-3122,,,,77 Peter Collinson Road,,Santee,SC,29142,,,,,,,,,Yes,,,,,,,,,,,,,,,,,,,,,,,,,,,,,
Ruel and Rhonda Nelson,,7978,Ruel,Nelson,(503) 545-6664,Ruelnel@msn.com,,,530 Plantation Drive,,Santee,SC,29142,,,,,,,"#fiberCustomer, #residential",,Yes,,,,,,,,,,,,,,,,,,,,,,,,,,,,,
Rural Health Management,,1017,Isiah,Lineberry,8035353600,inc6370@bellsouth.net,,,1773 Village Park Dr,,Orangeburg,SC,,,,,,,,,,No,,,,,,,,,,,,,,,,,,,,,,,,,,,,,
Rushawn Montgomery,,8444,Rushawn,Montgomery,(803) 857-1900,rushawnmontgomery@gmail.com,,,131 Congaree Ct,,Santee,South Carolina,29142-9513,,,,,,,,,Yes,,,,,,,,,,,,,,,,,,,,,,,,,,,,,
Russ Milligan,,1021,,,,,,,109 Wateree Dr    ,,Santee,SC,29142,,,,,,,"#fiberCustomer, #residential",,No,,,,,,,,,,,,,,,,,,,,,,,,,,,,,
Russell Anderson,,1442,,,8033879451,,,,5465 Old Number Six Highway,,Elloree,SC,29142,,,,,,,,,No,,,,,,,,,,,,,,,,,,,,,,,,,,,,,
Russell Crews ,,3857,,,8033780611,,,,630 New Light Drive,,Orangeburg,SC,,,,,,,,,,No,,,,,,,,,,,,,,,,,,,,,,,,,,,,,
Russell Kanzenbach,,8174,Russell,Kanzenbach,(720) 252-5495,RKan2enbach@hotmail.com,,,157 Edisto Drive,,Santee,SC,29142,,,,,,,,,Yes,,,,,,,,,,,,,,,,,,,,,,,,,,,,,
Russell Middleton,,2263,Russell,Middleton,8036640010,,,,8263 Old State Rd,,Cameron,SC,29030,,,,,,,,,No,,,,,,,,,,,,,,,,,,,,,,,,,,,,,
Russell Morris,,1784,,,8033312544,,,,450 Zimmerman Place,,Cameron,SC,29030,,,,,,,,,No,,,,,,,,,,,,,,,,,,,,,,,,,,,,,
Russell Wiles,,3277,,,8038371849,,,,993 PICKET LEVEL RD,,Elloree,SC,29047,,,,,,,,,No,,,,,,,,,,,,,,,,,,,,,,,,,,,,,
Russlynn Herron,,5174,,,8039749653,,,,10 Yenny Ln,,Ellore,SC,,,,,,,,,,No,,,,,,,,,,,,,,,,,,,,,,,,,,,,,
Ruston Boland,,1148,,,8037075292,,,,360 Marion St.,,Elloree,SC,29047,,,,,,,,,No,,,,,,,,,,,,,,,,,,,,,,,,,,,,,
Rusty Brodie,,7961,Rusty,Brodie,(864) 689-1086,,,,22 Chestnut Bluff,,Cleveland,SC,29635,,,,,,,,,Yes,,,,,,,,,,,,,,,,,,,,,,,,,,,,,
Rusty Hewitt,,5587,Rusty,Hewitt,(803) 707-5065,,,,101 Broad River Annex,,Santee,SC,29142,,,,,,,"#fiberCustomer, #residential",,No,,,,,,,,,,,,,,,,,,,,,,,,,,,,,
Rusty Munn,,4821,,,,,,,122 Waterree Drive,,Santee,SC,29142,,,,,,,,,No,,,,,,,,,,,,,,,,,,,,,,,,,,,,,
Ruth & Robert MacDonald   ,,1847,,,,,,,108 Twisted Oak Trail  ,,Elloree,SC,,,,,,,,,,No,,,,,,,,,,,,,,,,,,,,,,,,,,,,,
Ruth Bligh-Willis,,8536,Ruth,Bligh-Willis,(609) 276-1061,,,,5 Thomas Walter Cir,,Santee,South Carolina,29142-8305,,,,,,,,,Yes,,,,,,,,,,,,,,,,,,,,,,,,,,,,,
Ruth Cantidate,,4776,,,8034103567,,,,170 Sweet Bay ln,,Santee,SC,29142,,,,,,,,,No,,,,,,,,,,,,,,,,,,,,,,,,,,,,,
Ruth Desorcy,,2544,,,8038540025,,,,363 Pinewood Dr,,Santee,SC,29142,,,,,,,,,No,,,,,,,,,,,,,,,,,,,,,,,,,,,,,
Ruth Horger,,2662,,,8037079220,,,,155 Crescent Oaks Ct,,Orangeburg,SC,29115,,,,,,,,,No,,,,,,,,,,,,,,,,,,,,,,,,,,,,,
Ruth Osteen,,4362,,,8036699502,,,,3119 Old Number Six Highway,,Elloree,SC,29047,,,,,,,,,No,,,,,,,,,,,,,,,,,,,,,,,,,,,,,
Ruth Vansant,,770,,,8038540265,,,,9 Thomas Walter Circle,,Santee,SC,29142,,,,,,,,,No,,,,,,,,,,,,,,,,,,,,,,,,,,,,,
Ruth Wright,,3208,,,8034101571,,,,204 Barkley St,,Eutawville,SC,29048,,,,,,,,,No,,,,,,,,,,,,,,,,,,,,,,,,,,,,,
RuthAnn Arnold,,2880,RuthAnn,Arnold,8036827844,,,,510 Lexington Road,,Elloree,SC,29047,,,,,,,,,No,,,,,,,,,,,,,,,,,,,,,,,,,,,,,
Ruther Barr,,5951,Ruther,Barr,(803) 897-2888,,,,284 Roosevelt St,,Elloree,SC,29047,,,,,,,,,Yes,,,,,,,,,,,,,,,,,,,,,,,,,,,,,
Ruthie M Thomas,,1795,,,8034965246,,,,128 Hopalong ln,,Vance,SC,29163,,,,,,,,,No,,,,,,,,,,,,,,,,,,,,,,,,,,,,,
Ruthy Guinyard,,2775,,,8033471018,,,,2003 Gramlin Road,,Orangeburg,SC,29115,,,,,,,,,No,,,,,,,,,,,,,,,,,,,,,,,,,,,,,
Ryan Barnes,,5214,Ryan,Barnes,(423) 327-1549,,,,479 Santee DR ,,Santee,,29142,,,,,,,"#fiberCustomer, #residential",,No,,,,,,,,,,,,,,,,,,,,,,,,,,,,,
Ryan Carstensen,,4553,,,,,,,105 Ballards Ln,Building F PHase2, ,SC,,,,,,,,,,No,,,,,,,,,,,,,,,,,,,,,,,,,,,,,
Ryan Fowler,,2124,,,8036148176,,,,303 nates Store Rd,,Cameron,SC,29030,,,,,,,,,No,,,,,,,,,,,,,,,,,,,,,,,,,,,,,
Ryan Haigler,,1006,Ryan,Haigler,8038232206,,,,185 Harvest Drive,,Cameron,SC,,,,,,,,,,No,,,,,,,,,,,,,,,,,,,,,,,,,,,,,
Ryan Haigler,,4427,,,,,,,185 Harvest Dr,,Camron ,SC,29030,,,,,,,,,No,,,,,,,,,,,,,,,,,,,,,,,,,,,,,
Ryan McKnight,,8568,Ryan,McKnight,(843) 607-6162,mcknightspecial@gmail.com,,,472 Santee Dr,,Santee,South Carolina,29142-9305,,,,,,,,,Yes,,,,,,,,,,,,,,,,,,,,,,,,,,,,,
Ryan Mims,,6264,Ryan,Mims,(843) 693-2289,,,,433 Santee Dr,,Santee,SC,29142,,,,,,,"#fiberCustomer, #residential",,Yes,,,,,,,,,,,,,,,,,,,,,,,,,,,,,
Ryan Moretti,,5989,Ryan,Moretti,,,,,210 Main St,,Reevesville,SC,29471,,,,,,,,,Yes,,,,,,,,,,,,,,,,,,,,,,,,,,,,,
Ryan Muolaney,,5697,,,8039740446,,,,7364 Five Chop ,,Santee,SC,29142,,,,,,,,,No,,,,,,,,,,,,,,,,,,,,,,,,,,,,,
Ryan Stack,,5955,Ryan,Stack,(803) 707-9058,,,,,,,,,,,,,,,,,Yes,,,,,,,,,,,,,,,,,,,,,,,,,,,,,
Ryan Tollfeson,,5402,,,8037077781,,,,5543 old number 6 hwy,,Elloree,SC,29047,,,,,,,,,No,,,,,,,,,,,,,,,,,,,,,,,,,,,,,
S,,4922,,,,,,,,,,,,,,,,,,,,No,,,,,,,,,,,,,,,,,,,,,,,,,,,,,
s,,1204,,,,,,,,,,,,,,,,,,,,No,,,,,,,,,,,,,,,,,,,,,,,,,,,,,
S & G Inc,,1076,,,,,,,P O Box 391     ,,Santee,SC,29142,,,,,,,,,No,,,,,,,,,,,,,,,,,,,,,,,,,,,,,
S & G Liquors,,6206,Bernard ,Goodwin,(803) 974-9230,,,,9101 Old Number Six Highway,,Santee,SC,29142,,,,,,,,,Yes,,,,,,,,,,,,,,,,,,,,,,,,,,,,,
S.C Nephrology & Hypertention,,979,Jess,.,3365801751,,,,1184 Orangeburg Mall Circle,,Orangeburg,SC,29115,,,,,,,,,No,,,,,,,,,,,,,,,,,,,,,,,,,,,,,
SaanviOfMayesville LLC,,8627,Harsh,Patel,(289) 707-1077,Ritozfreshmexicangrill@gmail.com,,Ritoz Fresh Mexican Grill,9054 Old Number Six Hwy,,Santee,South Carolina,29142-8621,,,,,,,,,Yes,,,,,,,,,,,,,,,,,,,,,,,,,,,,,
Saber Services,,194,Saber,Services,(803) 531-8811,,,,196 Broughton Street,,Orangeburg,SC,29115,,,,,,,,,No,,,,,,,,,,,,,,,,,,,,,,,,,,,,,
Sabrina Cantey,,4044,,,8034102051,,,,403 Casa Court,,Orangeburg,SC,29118,,,,,,,,,No,,,,,,,,,,,,,,,,,,,,,,,,,,,,,
Sabrina Carrigg,,6224,Sabrina,Carriage,(803) 845-0308,sabrinacarriage98@gmail.com,,,95 Robertson Circle,,Barnwell,SC,29812,,,,,,,,,Yes,,,,,,,,,,,,,,,,,,,,,,,,,,,,,
Sabrina Obrien,,3073,Sabrina,Obrien,8037078770,,,,39 Peter Collinson Rd,,Santee,SC,29142,,,,,,,,,No,,,,,,,,,,,,,,,,,,,,,,,,,,,,,
Sabrina Washington,,3745,,,8033788566,,,,367 Cardinal Rd,,Elloree,SC,29047,,,,,,,,,No,,,,,,,,,,,,,,,,,,,,,,,,,,,,,
Sacajawea Salley-ouwell,,5306,,,8037472116,,,,990 Oaklane  Dr,,Orangeburg,SC,29118,,,,,,,,,No,,,,,,,,,,,,,,,,,,,,,,,,,,,,,
Sadarius Lucas,,8136,Sadarius,Lucas,(706) 304-2767,sadariuslucas@gmail.com,,,171 William Clark Boulevard,,Santee,SC,29142,,,,,,,,,Yes,,,,,,,,,,,,,,,,,,,,,,,,,,,,,
Sadie Brown,,2538,,,8034928115,,,,116 Frankfort Ct,,Eutawville,SC,29048,,,,,,,,,No,,,,,,,,,,,,,,,,,,,,,,,,,,,,,
Sadie Walden,,4190,,,8038371167,,,,8096 Old Number Six Highway,,Santee,SC,29142,,,,,,,,,No,,,,,,,,,,,,,,,,,,,,,,,,,,,,,
SAFE Federal Credit Union,,5240,SAFE,Federal Credit Union,,,,,8835 Highway 6,,,SC,,Ryan ,Fowler,(803) 905-7547,,Assistance VP of IT,,,,No,,,,,,,,,,,,,,,,,,,,,,,,,,,,,
SAFE Federal Union,,2815,SAFE,Federal Union,(803) 972-1510,,,,8835 Old Number Six Hwy,,Santee,SC,29142,Thomas,,(803) 469-8600,,,,,,No,,,,,,,,,,,,,,,,,,,,,,,,,,,,,
Safe Inc Ministries,,5271,,,8035212373,,,,641 Lauren st,,Bowman,SC,,,,,,,,,,No,,,,,,,,,,,,,,,,,,,,,,,,,,,,,
Sai Mart,,2696,,,8037073126,,,,108 Whittaker Pkwy,,Orangeburg,SC,,,,,,,,,,No,,,,,,,,,,,,,,,,,,,,,,,,,,,,,
Saint Mark United Methodist Church - James Ravenell,,1796,,,8435639288,,,,1241 Saint Mark Bowman Rd,,Reevesville,SC,29477,,,,,,,,,No,,,,,,,,,,,,,,,,,,,,,,,,,,,,,
Saint Pauls Baptist Church,,8026,Dan,Myers,(803) 682-2687,,,,760 State Road S-38-181,,Orangeburg,SC,29115,Nita,,(803) 747-1936,,,,,,Yes,,,,,,,,,,,,,,,,,,,,,,,,,,,,,
Saint Pauls UMC,,2186,Harvey,Williamson,8039204747,,,,1356 Amelia St,,Orangeburg,SC,29115,,,,,,,,,No,,,,,,,,,,,,,,,,,,,,,,,,,,,,,
Saints Package & Party Shop,,949,,,8038543325,,,,P.O. Box 391,,Santee,SC,29042,,,,,,,,,No,,,,,,,,,,,,,,,,,,,,,,,,,,,,,
Sakaila Gilchrist,,4665,,,8035964729,,,,325 Stack ave ,,Elloree,,29047,,,,,,,,,No,,,,,,,,,,,,,,,,,,,,,,,,,,,,,
Sal Vicari,,8265,Sal,Vicari,(803) 616-0595,sdvicari@yahoo.com,,,207 Cooper Drive,,Santee,SC,29142,,,,,,,,,Yes,,,,,,,,,,,,,,,,,,,,,,,,,,,,,
Sallie Dentporch,,8622,Sallie,Dentporch,,,,,164 Haigler Cir,,Cameron,South Carolina,29030-8364,,,,,,,,,Yes,,,,,,,,,,,,,,,,,,,,,,,,,,,,,
Sallie Hammock,,7974,Sallie,Hammock,(678) 480-1930,Salliehammock@gmail.com,,,2526 West Cleveland Street,,Elloree,SC,29047,,,,,,,,,Yes,,,,,,,,,,,,,,,,,,,,,,,,,,,,,
Sally Coulliette,,1178,Sally,Coulliette,(803) 854-3348,,,,1115 Moultrie Drive,,Santee,SC,29142,,,,,,,"#fiberCustomer, #residential",,No,,,,,,,,,,,,,,,,,,,,,,,,,,,,,
Sally Sand,,3999,Sally,Sand,5135087641,,,,425 Lexington Street,,Elloree,SC,,,,,,,,,,No,,,,,,,,,,,,,,,,,,,,,,,,,,,,,
Salvation Army,,195,,,8035346805,,,,P.O. Box 958,813 Nottingham St.,Orangeburg,SC,29116,,,,,,,,,No,,,,,,,,,,,,,,,,,,,,,,,,,,,,,
Sam Dantzler,,1858,,,8038379433,,,,2034 Antioch rd,,Santee,SC,29142,,,,,,,,,No,,,,,,,,,,,,,,,,,,,,,,,,,,,,,
Sam Dyer,,2435,,,8033473859,,,,1400 Reevesville Road,,Bowman,SC,29018,,,,,,,,,No,,,,,,,,,,,,,,,,,,,,,,,,,,,,,
Sam Guthrie,,2242,,,8038542539,,,,10 R Andre Michaux Rd.,,Santee,SC,29142,,,,,,,,,No,,,,,,,,,,,,,,,,,,,,,,,,,,,,,
Sam Guthrie,,5167,,,8038544843,,,,,,,,,,,,,,,,,No,,,,,,,,,,,,,,,,,,,,,,,,,,,,,
Sam Shuler,,2376,,,8034963634,,,,879 Shuler Belt Rd,,Holly Hill,SC,29059,,,,,,,,,No,,,,,,,,,,,,,,,,,,,,,,,,,,,,,
Sam Stevens,,4628,,,8435095969,,,,236 Surfside dr,,Holly Hill ,SC,29059,,,,,,,,,No,,,,,,,,,,,,,,,,,,,,,,,,,,,,,
Samantha Brigman,,1310,,,8034960081,,,,308 Lanier Rd,,Holly Hill,SC,29059,,,,,,,,,No,,,,,,,,,,,,,,,,,,,,,,,,,,,,,
Samantha Cape,,6051,Samantha,Cape,(803) 974-9809,,,,7405 Old Number Six Highway,,Santee,SC,29142,,,,,,,,,Yes,,,,,,,,,,,,,,,,,,,,,,,,,,,,,
Samantha Dotson,,2797,,,4783209349,,,,3220 Homestead Rd,,Bowman ,SC,29018,,,,,,,,,No,,,,,,,,,,,,,,,,,,,,,,,,,,,,,
Samantha Farlow'moyd,,4873,,,,,,,,,,,,,,,,,,,,No,,,,,,,,,,,,,,,,,,,,,,,,,,,,,
Samantha Geddings,,2898,,,8034066889,,,,195 Sunset Drive,,Elloree,SC,29047,,,,,,,,,No,,,,,,,,,,,,,,,,,,,,,,,,,,,,,
Samantha Madden,,8385,Samantha,Madden,(703) 447-1099,samantha.madden@ymail.com,,,123 Ballard Ln,123,Santee,South Carolina,29142-8563,,,,,,,,,Yes,,,,,,,,,,,,,,,,,,,,,,,,,,,,,
Samantha Mayo,,5239,,,2522695032,,,,125 Twisted Oak Tr,,Elloree,SC,,,,,,,,,,No,,,,,,,,,,,,,,,,,,,,,,,,,,,,,
Samantha Mederos,,5740,Samantha,Mederos,8034680340,,,,123 Ballards Lane,,Santee,SC,29142,,,,,,,,,No,,,,,,,,,,,,,,,,,,,,,,,,,,,,,
Samantha Perkins,,8426,Samantha,Perkins,(843) 214-4146,samanthachristineperkins1998@gmail.com,,,110 Stono Cir,,Santee,South Carolina,29142-9512,,,,,,,,,Yes,,,,,,,,,,,,,,,,,,,,,,,,,,,,,
Samantha Pierson,,8643,Samantha,Pierson,(843) 926-5765,samguy2122@gmail.com,,,612 Perch Ln,,Santee,South Carolina,29142-9525,,,,,,,,,Yes,,,,,,,,,,,,,,,,,,,,,,,,,,,,,
Samantha Williams,,6286,Samantha,Williams,(270) 590-8229,samantha.williams242424@gmail.com,,Home,2408 Cleveland Street,,Elloree,SC,29047,,,,,,,,,Yes,,,,,,,,,,,,,,,,,,,,,,,,,,,,,
Samaria Gordon,,3257,,,8032904294,,,,226 Bill Salley Rd ,,Orangeburg,SC,29115,,,,,,,,,No,,,,,,,,,,,,,,,,,,,,,,,,,,,,,
Samaria Gordon,,3292,,,8032904294,,,,2251 Magnolia St,,Orangeburg,SC,29115,,,,,,,,,No,,,,,,,,,,,,,,,,,,,,,,,,,,,,,
Samaritan House,,1462,,,8035160088,,,,1580 Middleton St.,,Orangeburg,SC,29115,,,,,,,,,No,,,,,,,,,,,,,,,,,,,,,,,,,,,,,
Samella Jones,,2636,,,8035969545,,,,695 Hardware St,,Elloree,SC,29047,,,,,,,,,No,,,,,,,,,,,,,,,,,,,,,,,,,,,,,
Sammatha Mederons,,5729,,,,,,,123 m,,Santee ,SC,29142,,,,,,,,,No,,,,,,,,,,,,,,,,,,,,,,,,,,,,,
Samuel Brunson,,8480,Samuel,Brunson,(803) 236-4675,brunsonp@gmail.com,,,131 Green Ct,,Santee,South Carolina,29142-8672,,,,,,,,,Yes,,,,,,,,,,,,,,,,,,,,,,,,,,,,,
Samuel Gilliard ,,5510,,,8034101056,,,,1123 Dukenfield Drive,,Vance ,SC,29163,,,,,,,,,No,,,,,,,,,,,,,,,,,,,,,,,,,,,,,
Samuel Gilliard,,5511,,,8034101056,,,,1123 Dukenfield Drive,,Vance,SC,29163,,,,,,,,,No,,,,,,,,,,,,,,,,,,,,,,,,,,,,,
Samuel Herr,,361,,,8034960272,,,,405 Bayview St,,Holly Hill,SC,29059,,,,,,,,,No,,,,,,,,,,,,,,,,,,,,,,,,,,,,,
Samuel Jenkins,,836,,,8035137883,,,,1292 Saint Mark Bowman Rd,,Reevesville,SC,,,,,,,,,,No,,,,,,,,,,,,,,,,,,,,,,,,,,,,,
Samuel Richards,,2324,,,8034927290,,,,226 Ackerly Rd.,,Eutawville,SC,29048,,,,,,,,,No,,,,,,,,,,,,,,,,,,,,,,,,,,,,,
"Sanders Educational Services, LLC.",,6230,Sanders,"Educational Services, LLC.",(803) 535-6956,,,Business Location,1336 Grove Park Dr,209,Orangeburg,SC,29115,,,,,,,,,Yes,,,,,,,,,,,,,,,,,,,,,,,,,,,,,
Sanders Supply,,196,,,,,,,P O Box 506,,Bamberg,SC,29003,,,,,,,,,No,,,,,,,,,,,,,,,,,,,,,,,,,,,,,
Sandi Sehgal & Varun Sehgal,,5605,Sandi,Sehgal & Varun Sehgal,(478) 299-4612,,,,130 Green Street,,Santee,SC,29142,,,,,,,"#fiberCustomer, #residential",,No,,,,,,,,,,,,,,,,,,,,,,,,,,,,,
Sandida Glover,,1645,,,8033082499,,,,352 mohawk st,,Bowman,SC,,,,,,,,,,No,,,,,,,,,,,,,,,,,,,,,,,,,,,,,
Sandra Adgerson,,2641,Sandra,Adgerson,8038543310,,,,169 Mall St  ,,Santee ,SC,29142,,,,,,,,,No,,,,,,,,,,,,,,,,,,,,,,,,,,,,,
Sandra Betanzon,,7838,Sandra,Betanzon,(843) 751-3603,betanzonsandra331@gmail.com,,,120 Beardsley Drive,,Bowman,SC,29018,,,,,,,,,Yes,,,,,,,,,,,,,,,,,,,,,,,,,,,,,
Sandra Brantley,,6200,Sandra,Brantley,(803) 596-7559,,,,113 Misty Woods Drive,,Elloree,SC,29047,,,,,,,,,Yes,,,,,,,,,,,,,,,,,,,,,,,,,,,,,
Sandra Burt,,4562,,,8035312399,,,,1217 Stacey Bridge Rd,,Orangeburg,SC,29118,,,,,,,,,No,,,,,,,,,,,,,,,,,,,,,,,,,,,,,
Sandra Clossman,,5835,Sandra,Clossman,(803) 662-1063,,,,350 Stack Avenue,,Elloree,SC,,,,,,,,,,No,,,,,,,,,,,,,,,,,,,,,,,,,,,,,
Sandra Dameron,,8295,Sandra,Dameron,(215) 239-7885,svdameron@gmail.com,,,134 Congaree Ct,,Santee,SC,29142,,,,,,,,,Yes,,,,,,,,,,,,,,,,,,,,,,,,,,,,,
Sandra Hudson,,8513,Sandra,Hudson,(757) 274-7408,,,,4803 Misty Pine Ln,,Orangeburg,South Carolina,29118-9541,,,,,,,,,Yes,,,,,,,,,,,,,,,,,,,,,,,,,,,,,
Sandra Martinez,,3734,,,3525166040,,,,549 Avens Ct,,Bowman,SC,29018,,,,,,,,,No,,,,,,,,,,,,,,,,,,,,,,,,,,,,,
Sandra Mason,,1079,,,8032400576,,,,5125 Five Chop Rd,,Cameron,SC,29030,,,,,,,,,No,,,,,,,,,,,,,,,,,,,,,,,,,,,,,
Sandra Mattei,,8367,Sandra,Mattei,(803) 496-4403,jsmatt321@yahoo.com,,,1 James Lee Cir,,Santee,South Carolina,29142-8305,,,,,,,,,Yes,,,,,,,,,,,,,,,,,,,,,,,,,,,,,
Sandra Matthews,,358,,,8038540802,,,,491 Santee Dr.,,Santee,SC,29142,,,,,,,"#fiberCustomer, #residential",,No,,,,,,,,,,,,,,,,,,,,,,,,,,,,,
Sandra Mixson,,2978,,,8039729266,,,,132 Shuler St,,Santee,SC,29142,,,,,,,"#residential, #fiberCustomer",,No,,,,,,,,,,,,,,,,,,,,,,,,,,,,,
Sandra Muckelbaney,,4638,,,8034923318,,,,140 Tunita St,,Eutawville,SC,29048,,,,,,,,,No,,,,,,,,,,,,,,,,,,,,,,,,,,,,,
Sandra Murden ,,5528,Sandra,Murden ,8036821433,,,,442 Santee Drive,,Santee ,SC,29142,,,,,,,"#fiberCustomer, #residential",,No,,,,,,,,,,,,,,,,,,,,,,,,,,,,,
Sandra Rivers,,2338,,,8432606610,,,,128 Elephant Rd,,Santee,SC,29142,,,,,,,,,No,,,,,,,,,,,,,,,,,,,,,,,,,,,,,
Sandra Sellers,,3462,,,8503772831,,,,685 Wolfe St,,Elloree,SC,29047,,,,,,,,,No,,,,,,,,,,,,,,,,,,,,,,,,,,,,,
Sandra Shuler,,306,,,8039749394,,,,9365 Old #6 Hwy.,,Santee,SC,29142,,,,,,,,,No,,,,,,,,,,,,,,,,,,,,,,,,,,,,,
Sandra Sichi,,2235,Sandra,Sichi,8038543827,,,,4 Jonn Fothergill Circle,,Santee,SC,29142,,,,,,,,,No,,,,,,,,,,,,,,,,,,,,,,,,,,,,,
Sandra Stafford,,5560,,,3049239646,,,,6717 Charleston Hwy,,Bowman,SC,29018,,,,,,,,,No,,,,,,,,,,,,,,,,,,,,,,,,,,,,,
Sandra Strock,,2536,,,8038972456,,,,867 Midway Rd,,Elloree,SC,29047,,,,,,,,,No,,,,,,,,,,,,,,,,,,,,,,,,,,,,,
Sandra Wallace,,8645,Sandra,Wallace,(803) 664-0677,sandywal1@yahoo.com,,,181 Ballard Ln,,Santee,South Carolina,29142-8565,,,,,,,,,Yes,,,,,,,,,,,,,,,,,,,,,,,,,,,,,
Sandra Wimberly,,8521,Sandra,Wimberly,(803) 533-1317,,,,1165 Sheppard Rd,,Orangeburg,South Carolina,29118-1325,,,,,,,,,Yes,,,,,,,,,,,,,,,,,,,,,,,,,,,,,
Sandra Wise,,6029,Sandra,Wise,(803) 800-7303,,,,212 Cooper Drive,,Santee,SC,29142,Michael,Wise,(803) 497-2455,,,,"#fiberCustomer, #residential",,Yes,,,,,,,,,,,,,,,,,,,,,,,,,,,,,
Sandy Avinger,,833,,,8036641836,,,,105 Birdie Ct.,,Santee,SC,29142,,,,,,,,,No,,,,,,,,,,,,,,,,,,,,,,,,,,,,,
Sandy Dempsey,,1830,,,8035319979,,,,169 Ambassador Ln,,Orangeburg,SC,29118,,,,,,,,,No,,,,,,,,,,,,,,,,,,,,,,,,,,,,,
Sandy Lewis,,1566,,,8038974784,,,,4 Wildwood Ln,,Elloree,SC,29047,,,,,,,,,No,,,,,,,,,,,,,,,,,,,,,,,,,,,,,
Sandy Pendleton,,308,,,8038972371,,,,201 Browning Rd.,,Elloree,SC,29047,,,,,,,,,No,,,,,,,,,,,,,,,,,,,,,,,,,,,,,
Sandy Price,,6217,Sandy,Price,(843) 563-8187,,,,8603 Old State Road,,Holly Hill ,SC,,,,,,,,,,Yes,,,,,,,,,,,,,,,,,,,,,,,,,,,,,
Sandy Reed,,7861,Sandy,Reed,(859) 516-1560,Sandyjreed2@hotmail.com,,,168 State Road S-6-620,,Barnwell,SC,29812,,,,,,,,,Yes,,,,,,,,,,,,,,,,,,,,,,,,,,,,,
Sanford Williams,,3417,,,8035348329,,,,3034 Von Oshen Dr,,Orangeburg,SC,29118,,,,,,,,,No,,,,,,,,,,,,,,,,,,,,,,,,,,,,,
Sanjeev Verma,,2281,,,8038973232,,,,6642 Old Hwy Number 6,,Elloree,SC,29047,,,,,,,,,No,,,,,,,,,,,,,,,,,,,,,,,,,,,,,
Sanoree Tower,,4921,Sanoree,Tower,,,,,,,,,,,,,,,,,,No,,,,,,,,,,,,,,,,,,,,,,,,,,,,,
Sanoree Tower,,4923,,,,,,,,,,,,,,,,,,,,No,,,,,,,,,,,,,,,,,,,,,,,,,,,,,
Sanquetta Hamilton,,1495,,,8034962497,,,,562 Mount Olive Rd,,Santee,SC,29142,,,,,,,,,No,,,,,,,,,,,,,,,,,,,,,,,,,,,,,
Santana Davis,,4967,,,8033873859,,,,180 Cantey Dr Appt 229,,Santee,SC,,,,,,,,,,No,,,,,,,,,,,,,,,,,,,,,,,,,,,,,
santana miller,,2674,,,8038378239,,,,278 corn st,,Bowman,SC,,,,,,,,,,No,,,,,,,,,,,,,,,,,,,,,,,,,,,,,
Santana Thomas,,1226,Santana,Thomas,8038292407,,,,130 Abbott St,,Bowman,SC,29018,,,,,,,,,No,,,,,,,,,,,,,,,,,,,,,,,,,,,,,
Santana Thomas,,3321,,,8032900991,,,,1133 arista  rd,,Bowman,SC,,,,,,,,,,No,,,,,,,,,,,,,,,,,,,,,,,,,,,,,
Santee Adult Daycare   ,,506,Santee,Adult Daycare   ,(803) 707-4253,,,,1580 Bass Drive ,,Santee,SC,29142,,,,,,,,,No,,,,,,,,,,,,,,,,,,,,,,,,,,,,,
Santee Animal Hospital,,962,Heather,Shuler,(803) 854-3351,,,,9354 Old Number Six Hwy,,Santee,SC,29142,,,,,,,,,No,,,,,,,,,,,,,,,,,,,,,,,,,,,,,
Santee Associates Realty,,179,Roland,Schock,(803) 854-3000,,,,9355 Old Number Six Hwy,,Santee,SC,29142,,,,,,,,,No,,,,,,,,,,,,,,,,,,,,,,,,,,,,,
Santee Auto Parts,,1674,Santee,Auto Parts,8038542081,,,,748 Bass Drive,,Santee,SC,29142,,,,,,,,,No,,,,,,,,,,,,,,,,,,,,,,,,,,,,,
Santee Building Solutions,,8164,Brandon,Bozard,(803) 518-3794,,,,204 John Lawson Avenue,,Santee,SC,29142,,,,,,,,,Yes,,,,,,,,,,,,,,,,,,,,,,,,,,,,,
Santee Business Solutions,,5406,,,8035857693,,,,125 Regional Parkway Suite 300,,Orangeburg ,SC,29118,,,,,,,,,No,,,,,,,,,,,,,,,,,,,,,,,,,,,,,
Santee Chiropratic Dr Leonard,,5143,Santee,Chiropratic Dr Leonard,(843) 224-5205,,,,627 Bass Drive,,Santee,SC,29142,Brandy,Duchene,(803) 813-4357,,,,"#fiberCustomer, #residential",,No,,,,,,,,,,,,,,,,,,,,,,,,,,,,,
Santee Cleaners - Laura Whetstone,,2737,,,8033083585,,,,703 Bass Dr,,Santee,SC,29142,,,,,,,,,No,,,,,,,,,,,,,,,,,,,,,,,,,,,,,
Santee Commercial Tire,,1084,Chuck,.,,,,,1377 Bass Drive,,Santee,SC,29142,,,,,,,,,No,,,,,,,,,,,,,,,,,,,,,,,,,,,,,
Santee Consulting Service,,3248,,,8038292281,,,,200 Santee Business Park,,Santee,SC,29142,,,,,,,,,No,,,,,,,,,,,,,,,,,,,,,,,,,,,,,
Santee Cooper Computers,,750,,,8038542920,,,,190 Business Park Drive,,Santee,SC,,,,,,,,,,No,,,,,,,,,,,,,,,,,,,,,,,,,,,,,
Santee Cooper Country,,197,Santee,Cooper Country,(803) 854-2131,,,Visitor Center,9302 Old Number Six Highway,,Santee,SC,29142,,,,,,,"#fiberCustomer, #residential",,No,,,,,,,,,,,,,,,,,,,,,,,,,,,,,
Santee Cooper Country Fitness Center,,3621,Santee,Cooper Country Fitness Center,(304) 545-9183,,,,9161 Old Number Six Hwy,,Santee,SC,29142,,,,,,,,,No,,,,,,,,,,,,,,,,,,,,,,,,,,,,,
Santee Cooper Pressure Washing,,5287,Sara,Brown,(803) 682-2448,,,,318 Hampton Street,,Elloree,SC,29047,,,,,,,,,No,,,,,,,,,,,,,,,,,,,,,,,,,,,,,
Santee Cooper Resort (Pro Shop),,3414,Santee,Cooper Resort (Pro Shop),8037076374,,,,630 Santee Dr,,Santee,SC,29142,,,,,,,"#fiberCustomer, #residential",,No,,,,,,,,,,,,,,,,,,,,,,,,,,,,,
Santee Cooper Resort Escrow,,5894,Shawn,,(860) 930-3816,,,,PO Box 1005,,Santee,SC,29142,,,,,,,"#business, #VoIP",,Yes,,,,,,,,,,,,,,,,,,,,,,,,,,,,,
Santee Cooper Resort Maintenance,,7971,Santee,Cooper Resort Maintenance,803 682 5168,,,,235 Cooper Drive,,Santee,SC,29142,John,Weishar,(803) 516-2809,,,,#fiberCustomer,,Yes,,,,,,,,,,,,,,,,,,,,,,,,,,,,,
Santee Cooper Water System,,2620,,,,,,,,,,,,,,,,,,,,No,,,,,,,,,,,,,,,,,,,,,,,,,,,,,
Santee Custom Ink & Embroidery,,8302,Cuen,Bennett,(803) 261-6226,contact@santeecustominkandembroidery.com,,,828 Bass Dr,,Santee,South Carolina,29142-8923,,,,,,,,,Yes,,,,,,,,,,,,,,,,,,,,,,,,,,,,,
Santee Dental Care,,762,Santee,Dental Care,(803) 854-2600,,,,9083-B Old Number 6 Hwy ,,Santee,SC,29142,,,,,,,,,No,,,,,,,,,,,,,,,,,,,,,,,,,,,,,
Santee Digest,,3056,Siliva,Wells,8038543986,,,,180 Santee Business Park,,Santee,SC,22142,,,,,,,,,No,,,,,,,,,,,,,,,,,,,,,,,,,,,,,
Santee Embroidery,,6177,Santee,Embroidery,(803) 854-4148,,,,828 Bass Drive,,Santee,SC,29142,,,,,,,,,Yes,,,,,,,,,,,,,,,,,,,,,,,,,,,,,
Santee Entertainment Inc # 2,,3629,,,,,,,125 Saluda Dr,,Santee,SC,29142,,,,,,,"#fiberCustomer, #residential",,No,,,,,,,,,,,,,,,,,,,,,,,,,,,,,
Santee Eye Clinic,,2342,Sherry,,(803) 406-9728,,,,190 Business Park Dr,,Santee,SC,29142,,,,,,,,,No,,,,,,,,,,,,,,,,,,,,,,,,,,,,,
Santee Fairway Inn - Special Assets  ,,3151,,,8038543221,,,,249 Britain St,,Santee,SC,,,,,,,,,,No,,,,,,,,,,,,,,,,,,,,,,,,,,,,,
Santee Family Medical,,2059,,,8038543940,,,,130 Plaza Cir,,Santee,SC,29142,,,,,,,,,No,,,,,,,,,,,,,,,,,,,,,,,,,,,,,
Santee Fire Dept.,,575,Micheal,Wise,(803) 664-4483,,,,1005 Bass Dr,,Santee,SC,20142,Marcus,Glenn,(803) 347-4484,,,,,,No,,,,,,,,,,,,,,,,,,,,,,,,,,,,,
Santee Furniture World,,290,Melody,Siau,8038543350,,,,9128 Old Number 6 Highway,,Santee,SC,29142,,,,,,,,,No,,,,,,,,,,,,,,,,,,,,,,,,,,,,,
Santee General Store,,1093,Shirley,.,(803) 854-2105,,,,8932 Old Number Six Hwy,,Santee,SC,29142,,,,,,,,,No,,,,,,,,,,,,,,,,,,,,,,,,,,,,,
Santee GMAC,,198,,,,,,,PO Box 326,,Santee,SC,29142,,,,,,,,,No,,,,,,,,,,,,,,,,,,,,,,,,,,,,,
Santee Hardware,,521,Santee,Hardware,(803) 854-2223,santeehardware@ntinet.com,,,800 Bass Drive       ,,Santee,SC,29142,,,,,,,,,No,,,,,,,,,,,,,,,,,,,,,,,,,,,,,
Santee Home Services,,8281,Terry,Parler,(803) 854-4348,Santeehomeservices@gmail.com,,,718 Bass Dr,,Santee,South Carolina,29142-8941,,,,,,,,,Yes,,,,,,,,,,,,,,,,,,,,,,,,,,,,,
Santee Insurance,,199,Santee,Insurance,(803) 854-4525,,,,8812 Old Number Six Highway,,Santee,SC,29142,,,,,,,,,No,,,,,,,,,,,,,,,,,,,,,,,,,,,,,
Santee Insurance Orangeburg Office,,1118,Santee,Insurance Orangeburg Office,(803) 535-3002,,,,1880 Columbia Rd,,Orangeburg,,29115,,,,,,,,,No,,,,,,,,,,,,,,,,,,,,,,,,,,,,,
Santee Lake Service Center Inc.,,1539,Lisa,Jenkins,8038545506,,,,8933 Old Number Six Hwy,,Dantee,SC,29142,,,,,,,,,No,,,,,,,,,,,,,,,,,,,,,,,,,,,,,
Santee Landing - Citgo,,6207,Santee,Landing - Citgo,(803) 854-4449,,,,9103 Old Number Six Highway,,Santee,SC,29142,,,,,,,,,Yes,,,,,,,,,,,,,,,,,,,,,,,,,,,,,
Santee Management,,200,Santee,Management,(803) 854-2222,,,,8829 Old Number Six hwy,PO Box 855,Santee,SC,29142,,,,,,,,,No,,,,,,,,,,,,,,,,,,,,,,,,,,,,,
Santee Modular Homes -Office,,1698,,,8038972794,,,,211 Merri Oaks Ct,,Santee,SC,,,,,,,,,,No,,,,,,,,,,,,,,,,,,,,,,,,,,,,,
Santee Modular Homes Shop,,3446,,,8038972144,,,,233 Merri Oaks Ct ,,Santee,SC,29142,,,,,,,,,No,,,,,,,,,,,,,,,,,,,,,,,,,,,,,
Santee Nail & Spa,,4280,,,6784696945,,,,9050 Old Number Six Hwy,,Santee,SC,29142,,,,,,,,,No,,,,,,,,,,,,,,,,,,,,,,,,,,,,,
Santee National Golf Club,,537,Brock,Hanney,(803) 854-3531,,,,8636 Old Hwy Number  Six,,Santee,SC,29142,Evan,Todd,(803) 983-0012,,,,,,No,,,,,,,,,,,,,,,,,,,,,,,,,,,,,
Santee National Golf Course Maintenance,,480,Dan,Donald,(678) 464-8261,,,,P O Drawer 190         ,,Santee,SC,29142,,,,,,,,,No,,,,,,,,,,,,,,,,,,,,,,,,,,,,,
Santee National Wildlife Refuge,,3319,,,8034782217,,,,2125 Fort Watson Road,,Summerton,SC,29148,,,,,,,,,No,,,,,,,,,,,,,,,,,,,,,,,,,,,,,
Santee North Shore LLC,,887,,,8035160555,,,,1602 Gordon Rd,,Santee,SC,29148,,,,,,,,,No,,,,,,,,,,,,,,,,,,,,,,,,,,,,,
Santee Pawn Shop,,3996,,,,,,,Santee Business Park,,Santee,SC,29142,,,,,,,,,No,,,,,,,,,,,,,,,,,,,,,,,,,,,,,
Santee Police Dept,,3570,Santee,Police Dept,8038542378,,,,121 Dazzy Circle,P O Box 757,Santee ,SC,29142,,,,,,,,,No,,,,,,,,,,,,,,,,,,,,,,,,,,,,,
Santee Presbyterian Church,,1337,Elizabeth,Grantham,(843) 345-0828,elizabethfor@exchange.com,,,306  Bradford Blvd,,Santee,SC,29142,Leslie,Collins,(803) 974-0024,,,,,,No,,,,,,,,,,,,,,,,,,,,,,,,,,,,,
Santee Pro Shop,,5858,,,,,,,630 Santee Drive,,Santee,SC,29142,,,,,,,"#fiberCustomer, #residential",,No,,,,,,,,,,,,,,,,,,,,,,,,,,,,,
Santee Quicklube,,1313,Bill,Berry,(803) 854-5823,,,,808 Bass Dr,,Santee,SC,29142,,,(803) 707-0684,,,,"#fiberCustomer, #residential",,No,,,,,,,,,,,,,,,,,,,,,,,,,,,,,
Santee Realty,,201,,,8035165943,,,,P O Box 577,,Santee,SC,29142,,,,,,,,,No,,,,,,,,,,,,,,,,,,,,,,,,,,,,,
santee resort,,5728,,,,,,,,,,,,,,,,,,,,No,,,,,,,,,,,,,,,,,,,,,,,,,,,,,
Santee Risk Managers,,983,,,8038540067,,,,166 Business Park Drive,,Santee,SC,29142,,,,,,,,,No,,,,,,,,,,,,,,,,,,,,,,,,,,,,,
Santee Seafood Bistro,,7854,Shirley,,(803) 854-9097,,,,648 Bass Drive,,Santee,SC,29142,,,,,,,,,Yes,,,,,,,,,,,,,,,,,,,,,,,,,,,,,
Santee Sports Shop,,202,Harris,Steppe,8038544000,,,,P O Box 386,713 Bass Dr,Santee,SC,29142,,,,,,,,,No,,,,,,,,,,,,,,,,,,,,,,,,,,,,,
Santee Steak Seafood,,7977,Danny,Whitley,(704) 787-3856,Blondellrbrown@gmail.com,Blondell's Boss,,9135 Old Number Six Highway,,Santee,SC,29142,,,,,,,,,Yes,,,,,,,,,,,,,,,,,,,,,,,,,,,,,
Santee Surplus #1,,1799,,,8036820318,,,,1500 Villiage Sq Blvd,,Santee,SC,,,,,,,,,,No,,,,,,,,,,,,,,,,,,,,,,,,,,,,,
Santee Thaihouse,,5297,Santee,Thaihouse,(803) 347-7057,,,,9086 Old number 6 hwy,,Santee,SC,,Francis,Smith,(803) 496-4161,,,,,,No,,,,,,,,,,,,,,,,,,,,,,,,,,,,,
Santee Wire Products,,3282,,,8034967007,,,,3800 Vance Rd,,Santee ,SC,,,,,,,,,,No,,,,,,,,,,,,,,,,,,,,,,,,,,,,,
Sara Ann Fogle,,2774,,,8038972319,,,,362 Barkley St,,Elloree,SC,29047,,,,,,,,,No,,,,,,,,,,,,,,,,,,,,,,,,,,,,,
Sara Brown,,1555,,,8033784079,,,,140 Gerber Lane,,Santee,SC,29142,,,,,,,,,No,,,,,,,,,,,,,,,,,,,,,,,,,,,,,
Sara Gramling,,8264,Sara,Gramling,(843) 934-9251,sggramling@gmail.com,,,126 William Clark Boulevard,,Santee,SC,29142,,,,,,,,,Yes,,,,,,,,,,,,,,,,,,,,,,,,,,,,,
Sara Gregson,,2746,,,6304156589,,,,40 Hunters Path,,Santee,SC,29142,,,,,,,,,No,,,,,,,,,,,,,,,,,,,,,,,,,,,,,
Sara Thigpen,,7952,Sara,Thigpen,(843) 822-0866,s.r.thigpen@gmail.com,,,2075 Antioch Road,,Santee,SC,29142,,,,,,,,,Yes,,,,,,,,,,,,,,,,,,,,,,,,,,,,,
Sarah Alexander,,5680,,,6092760277,,,,2794 Carver School Road,,Cope,SC,29038,,,,,,,,,No,,,,,,,,,,,,,,,,,,,,,,,,,,,,,
Sarah Bradley,,5393,,,,,,,113 Santee Cooper Annex ,,Santee ,SC,29142,,,,,,,,,No,,,,,,,,,,,,,,,,,,,,,,,,,,,,,
Sarah Brawley,,3052,,,8035360138,,,, 3947 creekmore dr,,Orangeburg,SC,,,,,,,,,,No,,,,,,,,,,,,,,,,,,,,,,,,,,,,,
Sarah Godwin,,8376,Sarah,Godwin,(803) 837-1196,,,,103 Dogwood St,,Cameron,South Carolina,29030-9544,,,,,,,,,Yes,,,,,,,,,,,,,,,,,,,,,,,,,,,,,
Sarah Parker ,,3917,,,8437299274,,,,117 Cross Creek Rd,,Reevesville,SC,29471,,,,,,,,,No,,,,,,,,,,,,,,,,,,,,,,,,,,,,,
Sarah Parler,,2209,Sarah,Parler,8038972304,,,,713 Harlin St,,Elloree,SC,29047,Fran,Steele,(832) 457-5448,,,,,,No,,,,,,,,,,,,,,,,,,,,,,,,,,,,,
Sarah Riley,,1565,,,8038956763,,,,1035 Deer Trail Drive,,Santee,SC,29142,,,,,,,,,No,,,,,,,,,,,,,,,,,,,,,,,,,,,,,
Sarah Stasiek,,8222,Sarah,Stasiek,(843) 327-4349,sstasiek7@gmail.com,,,2 John Bartram Ave,,Santee,South Carolina,29142-8301,,,,,,,,,Yes,,,,,,,,,,,,,,,,,,,,,,,,,,,,,
Sarah Ulmer,,1711,,,8035315566,,,,374 Marion St,,Eloree,SC,,,,,,,,,,No,,,,,,,,,,,,,,,,,,,,,,,,,,,,,
Sasha Reyes,,7831,Sasha,Reyes,(912) 412-2369,SashaReyes631@gmail.com,,,6532 Old Number Six Highway,,Elloree,SC,29047,,,,,,,,,Yes,,,,,,,,,,,,,,,,,,,,,,,,,,,,,
Sashae Fox,,2667,,,8039711877,,,,438 Walker Dr,,Eutawville,SC,29048,,,,,,,,,No,,,,,,,,,,,,,,,,,,,,,,,,,,,,,
SASI Boutique ,,3097,,,8039378303,,,,1943 St Matthews ne Rd,,Orangeburg,SC,29118,,,,,,,,,No,,,,,,,,,,,,,,,,,,,,,,,,,,,,,
Satana Jones,,4201,,,8433244457,,,,123 Harbor Street,,Bowman,SC,29018,,,,,,,,,No,,,,,,,,,,,,,,,,,,,,,,,,,,,,,
Savanna Shuler,,4328,,,8036141998,,,,151 Merri Oaks Court,,Santee,SC,29142,,,,,,,,,No,,,,,,,,,,,,,,,,,,,,,,,,,,,,,
Savannah Deooach,,5486,,,8035716597,,,,151 merri oak ct ,,Santee,SC,,,,,,,,,,No,,,,,,,,,,,,,,,,,,,,,,,,,,,,,
Savannah Garrett,,5812,,,8033786311,,,,117 McCathern Ln,,Elloree,SC,29047,,,,,,,,,No,,,,,,,,,,,,,,,,,,,,,,,,,,,,,
Savannah Griffin,,1262,,,8036140641,,,,215 Angelica St,,Santee,SC,29142,,,,,,,,,No,,,,,,,,,,,,,,,,,,,,,,,,,,,,,
Savannah Iley,,7830,Savannah,Iley,(803) 308-4137,IleySavannah12@gmail.com,,,375 Robertson Circle,,Barnwell,SC,29812,,,,,,,,,Yes,,,,,,,,,,,,,,,,,,,,,,,,,,,,,
Savannah Shuler ,,4522,,,8036144998,,,,151 Merri okas ct ,,Santee ,SC,29142,,,,,,,,,No,,,,,,,,,,,,,,,,,,,,,,,,,,,,,
Savina Jeffcoat,,7918,Savina,Jeffcoat,(704) 431-8942,SavinaD1950@gmail.com,,,11 Thomas Walter Circle,,Santee,SC,29142,,,,,,,"#residential, #fiberCustomer",,Yes,,,,,,,,,,,,,,,,,,,,,,,,,,,,,
Saving Animals Southern Style,,8414,Renee,Jackson,(803) 682-1093,,,,2816 W Cleveland St,,Elloree,SC,29164,,,,,,,,,Yes,,,,,,,,,,,,,,,,,,,,,,,,,,,,,
Sawyer Stone,,4271,,,,,,,,,,,,,,,,,,,,No,,,,,,,,,,,,,,,,,,,,,,,,,,,,,
SC AFCS,,4148,,,8649821852,,,,,,,,,,,,,,,,,No,,,,,,,,,,,,,,,,,,,,,,,,,,,,,
SC Business Publications,,4941,,,,,,,35 Cessa Court, Suite A,Greenville,SC,,,,,,,,,,No,,,,,,,,,,,,,,,,,,,,,,,,,,,,,
SC Community Bank,,1665,Christy,.,8035347240,,,,1475 Amelia St,,Orangeburg,SC,29115,,,,,,,,,No,,,,,,,,,,,,,,,,,,,,,,,,,,,,,
SC County Development Commission ,,4305,,,,,,,125 Regional Parkway, Suite 100,,SC,,,,,,,,,,No,,,,,,,,,,,,,,,,,,,,,,,,,,,,,
SC County Emergency Services,,3799,,,8036821119,,,,.,,,SC,,,,,,,,,,No,,,,,,,,,,,,,,,,,,,,,,,,,,,,,
SC County Fine Arts Center,,4001,,,8035364074,,,,PO Box 2106,649 Riverside Dr,,SC,,,,,,,,,,No,,,,,,,,,,,,,,,,,,,,,,,,,,,,,
SC County Solicitors Office,,162,Harrison,Bell,8037470659,bhbelljr@scsolicitor1.org,,,140 North Main St  Suite 102,,,SC,,,,,,,,,,No,,,,,,,,,,,,,,,,,,,,,,,,,,,,,
SC Embroidery Inc,,3337,,,8038544148,,,,828 Bass Dr,,Santee,SC,,,,,,,,,,No,,,,,,,,,,,,,,,,,,,,,,,,,,,,,
SC Forestry Commission,,203,,,8036641042,,,,413 Sidneys Rd,,Walterboro,SC,29488,,,,,,,,,No,,,,,,,,,,,,,,,,,,,,,,,,,,,,,
SC Hospitality,,181,Kittie,Collier,,,,, 8929 Bass Drive,PO Box 95,,SC,,,,,,,,,,No,,,,,,,,,,,,,,,,,,,,,,,,,,,,,
SC Regional Housing Authority,,684,,,8032594618,,,,180 Cantey Dr. Apt 201,,Santee,SC,29142,,,,,,,,,No,,,,,,,,,,,,,,,,,,,,,,,,,,,,,
SC Training Center,,819,,,,,,,1 Race Track Rd,,,SC,,,,,,,,,,No,,,,,,,,,,,,,,,,,,,,,,,,,,,,,
Scarlett Matney,,7987,Scarlett,Matney,(828) 851-6034,,,136 3rd Street,136 3rd st,,Santee,SC,29142,,,,,,,"#fiberCustomer, #residential",,Yes,,,,,,,,,,,,,,,,,,,,,,,,,,,,,
Schaumberg John,,5799,,,8038544440,,,,222 cooper dr,,Santee,SC,29142,,,,,,,"#fiberCustomer, #residential",,No,,,,,,,,,,,,,,,,,,,,,,,,,,,,,
SCHD Dist 7 Federal Credit Union,,4703,SCHD,Dist 7 Federal Credit Union,(803) 536-0040,,,,1724 Charleston Hwy,,Orangeburg,SC,29115,,,,,,,,,No,,,,,,,,,,,,,,,,,,,,,,,,,,,,,
Scherer Data,,422,,,8038744862,,,,2608 Cleveland St,,Elloree,SC,29047,,,,,,,,,No,,,,,,,,,,,,,,,,,,,,,,,,,,,,,
SCISA,,4016,SCISA,,(803) 535-4820,,,,134 Scisa Rd,,Orangeburg,SC,29115,,,,,,,,,No,,,,,,,,,,,,,,,,,,,,,,,,,,,,,
Scott Clark,,8459,Scott,Clark,(803) 664-1121,,,,615 Ballard Ln,,Santee,South Carolina,29142-8561,,,,,,,,,Yes,,,,,,,,,,,,,,,,,,,,,,,,,,,,,
Scott Garrett,,4685,Scott,Garrett,8039740825,,,,223 partridge run,,Santee,SC,29142,,,,,,,"#fiberCustomer, #residential",,No,,,,,,,,,,,,,,,,,,,,,,,,,,,,,
Scott Garris,,6310,Scott,Garris,(843) 560-2226,,,,441 Santee Drive,,Santee,SC,29142,Bobby,Johnson,(843) 560-0107,,Computer Guy,,"#fiberCustomer, #residential",,Yes,,,,,,,,,,,,,,,,,,,,,,,,,,,,,
Scott Lockwood,,8499,Scott,Lockwood,(631) 579-2186,scott@magnoliasofeutawville.com,,,,,Eutawville,SC,29048,,,,,,,,,Yes,,,,,,,,,,,,,,,,,,,,,,,,,,,,,
Scott Vu,,8025,Scott,Vu,(803) 556-4125,scottv35@gmail.com,,,134 William Clark Blvd,,Santee,SC,29142,,,,,,,,,Yes,,,,,,,,,,,,,,,,,,,,,,,,,,,,,
Scottie Anderson,,2375,,,8035364708,,,,7 Lombardi Ct,,Orangeburg,SC,29118,,,,,,,,,No,,,,,,,,,,,,,,,,,,,,,,,,,,,,,
Scottie Scott,,4844,,,8038370839,,,,1449 Whisperwood Rd,,Cameron,SC,29030,,,,,,,,,No,,,,,,,,,,,,,,,,,,,,,,,,,,,,,
Scotty Harrison,,2771,,,8037075882,,,,2672 Big Buck Blvd,,Bowman,SC,29018,,,,,,,,,No,,,,,,,,,,,,,,,,,,,,,,,,,,,,,
SCSU 1890 Extension Bowman Office,,2864,SCSU,1890 Extension Bowman Office,(803) 536-8460,,,,131 Poplar st,,Bowman,SC,,,,,,,,,,No,,,,,,,,,,,,,,,,,,,,,,,,,,,,,
SCSU Elloree Extension,,2809,,,8037072112,,,,130 Camp Daniels road,,Elloree,SC,29047,,,,,,,,,No,,,,,,,,,,,,,,,,,,,,,,,,,,,,,
Sean Morris Jr,,8005,Sean,Morris Jr,(864) 990-7869,,,,77 Broughton Street,,Barnwell,SC,29812,,,,,,,,,Yes,,,,,,,,,,,,,,,,,,,,,,,,,,,,,
Sean Morris Sr.,,8172,Sean,Morris,(803) 571-9417,seanmorris781@gmail.com,,Pond house,77 Broughton Street,,Barnwell,SC,29812,,,,,,,,,Yes,,,,,,,,,,,,,,,,,,,,,,,,,,,,,
Second  Mt. Beulah Baptist Church,,8200,Rosyl,Warren,(908) 590-6986,,,,,,,,,,,,,,,,,Yes,,,,,,,,,,,,,,,,,,,,,,,,,,,,,
Security Finance,,4472,,,8038972126,,,,2703 Cleveland St,,Elloree,SC,29142,,,,,,,,,No,,,,,,,,,,,,,,,,,,,,,,,,,,,,,
Security Forces Inc.,,204,,,,,,,619 Five Chop Road,,Orangeburg,SC,29115,,,,,,,,,No,,,,,,,,,,,,,,,,,,,,,,,,,,,,,
Sedrick Sanders,,2214,,,8034968977,,,,80 Hunters Path Rd,,Santee,SC,29142,,,,,,,,,No,,,,,,,,,,,,,,,,,,,,,,,,,,,,,
Segra,,2717,Andrea,Redfern,8037268302,customercare@spiritcom.com,,,1500 Hampton Street, Suite 101,Columbia,SC,,,,8037221197,,,,,,No,,,,,,,,,,,,,,,,,,,,,,,,,,,,,
Select Tire,,205,,,,,,,PO Box 1978,,Orangeburg,SC,29116,,,,,,,,,No,,,,,,,,,,,,,,,,,,,,,,,,,,,,,
Selena Lowery,,287,,,8038544910,,,,213 Larramore Court,,Santee,SC,29142,,,,,,,,,No,,,,,,,,,,,,,,,,,,,,,,,,,,,,,
Sendero Manage IT,,5356,Mark,Blanchard,9088520024,,,,5970 West Jim Bilton,,St. George,SC,29477,,,,,,,,,No,,,,,,,,,,,,,,,,,,,,,,,,,,,,,
Senetta Williams,,2439,,,8036649593,,,,1130 Bowman Branch Hwy,,Bowman,SC,29018,,,,,,,,,No,,,,,,,,,,,,,,,,,,,,,,,,,,,,,
Server Plus,,5041,,,8014370079,,,,.,,,SC,,,,,,,,,,No,,,,,,,,,,,,,,,,,,,,,,,,,,,,,
Servpro,,206,Tania,.,8035361285,,,,331 St. John St.,P O Box 487,Orangeburg ,SC,29116,,,,,,,,,No,,,,,,,,,,,,,,,,,,,,,,,,,,,,,
Serwaa King Stafford,,4675,Serwaa,King,(904) 753-8508,,,,111 Wateree Annex,,Santee,SC,29142,,,,,,,"#fiberCustomer, #residential",,No,,,,,,,,,,,,,,,,,,,,,,,,,,,,,
Seth Malvoisin,,4915,,,8037475348,,,,537 Carrage Hill rd,,Elloree,SC,,,,,,,,,,No,,,,,,,,,,,,,,,,,,,,,,,,,,,,,
Severn Peanut Co,,1206,,,8036640016,,,,7904 Charleston Hwy,P O Box 710  Severn NC 27877,Bowman,SC,29018,,,,,,,,,No,,,,,,,,,,,,,,,,,,,,,,,,,,,,,
Sha-Tarah Keith ,,5765,,,8035655103,,,,2466 Magnolia St ,,Orangburg ,SC,29115,,,,,,,,,No,,,,,,,,,,,,,,,,,,,,,,,,,,,,,
Shadowfield Apartments,,969,Lula,.,(803) 897-3284,,,,301 Shadowfield Ct,,Elloree,SC,29047,,,,,,,,,No,,,,,,,,,,,,,,,,,,,,,,,,,,,,,
Shady Grove Plantation And Nursery,,4561,,,8035345683,,,,3030 Charleston Highway,,Orangeburg,SC,29115,,,,,,,,,No,,,,,,,,,,,,,,,,,,,,,,,,,,,,,
Shae Vette,,3561,,,8032616554,,,,1257 Warren Street ,,Holly Hill,SC,29059,,,,,,,,,No,,,,,,,,,,,,,,,,,,,,,,,,,,,,,
Shakeina King,,8323,Shakeina,King,(803) 496-4102,shakeinaking25@gmail.com,,,180 Cantey Dr,222,Santee,South Carolina,29142-8945,,,,,,,,,Yes,,,,,,,,,,,,,,,,,,,,,,,,,,,,,
Shakela Morgan,,3024,,,8039281173,,,,760 Banashee Cir ,Lot #50 ,Orangeburg,SC,29115,,,,,,,,,No,,,,,,,,,,,,,,,,,,,,,,,,,,,,,
Shakelia Fogle,,2988,,,8033781739,,,,212 Frankfort Ct,,Eutawville,SC,29048,,,,,,,,,No,,,,,,,,,,,,,,,,,,,,,,,,,,,,,
Shakodia Smalss,,6046,Shakodia,Smalss,(803) 971-6103,,,,851 Santee River Oad,,Santee,SC,29142,,,,,,,,,Yes,,,,,,,,,,,,,,,,,,,,,,,,,,,,,
Shalonda Kennerly,,2223,,,8038543068,,,,C1 721 Lakeland Circle           ,,Santee,SC,29142,,,,,,,,,No,,,,,,,,,,,,,,,,,,,,,,,,,,,,,
Shalonda King,,2921,,,8033871658,,,,310 Bunch Ford Road,,Holly Hill,SC,29059,,,,,,,,,No,,,,,,,,,,,,,,,,,,,,,,,,,,,,,
Shamar Ramsey,,6237,Shamar,Ramsey,(803) 971-3581,,,,180 Cantey Dr,244,Santee,SC,29142,,,,,,,,,Yes,,,,,,,,,,,,,,,,,,,,,,,,,,,,,
Shameka Bradley,,4430,,,8032904053,,,,1296 belleville rd,,Orangeburge,SC,29115,,,,,,,,,No,,,,,,,,,,,,,,,,,,,,,,,,,,,,,
Shamika Cockfield,,2121,,,8038291309,,,,146 Moss St,,Bowman,SC,,,,,,,,,,No,,,,,,,,,,,,,,,,,,,,,,,,,,,,,
Shamonb Minigen,,5166,,,8039719981,,,,3251 Tee Vee Rd,,Santee,SC,,,,,,,,,,No,,,,,,,,,,,,,,,,,,,,,,,,,,,,,
Shamond Minigen,,5242,,,8039749981,,,,3251 Tee Vee Rd,,Santee,SC,,,,,,,,,,No,,,,,,,,,,,,,,,,,,,,,,,,,,,,,
Shan Benton,,5118,,,8035967429,,,,2013 Silversprings Rd,,Neeses,SC,29107,,,,,,,,,No,,,,,,,,,,,,,,,,,,,,,,,,,,,,,
Shanda Simmons,,4999,Shanda,Simmons,8037474127,,,,1376 Bowman Branch hwy ,,Bowmans,SC,,,,,,,,,,No,,,,,,,,,,,,,,,,,,,,,,,,,,,,,
Shanda Simmons,,2287,,,8037474127,,,,1376 Bowman Branch Hwy,,Bowman,SC,,,,,,,,,,No,,,,,,,,,,,,,,,,,,,,,,,,,,,,,
Shane Ravenell,,3755,,,8034967272,,,,467 Ruby Way Rd,,Holly Hill,SC,29059,,,,,,,,,No,,,,,,,,,,,,,,,,,,,,,,,,,,,,,
Shane Ravenell,,2619,Shane,Ravenell,(803) 496-7272,,,,467 Ruby Way,,Holly Hill,SC,29059,,,,,,,,,No,,,,,,,,,,,,,,,,,,,,,,,,,,,,,
Shaneaqua Jenkins,,2525,,,8033786610,,,,922 Moncks Corner Rd,,Eutawville,SC,29048,,,,,,,,,No,,,,,,,,,,,,,,,,,,,,,,,,,,,,,
Shaneka oliver,,1850,,,8033783652,,,,177 mango ct,,Santee,SC,,,,,,,,,,No,,,,,,,,,,,,,,,,,,,,,,,,,,,,,
Shanell Martin,,2147,,,8038605187,,,,214 Irongate Rd.,,Elloree,SC,29047,,,,,,,,,No,,,,,,,,,,,,,,,,,,,,,,,,,,,,,
Shanell Sheard,,1521,,,8033086377,,,,113 Citation Dr,,Elloree,SC,29047,,,,,,,,,No,,,,,,,,,,,,,,,,,,,,,,,,,,,,,
Shanice Bell ,,3452,,,8032903083,,,,146 buckridge dr,,Orangeburg,SC,29115,,,,,,,,,No,,,,,,,,,,,,,,,,,,,,,,,,,,,,,
Shanieqwa Gonzalez,,8024,Shanieqwa,Gonzalez,(843) 640-6099,CieraGonzalez26@gmail.com,,,154 William Clark Blvd,,Santee,SC,29142,,,,,,,,,Yes,,,,,,,,,,,,,,,,,,,,,,,,,,,,,
Shanique Waring,,4937,,,8034968892,,,,120 Milligan rd,,Santee,SC,,,,,,,,,,No,,,,,,,,,,,,,,,,,,,,,,,,,,,,,
Shaniquna Williams,,8443,Shaniquna,Williams,(843) 214-1681,shaniqunaw5@gmail.com,,,147 William Clark Blvd,,Santee,South Carolina,29142-9507,,,,,,,,,Yes,,,,,,,,,,,,,,,,,,,,,,,,,,,,,
Shanna Buck,,4418,,,8433127624,,,,103 Brigade Circle,,Eutawville,SC,29048,,,,,,,,,No,,,,,,,,,,,,,,,,,,,,,,,,,,,,,
Shanna Davis,,3688,Shanna,Davis,8036821047,,,,205 PondView Dr,,Neeses,SC,29107,,,,,,,,,No,,,,,,,,,,,,,,,,,,,,,,,,,,,,,
Shanna Shuler,,5451,,,8037071539,,,,183 Heatly End rd,,Santee,SC,29142,,,,,,,,,No,,,,,,,,,,,,,,,,,,,,,,,,,,,,,
Shannon Bodiford,,8072,Shannon,Bodiford,,,,,151 Broughton Street,,Barnwell,SC,29812,,,,,,,,,Yes,,,,,,,,,,,,,,,,,,,,,,,,,,,,,
Shannon Bozard,,6036,Shannon,Bozard,(843) 560-0992,,,,407 Harley Road,,Reevesville,SC,29471,,,,,,,,,Yes,,,,,,,,,,,,,,,,,,,,,,,,,,,,,
Shannon Bragg,,5864,,,8036713264,,,,1634 Huttos Chapel Rd,,Barnwell,SC,29812,,,,,,,,,No,,,,,,,,,,,,,,,,,,,,,,,,,,,,,
Shannon Dangerfield,,5300,,,8036670927,,,,,,,,,,,,,,,,,No,,,,,,,,,,,,,,,,,,,,,,,,,,,,,
Shannon Hawkins,,5004,,,8433439373,,,,180 Nursery Rd,,Reevesville,SC,29471,,,,,,,,,No,,,,,,,,,,,,,,,,,,,,,,,,,,,,,
Shannon Jolles (Moosies),,1421,,,8035348996,,,,1726 Neeses Hwy,,Orangeburg,SC,29115,,,,,,,,,No,,,,,,,,,,,,,,,,,,,,,,,,,,,,,
Shannon Pucciarone,,556,Cynthia,.,8038972738,,,,6517 Old #6 Hwy.,,Elloree,SC,29047,,,,,,,,,No,,,,,,,,,,,,,,,,,,,,,,,,,,,,,
Shannon Still,,5067,,,8033006368,,,,154 Sandy Meadow,,Barnwell,SC,29812,,,,,,,,,No,,,,,,,,,,,,,,,,,,,,,,,,,,,,,
Shante Jones,,2044,,,8036643914,,,,6 Evenfall Ct.,,Elloree,SC,29047,,,,,,,,,No,,,,,,,,,,,,,,,,,,,,,,,,,,,,,
Shantel Haigler,,2529,,,8033780235,,,,3015 Russel St,,Orangeburg,SC,29115,,,,,,,,,No,,,,,,,,,,,,,,,,,,,,,,,,,,,,,
Shantevia Patterson,,4364,Shantevia,Patterson,(803) 308-2938,,,,290 Weathers Street,,Bowman,SC,29018,,,,,,,,,No,,,,,,,,,,,,,,,,,,,,,,,,,,,,,
Shantezia Patterson,,4294,,,8035709367,,,,290 weathers st ,,Bowman,SC,29118,,,,,,,,,No,,,,,,,,,,,,,,,,,,,,,,,,,,,,,
Shantoya Garner,,6123,Shantoya,Garner,(803) 496-6584,,,,126 First Street,,Santee,SC,29142,,,,,,,,,Yes,,,,,,,,,,,,,,,,,,,,,,,,,,,,,
Shaquinna Oneil,,8479,Shaquinna,Oneil,(843) 781-2821,,,,665 Perch Lane,,Santee,SC,29142,,,,,,,,,Yes,,,,,,,,,,,,,,,,,,,,,,,,,,,,,
Shaquona White,,5787,Shaquona,White,8038576719,,,,180 Canty Drive,,Santee,SC,29142,,,,,,,,,No,,,,,,,,,,,,,,,,,,,,,,,,,,,,,
Sharen James,,4730,Sharen,James,8035391967,,,,4629 Cleveland St,,Elloree,SC,29047,,,,,,,,,No,,,,,,,,,,,,,,,,,,,,,,,,,,,,,
Sharlene Palmer,,1897,,,8036829208,,,,153 Zami Circle,,Eutawville,SC,29048,,,,,,,,,No,,,,,,,,,,,,,,,,,,,,,,,,,,,,,
Sharon Anderson,,4079,,,8432958318,,,,2027 Tee Vee Road,,Elloree,SC,29047,,,,,,,,,No,,,,,,,,,,,,,,,,,,,,,,,,,,,,,
Sharon Fisher,,7844,Sharon,Fisher,(803) 614-6021,,,,125 Saluda Street,,Santee,SC,29142,,,,,,,,,Yes,,,,,,,,,,,,,,,,,,,,,,,,,,,,,
Sharon Fitzpatrick,,3899,,,8036646448,,,,344 Winter Creek Rd,,Bowman,SC,29018,,,,,,,,,No,,,,,,,,,,,,,,,,,,,,,,,,,,,,,
Sharon Fox,,717,,,8038972179,,,,Sunset Drive,,Elloree,SC,,,,,,,,,,No,,,,,,,,,,,,,,,,,,,,,,,,,,,,,
Sharon Gamble,,1173,,,8038973929,,,,1052 Woolbright Rd,,Santee,SC,29142,,,,,,,,,No,,,,,,,,,,,,,,,,,,,,,,,,,,,,,
Sharon Garvin,,411,,,8038292821,,,,240 Adams St,,Bowman,SC,29018,,,,,,,,,No,,,,,,,,,,,,,,,,,,,,,,,,,,,,,
Sharon Guest,,771,,,8034963760,,,,2338 Bass Dr,,Santee,SC,29142,,,,,,,,,No,,,,,,,,,,,,,,,,,,,,,,,,,,,,,
Sharon Hampton,,8573,Sharon,Hampton,(803) 707-0840,sharonfhampton@gmail.com,,,220 sago palms dr,,Orangeburg,SC,29118,,,,,,,#Orangeburg-Fiber,,Yes,,,,,,,,,,,,,,,,,,,,,,,,,,,,,
Sharon Hill,,3805,,,,,,,946 Saint Mark Bowman Road,,St. George,SC,29477,,,,,,,,,No,,,,,,,,,,,,,,,,,,,,,,,,,,,,,
Sharon Jamison,,1591,,,8036822192,,,,900 Hesseman Ave.,,Holly Hill,SC,29059,,,,,,,,,No,,,,,,,,,,,,,,,,,,,,,,,,,,,,,
Sharon Jones ,,4666,,,8039740080,,,,1034 Harlin street,,Elloree sc ,,,,,,,,,,,No,,,,,,,,,,,,,,,,,,,,,,,,,,,,,
Sharon Jones,,4667,,,,,,,1034 Harlin Street,,Elloree,SC,29147,,,,,,,,,No,,,,,,,,,,,,,,,,,,,,,,,,,,,,,
Sharon Mcglon,,7900,Sharon,Mcglon,(803) 707-9967,,,,1940 Carolina Avenue,,Orangeburg,SC,29118,,,,,,,,,Yes,,,,,,,,,,,,,,,,,,,,,,,,,,,,,
Sharon Pace,,2693,,,8036644113,,,,112 Rufus Rd,,Orangeburg,SC,29115,,,,,,,,,No,,,,,,,,,,,,,,,,,,,,,,,,,,,,,
Sharon Snider,,6094,Sharon,Snider,(304) 543-2209,,,,20L Andre Michaux Road,,Santee,SC,29142,,,,,,,,,Yes,,,,,,,,,,,,,,,,,,,,,,,,,,,,,
Sharon Stokes,,2977,,,8039741485,,,,151 Newton Rd,,Santee,SC,29142,,,,,,,,,No,,,,,,,,,,,,,,,,,,,,,,,,,,,,,
Sharon Tucker,,3361,,,8032909094,,,,231 eastwood circle,,Orangeburg,SC,29118,,,,,,,,,No,,,,,,,,,,,,,,,,,,,,,,,,,,,,,
Sharon Winningham,,5108,Sharon,Winningham,8437098883,,,,618 Santee dr,,Santee ,SC,,,,,,,,"#fiberCustomer, #residential",,No,,,,,,,,,,,,,,,,,,,,,,,,,,,,,
Sharon Wlliams,,2821,,,8033784051,,,,1737 John Wesley Dr,,Orangeburg,SC,29118,,,,,,,,,No,,,,,,,,,,,,,,,,,,,,,,,,,,,,,
Sharon Worley,,5189,Sharon,Worley,8036821161,,,,159 Todd Creek Road,,Orangeburg,SC,29107,,,,,,,,,No,,,,,,,,,,,,,,,,,,,,,,,,,,,,,
Sharon Wright,,3673,,,,,,,451 Gammercy lane,,Orangeburg,SC,29115,,,,,,,,,No,,,,,,,,,,,,,,,,,,,,,,,,,,,,,
Sharranda Goodwin,,4585,,,8039378992,,,,145 Betty Place,,Bowman,SC,29018,,,,,,,,,No,,,,,,,,,,,,,,,,,,,,,,,,,,,,,
Shastity Harley,,1329,,,8033478364,,,,1015 Dairy Ave,,Bowman,SC,29018,,,,,,,,,No,,,,,,,,,,,,,,,,,,,,,,,,,,,,,
Shaun Cope,,3772,Shaun,Cope,8032908919,,,,340 Todd Creek Rd,,Neeses,SC,29037,,,,,,,,,No,,,,,,,,,,,,,,,,,,,,,,,,,,,,,
Shauna,,1274,,,,,,,,,,,,,,,,,,,,No,,,,,,,,,,,,,,,,,,,,,,,,,,,,,
Shauna King,,2740,,,9154908640,,,,10 Hunters Path ,,Santee,SC,29142,,,,,,,,,No,,,,,,,,,,,,,,,,,,,,,,,,,,,,,
Shauna Rhett,,1275,,,8038291508,,,,100 Oak St        ,,Bowman,SC,29018,,,,,,,,,No,,,,,,,,,,,,,,,,,,,,,,,,,,,,,
Shaundra Sellers,,5100,,,8038600930,,,,206 Laquinta Drive,,Orangeburg,SC,29115,,,,,,,,,No,,,,,,,,,,,,,,,,,,,,,,,,,,,,,
Shavar James,,4188,,,8032908140,,,,761 Coach Rd,,Holly Hill,SC,29059,,,,,,,,,No,,,,,,,,,,,,,,,,,,,,,,,,,,,,,
Shavonda Evans,,3813,,,8035393563,,,,2242 Bass Drive,,Orangeburg,SC,,,,,,,,,,No,,,,,,,,,,,,,,,,,,,,,,,,,,,,,
Shavonda Evans,,2389,,,8033085660,,,,2242 Bass Dr,,Santee,SC,29142,,,,,,,,,No,,,,,,,,,,,,,,,,,,,,,,,,,,,,,
Shawana Ziegler,,1907,,,8034466864,,,,216 Ipswich Ct,,Santee,SC,29142,,,,,,,,,No,,,,,,,,,,,,,,,,,,,,,,,,,,,,,
Shawanda Aiken,,3744,,,,,,Home,807 Antioch Road,,Santee,SC,29142,,,,,,,,,No,,,,,,,,,,,,,,,,,,,,,,,,,,,,,
Shawanda Mayers ,,4479,,,8033878768,,,,113 Gizmo rd,,Orangeburg,SC,29115,,,,,,,,,No,,,,,,,,,,,,,,,,,,,,,,,,,,,,,
Shawanda Oliver,,898,,,8038542967,,,,233 Fargo Dr,,Santee,SC,29142,,,,,,,,,No,,,,,,,,,,,,,,,,,,,,,,,,,,,,,
Shawe Howell,,6087,Shawe,Howell,(803) 587-1975,,,,431 Caswell Lane,,Holly Hill,SC,29059,,,,,,,,,Yes,,,,,,,,,,,,,,,,,,,,,,,,,,,,,
Shawn Bookard,,2152,,,8038373082,,,,424 Jamison St.,,Orangeburg,SC,29115,,,,,,,,,No,,,,,,,,,,,,,,,,,,,,,,,,,,,,,
Shawn Briggman,,8535,Shawn,Briggman,(803) 928-4992,,,,32 Deer Ridge Ct,,St Matthews,South Carolina,29135-8185,,,,,,,,,Yes,,,,,,,,,,,,,,,,,,,,,,,,,,,,,
Shawn Glenn,,5817,Shawn,Glenn,8033782208,,,,6435 Charleston Hwy,,Bowman,SC,29018,,,,,,,,,No,,,,,,,,,,,,,,,,,,,,,,,,,,,,,
Shawn Livingston,,3212,,,8038370755,,,,896 Dantzler St,,Orangeburg,SC,29115,,,,,,,,,No,,,,,,,,,,,,,,,,,,,,,,,,,,,,,
Shawn Murphree,,4315,,,8036640933,,,,175 Ballards Lane,,Santee,SC,,,,,,,,,,No,,,,,,,,,,,,,,,,,,,,,,,,,,,,,
Shawn Murphree,,2765,,,8036641181,,,,109 Ballard Lane,,Santee,SC,29142,,,,,,,,,No,,,,,,,,,,,,,,,,,,,,,,,,,,,,,
Shawn Sweat,,4800,,,8034108064,,,,1016 Woolbright road,,Santee,SC,,,,,,,,,,No,,,,,,,,,,,,,,,,,,,,,,,,,,,,,
Shawn Thomas,,4785,,,8038374355,,,,210 Micanopy Court,,Santee,SC,29142,,,,,,,,,No,,,,,,,,,,,,,,,,,,,,,,,,,,,,,
Shawnquena Adgerson,,729,,,8039710071,,,,306 Rexford Court,,Santee,SC,29142,,,,,,,,,No,,,,,,,,,,,,,,,,,,,,,,,,,,,,,
Shea Burnette,,6169,Sha,Burnette,(803) 308-1111,,,,287 Santee Drive,,Santee,SC,29142,,,,,,,"#fiberCustomer, #residential",,Yes,,,,,,,,,,,,,,,,,,,,,,,,,,,,,
Sheena Oliver,,2101,,,8037478361,,,,112 Chinaberry St,,Bowman,SC,29018,,,,,,,,,No,,,,,,,,,,,,,,,,,,,,,,,,,,,,,
Sheila Hiott,,6271,Sheila,Hiott,(316) 522-2360,,,,1090 Chapel Branch Rd,,Santee,SC,29142,,,,,,,,,Yes,,,,,,,,,,,,,,,,,,,,,,,,,,,,,
Sheila Holloway,,5887,Sheila,Holloway,(803) 928-4794,,,,215 Pine Street,,Bowman,SC,29018,,,,,,,,,Yes,,,,,,,,,,,,,,,,,,,,,,,,,,,,,
Sheila Jefferson,,1054,,,8033876723,,,,171 Netherlands Dr.,,Santee,SC,29142,,,,,,,,,No,,,,,,,,,,,,,,,,,,,,,,,,,,,,,
Sheila Johnson,,3382,,,8433007228,,,,330 Woodbine Dr,,Orangeburg ,SC,29115,,,,,,,,,No,,,,,,,,,,,,,,,,,,,,,,,,,,,,,
Sheila Kimmerlin,,3892,,,8033784853,,,,276 Baronet Lane,,Elloree,,29047,,,,,,,,,No,,,,,,,,,,,,,,,,,,,,,,,,,,,,,
Sheila Kinley,,1769,,,8038973628,,,,447 Bay St,,Elloree,SC,29047,,,,,,,,,No,,,,,,,,,,,,,,,,,,,,,,,,,,,,,
Sheila White,,2781,,,8039749412,,,,119 Purnia Lane,,Santee,SC,29142,,,,,,,,,No,,,,,,,,,,,,,,,,,,,,,,,,,,,,,
Sheila White,,2735,Sheila,White,(803) 496-8417,whitemacksd2001@yahoo.com,,,126 Misty Woods Drive,,Elloree,SC,29047,,,,,,,,,No,,,,,,,,,,,,,,,,,,,,,,,,,,,,,
Sheilea Hollowaly,,5779,,,8039284794,,,,215 pine st,,Bowman,SC,29018,,,,,,,,,No,,,,,,,,,,,,,,,,,,,,,,,,,,,,,
Sheka Shuler,,2598,Sheka,Shuler,(803) 747-5366,,,,949 Moss St,,Bowman,SC,29018,,,,,,,,,No,,,,,,,,,,,,,,,,,,,,,,,,,,,,,
Shelby Coleman,,2040,,,8039376232,,,,950 Carolina Ave,,Orangeburg,SC,29115,,,,,,,,,No,,,,,,,,,,,,,,,,,,,,,,,,,,,,,
Shelby Morris,,5941,Shelby,Morris,(803) 450-6421,,,,"196 Butterfly Drive, Barnwell SC",,,,,,,,,,,,,Yes,,,,,,,,,,,,,,,,,,,,,,,,,,,,,
Shelene Weinberg,,4254,,,3522167041,,,,193 Ballard Ln,,Santee,SC,29142,,,,,,,,,No,,,,,,,,,,,,,,,,,,,,,,,,,,,,,
Shelia Hiott,,7929,Shelia,Hoitt,(361) 522-2360,,,,1090 Chapel Branch Road,,Santee,SC,29142,,,,,,,,,Yes,,,,,,,,,,,,,,,,,,,,,,,,,,,,,
Shelia Kinley,,1787,,,8038973628,,,,447 Bay St,,Elloree,SC,29047,,,,,,,,,No,,,,,,,,,,,,,,,,,,,,,,,,,,,,,
Shelley Lamb,,5219,Shelley,Lamb,(260) 414-5716,,,,144 Wateree Dr,,Santee,SC,29142,Shelley,Lamb,(260) 414-5716,,,,"#fiberCustomer, #residential",,No,,,,,,,,,,,,,,,,,,,,,,,,,,,,,
Shelley Shuler,,5310,,,8033834552,,,,2963 old number 6 hwy,,Elloree,SC,29047,,,,,,,,,No,,,,,,,,,,,,,,,,,,,,,,,,,,,,,
Shelly Shuler,,1025,,,8036644391,,,,2963 Old Number Six Hwy,,,SC,,,,,,,,,,No,,,,,,,,,,,,,,,,,,,,,,,,,,,,,
Shenee Smalls,,8021,Shenee,Smalls,(803) 971-1102,shenee25@yahoo.com,,,114 William Clark Blvd,,Santee,SC,29048,,,,,,,,,Yes,,,,,,,,,,,,,,,,,,,,,,,,,,,,,
Sheraldine Cook,,5398,,,8038974613,,,,5083 Five Chop Road,,Cameron,SC,29030,,,,,,,,,No,,,,,,,,,,,,,,,,,,,,,,,,,,,,,
Sheree Breaker,,1912,Sheree,Breaker,8035359996,,,,7134 Vance Road,,Bowman,SC,29018,,,,,,,,,No,,,,,,,,,,,,,,,,,,,,,,,,,,,,,
Sheri Mizell,,1482,,,8435608412,,,,121 Berry Street,,Reevesville,SC,29471,,,,,,,,,No,,,,,,,,,,,,,,,,,,,,,,,,,,,,,
Sherly Perzzey,,5652,,,8036649620,,,,335 Academy lane,,Holly hill,SC,29059,,,,,,,,,No,,,,,,,,,,,,,,,,,,,,,,,,,,,,,
Shernard Council,,3461,,,8039974129,,,,2085 whittaker st,,Orangeburg,SC,29115,,,,,,,,,No,,,,,,,,,,,,,,,,,,,,,,,,,,,,,
Sherri Mcalhany,,2132,,,8435601418,,,,602 Friendship Rd,,Reevesville,SC,29471,,,,,,,,,No,,,,,,,,,,,,,,,,,,,,,,,,,,,,,
Sherrie Dantzler,,2458,,,8048397575,,,,213 Grassy Ln,,Bowman,SC,29018,,,,,,,,,No,,,,,,,,,,,,,,,,,,,,,,,,,,,,,
Sherrika Reed,,2192,Sherrika,Reed,8038291034,,,,138 Grassy Ln,,Bowman,SC,29018,,,,,,,,,No,,,,,,,,,,,,,,,,,,,,,,,,,,,,,
Sherronda Glover,,2260,,,8038293056,,,,1958 Cordova Road,,Orangeburg,SC,29115,,,,,,,,,No,,,,,,,,,,,,,,,,,,,,,,,,,,,,,
Sherronda McClary,,5659,,,8039741321,,,,251 Lehigh Street,,Santee,SC,29142,,,,,,,,,No,,,,,,,,,,,,,,,,,,,,,,,,,,,,,
Sherry Gill,,8248,Sherry ,Gill,(517) 282-3798,slgill.slg@gmail.com,,,415 Ballard Lane,,Santee,SC,29142,,,,,,,,,Yes,,,,,,,,,,,,,,,,,,,,,,,,,,,,,
Sheryl Henry,,2275,,,8036674675,,,,90 Lakewood Drive,,Cameron,SC,29030,,,,,,,,,No,,,,,,,,,,,,,,,,,,,,,,,,,,,,,
Sheryl Jenkins,,5490,,,8039280496,,,,138 Mackay Trail,,Elloree,SC,29047,,,,,,,,,No,,,,,,,,,,,,,,,,,,,,,,,,,,,,,
Sheryl Kucherov,,5259,Sheryl,Kucherov,8034100099,,,,411 Santee Dr,,Santee,SC,29142,,,,,,,"#fiberCustomer, #residential",,No,,,,,,,,,,,,,,,,,,,,,,,,,,,,,
Sheryl Mason,,719,,,8039749172,,,,7632 Old Hwy Number Six,,Santee,SC,29142,,,,,,,,,No,,,,,,,,,,,,,,,,,,,,,,,,,,,,,
Sheryl Mclellan,,2436,,,8033784539,,,,405 Oak Lane,,Bowman,SC,29018,,,,,,,,,No,,,,,,,,,,,,,,,,,,,,,,,,,,,,,
Sheryl Patrick,,8031,Sheryl,Patrick,(803) 707-6767,Sap3730@gmail.com,,,460 Chapel Creek Drive,,Santee,SC,29142,,,,,,,,,Yes,,,,,,,,,,,,,,,,,,,,,,,,,,,,,
Sheryl Young,,1662,,,8432006576,,,,153 Saluda Dr,,Santee,SC,29142,,,,,,,"#fiberCustomer, #residential",,No,,,,,,,,,,,,,,,,,,,,,,,,,,,,,
Sheryle Dash,,2515,,,8038542816,,,,122 Midtown Circle,,Santee,SC,29142,,,,,,,,,No,,,,,,,,,,,,,,,,,,,,,,,,,,,,,
Shieder's Outdoor,,850,,,8435633501,,,,6412 Badham Dr,,Reevesville,SC,,,,,,,,,,No,,,,,,,,,,,,,,,,,,,,,,,,,,,,,
Shierlie Berry,,3922,,,8032917346,,,,3295 Mallard Drive,,Orangeburg,SC,29118,,,,,,,,,No,,,,,,,,,,,,,,,,,,,,,,,,,,,,,
Shiloh AME Church,,832,Cornelius,Sumpter,8038973491,,,,2902 Cleveland St,P.O. Box 594,Elloree,SC,29047,,,,,,,,,No,,,,,,,,,,,,,,,,,,,,,,,,,,,,,
Shimika Adgerson,,4172,,,8037590321,,,,550 MT OLIVE RD,,Santee,SC,,,,,,,,,,No,,,,,,,,,,,,,,,,,,,,,,,,,,,,,
Shinda Brown,,559,,,8034963428,,,,4740 Bass Dr.,,Santee,SC,29142,,,,,,,,,No,,,,,,,,,,,,,,,,,,,,,,,,,,,,,
Shinoka Elliontt,,4748,,,8035963233,,,,290 Bowman Branch Hwy,,Bowman ,SC,,,,,,,,,,No,,,,,,,,,,,,,,,,,,,,,,,,,,,,,
Shirley Asbery,,3749,,,8036146142,,,,285 Rexford Ct   ,,Santee         ,SC,29142,,,,,,,,,No,,,,,,,,,,,,,,,,,,,,,,,,,,,,,
Shirley Asbery,,6085,Shirley,Asbery,(803) 854-0733,,,,,,,,,,,,,,,,,Yes,,,,,,,,,,,,,,,,,,,,,,,,,,,,,
Shirley Bonaparte,,8038,Shirley,Bonaparte,(803) 534-3032,,,,4455 DeerField Drive,,Orangeburg,SC,29118,,,,,,,,,Yes,,,,,,,,,,,,,,,,,,,,,,,,,,,,,
Shirley Brown,,5866,,,8038373272,,,,955 Wood Street,,Orangeburg,SC,29115,,,,,,,,,No,,,,,,,,,,,,,,,,,,,,,,,,,,,,,
Shirley Bull,,5058,Shirley,Bull,8038543599,,,,241 Planters Trace Rd,,Orangeburg,SC,,,,,,,,,,No,,,,,,,,,,,,,,,,,,,,,,,,,,,,,
Shirley Caldwell,,1316,,,8038974986,,,,601 Shadow Field Ct.,,Elloree,SC,29047,,,,,,,,,No,,,,,,,,,,,,,,,,,,,,,,,,,,,,,
Shirley Cothran,,4151,,,8038972042,,,,1020 Cleveland St,,,SC,,,,,,,,,,No,,,,,,,,,,,,,,,,,,,,,,,,,,,,,
Shirley Davis,,2023,,,8033871403,,,,225 Cecelia St,,Santee,SC,29142,,,,,,,,,No,,,,,,,,,,,,,,,,,,,,,,,,,,,,,
Shirley Davis,,2987,,,8039719830,,,,1038 Lodge Hall St,,Vance,SC,29163,,,,,,,,,No,,,,,,,,,,,,,,,,,,,,,,,,,,,,,
Shirley Dean,,5145,,,2059900642,,,,38L Andre Michaux rd,,Santee,SC,,,,,,,,,,No,,,,,,,,,,,,,,,,,,,,,,,,,,,,,
Shirley Dean,,5274,,,8039749118,,,,32 Andre Muchex Road,,Santee,SC,29042,,,,,,,,,No,,,,,,,,,,,,,,,,,,,,,,,,,,,,,
Shirley Dean,,5323,,,,,,,,,,,,,,,,,,,,No,,,,,,,,,,,,,,,,,,,,,,,,,,,,,
Shirley Dryman,,2291,Shirley,Dryman,(803) 897-4707,,,,201 Barkley St.,,Elloree,SC,29047,,,,,,,,,No,,,,,,,,,,,,,,,,,,,,,,,,,,,,,
Shirley Fogle,,2802,,,8038292627,,,,501 Easterling Road,,Bowman,SC,29018,,,,,,,,,No,,,,,,,,,,,,,,,,,,,,,,,,,,,,,
Shirley Johnson,,2844,,,8033781649,,,,6700 Vance Rd,,Bowman,SC,29018,,,,,,,,,No,,,,,,,,,,,,,,,,,,,,,,,,,,,,,
Shirley Johnson ,,4856,,,8035700151,,,,613 Bleakley st orangeburg sc,,Orangeburg,SC,,,,,,,,,,No,,,,,,,,,,,,,,,,,,,,,,,,,,,,,
Shirley Jones,,3841,,,,,,,101 Wateree Dr,,Santee,SC,29142,,,,,,,"#fiberCustomer, #residential",,No,,,,,,,,,,,,,,,,,,,,,,,,,,,,,
Shirley King,,1849,Shirley,King,(803) 467-6539,,,,103 Cooper Circle,,Santee,SC,29142,,,,,,,"#fiberCustomer, #residential",,No,,,,,,,,,,,,,,,,,,,,,,,,,,,,,
Shirley Mellette,,8336,Shirley,Mellette,(803) 529-3288,Fayemellette@yahoo.com,,,8237 Old State Rd,,Cameron,South Carolina,29030-8111,,,,,,,,,Yes,,,,,,,,,,,,,,,,,,,,,,,,,,,,,
Shirley Miller,,4917,,,8034109280,,,,180 Cantey dr,,Santee,SC,,,,,,,,,,No,,,,,,,,,,,,,,,,,,,,,,,,,,,,,
Shirley Rowell,,3907,Shirley,Rowell,(803) 793-4335,,,,1031 Old Salem Rd,,Hilda,SC,29812,,,,,,,,,No,,,,,,,,,,,,,,,,,,,,,,,,,,,,,
Shirley Schubauer,,650,,,,,,,397 Bayview St   ,,Holly Hill,SC,29142,,,,,,,,,No,,,,,,,,,,,,,,,,,,,,,,,,,,,,,
Shirley Sealey,,693,,,8033877567,,,,491 Chapel Creek dr,,Santee,SC,29142,,,,,,,,,No,,,,,,,,,,,,,,,,,,,,,,,,,,,,,
Shirley Shuler,,6086,Shirley,Shuler,(803) 854-2733,,,,9371 Old Number Six Hwy,,Santee,SC,29142,,,,,,,,,Yes,,,,,,,,,,,,,,,,,,,,,,,,,,,,,
Shirley Simmons,,2912,,,8035363384,,,,127 gandy road,,Bowman,SC,29078,,,,,,,,,No,,,,,,,,,,,,,,,,,,,,,,,,,,,,,
Shirley Small,,2398,,,8038549097,,,,941 Bonner Ave,,,SC,,,,,,,,,,No,,,,,,,,,,,,,,,,,,,,,,,,,,,,,
Shirley Sumpter,,2351,,,8038543343,,,,790 Antioch Rd,,Santee,SC,,,,,,,,,,No,,,,,,,,,,,,,,,,,,,,,,,,,,,,,
Shirley Walls,,426,,,8038544338,,,,226 Cooper Dr   ,,Santee,SC,29142,,,,,,,"#fiberCustomer, #residential",,No,,,,,,,,,,,,,,,,,,,,,,,,,,,,,
Shirley Washington,,4432,,,3014495204,,,,207 1st st,,Santee,SC,29142,,,,,,,"#residential, #fiberCustomer",,No,,,,,,,,,,,,,,,,,,,,,,,,,,,,,
Shirlthy Cutler,,8602,Shirlthy, Cutler,(803) 759-5435,shirlmort@att.net,,,4 Peter Collinson Road,,Santee,SC,29142,Shirlethy, Cutler,,,,,,,Yes,,,,,,,,,,,,,,,,,,,,,,,,,,,,,
Shonda Andrews,,4879,Shonda,Gibbs,(843) 478-1310,,,,397 Harley Road,,Reevesville,SC,29471,Asberry,Andrews,(843) 452-4190,,,,,,No,,,,,,,,,,,,,,,,,,,,,,,,,,,,,
Shontisha McMath,,2355,,,8033084242,,,,911 Harlin St,,Elloree,SC,29047,,,,,,,,,No,,,,,,,,,,,,,,,,,,,,,,,,,,,,,
Shortys Horizon,,3121,,,,,,, PO box 511,,Norway ,SC,,,,,,,,,,No,,,,,,,,,,,,,,,,,,,,,,,,,,,,,
Shot Clariday,,5748,,,,,,,1294 St. Matthews Road,,Orangeburg,SC,29118,,,,,,,,,No,,,,,,,,,,,,,,,,,,,,,,,,,,,,,
Shovon Heyward,,8304,Shovon,Heyward,(843) 605-7134,shovonheyward90@gmail.com,,,124 Stono Circle,,Santee,SC,29142,,,,,,,,,Yes,,,,,,,,,,,,,,,,,,,,,,,,,,,,,
Shuler Group,,207,Shuler,Group,8035160555,,,,PO Box 1224,1797 Hillsboro Road,Orangeburg,SC,29116,,,,,,,,,No,,,,,,,,,,,,,,,,,,,,,,,,,,,,,
Shuler Houck,,1015,,,8038232675,,,,9508 Old State Rd.,,Cameron,SC,,,,,,,,,,No,,,,,,,,,,,,,,,,,,,,,,,,,,,,,
Shuler Houck,,3737,,,,,,,9508 Old State Road,,Cameron,SC,29030,,,,,,,,,No,,,,,,,,,,,,,,,,,,,,,,,,,,,,,
Shuman Foods,,739,Shuman,Foods,(843) 563-4327,,,Business,121 Shuman Dr,,Reevesville,SC,29471,,,,,,,,,No,,,,,,,,,,,,,,,,,,,,,,,,,,,,,
Shuyler Reid,,4324,,,8036553116,,,,190 Poplar Creek Drive,,Elloree,SC,29047,,,,,,,,,No,,,,,,,,,,,,,,,,,,,,,,,,,,,,,
Shykimia Jacques,,8039,Shykimia,Jacques,(803) 974-1084,Shycj2003@gmail.com,,,121 Lakeland Circle,C8,Santee,SC,29142,,,,,,,,,Yes,,,,,,,,,,,,,,,,,,,,,,,,,,,,,
Shyquashdria Wally,,3733,,,,,,,121 Tudon Rd,,Orangeburg,SC,29118,,,,,,,,,No,,,,,,,,,,,,,,,,,,,,,,,,,,,,,
Sidney Gleaton,,5344,Sidney,Gleaton,7707136526,,,,123 Cooper Circle,,Santee,SC,29142,,,,,,,"#fiberCustomer, #residential",,No,,,,,,,,,,,,,,,,,,,,,,,,,,,,,
Sidney Thomas  III M.D.,,76,,,,,,,915 John C Calhoun Dr.,,,SC,,,,,,,,,,No,,,,,,,,,,,,,,,,,,,,,,,,,,,,,
Sigma Tex,,4773,,,8039950464,,,,1 Sigma Tex way ,,Camron ,SC,,,,,,,,,,No,,,,,,,,,,,,,,,,,,,,,,,,,,,,,
Signarama,,4222,Signarama,,8035347575,,,,607 Broughton Street,,Orangeburg,SC,29115,,,,,,,,,No,,,,,,,,,,,,,,,,,,,,,,,,,,,,,
Signature Loan Services,,1100,,,8035850406,,,,921 Chestnut St,,Orangeburg,SC,29115,,,,,,,,,No,,,,,,,,,,,,,,,,,,,,,,,,,,,,,
Signs Plus,,141,Signs,Plus,(803) 707-0629,,,,811 Broughton Street,,Orangeburg,SC,29115,,,,,,,,,No,,,,,,,,,,,,,,,,,,,,,,,,,,,,,
Sihui Saidi S,,5803,,,8509802031,,,,731 Colleton Street,,Orangeburg,SC,29118,,,,,,,,,No,,,,,,,,,,,,,,,,,,,,,,,,,,,,,
Silver Springs Water District,,2659,Maxwell,.,8036822148,,,,6423 Savannah Hwy,,Neeses,SC,,,,,,,,,,No,,,,,,,,,,,,,,,,,,,,,,,,,,,,,
Silvia Dantzler,,2927,,,8037078037,,,,455 Lexington St,,Elloree,SC,29047,,,,,,,,,No,,,,,,,,,,,,,,,,,,,,,,,,,,,,,
Silvia Johnson,,3916,,,8036820522,,,,149 cavendish rd,,Bowman,SC,29018,,,,,,,,,No,,,,,,,,,,,,,,,,,,,,,,,,,,,,,
Simmons Funeral Home,,7873,Paul,Simmons,(803) 682-0438,,,,8824 Old Number Six Highway,,Santee,SC,29142,,,,,,,,,Yes,,,,,,,,,,,,,,,,,,,,,,,,,,,,,
Simpson Law Firm,,208,,,,,,,PO Box 29,,Orangeburg,SC,29116,,,,,,,,,No,,,,,,,,,,,,,,,,,,,,,,,,,,,,,
Sims Realty,,3001,,,8035346911,,,,1408 Russell St,,,SC,,,,,,,,,,No,,,,,,,,,,,,,,,,,,,,,,,,,,,,,
Sital Patel,,7998,Sital ,Patel,(912) 398-4506,Shitalpatel23@yahoo.com,,,410 Fairway Lane,,Santee,SC,29142,,,,,,,,,Yes,,,,,,,,,,,,,,,,,,,,,,,,,,,,,
Site Prep Inc,,2477,,,8035341380,,,,671 Neeses Rd,,Orangeburg,SC,29115,,,,,,,,,No,,,,,,,,,,,,,,,,,,,,,,,,,,,,,
Skip Welch Construction,,3666,,,8037074246,,,,1331 Lake Edisto Road,,Orangeburg,SC,29118,,,,,,,,,No,,,,,,,,,,,,,,,,,,,,,,,,,,,,,
Skyler Kelly,,6180,Skyler,Kelly,(803) 662-1049,,,,2216 Tee Vee Road,,Elloree,SC,29047,,,,,,,,,Yes,,,,,,,,,,,,,,,,,,,,,,,,,,,,,
Sloan Davis,,3669,Alfred,Jarvis,(803) 682-2736,,,,5419 Cameron Road,,Cameron,SC,29030,,,,,,,,,No,,,,,,,,,,,,,,,,,,,,,,,,,,,,,
Slumberland Motel,,,,,8035345081,,,,1440 Five Chop Rd,,Orangeburg,SC,29115,,,,,,,#Hospitality,,No,,,,,,,,,,,,,,,,,,,,,,,,,,,,,
Smileys Electric,,1572,,,8039432740,,,,424 East Palmetto Ave,,Varnville,SC,29944,,,,,,,,,No,,,,,,,,,,,,,,,,,,,,,,,,,,,,,
Smith 66,,5507,,,8035348335,,,,1692 Columbia Rd,,Orangeburg,SC,29118,,,,,,,,,No,,,,,,,,,,,,,,,,,,,,,,,,,,,,,
Smith Services Inc,,209,,,,,,,2900 Five Chop Rd,,Orangeburg,SC,29115,,,,,,,,,No,,,,,,,,,,,,,,,,,,,,,,,,,,,,,
Smith Trucking Inc.,,210,Smith,Trucking Inc.,(803) 829-2552,,,,5605 Vance Road,,Bowman,SC,29018,,,,,,,,,No,,,,,,,,,,,,,,,,,,,,,,,,,,,,,
Smith's 66,,8186,Clay,Lee,(803) 534-8335,claylee.smiths66@gmail.com,,,1692 Columbia Road,,Orangeburg,SC,29115,,,,,,,,,Yes,,,,,,,,,,,,,,,,,,,,,,,,,,,,,
Smith's Exxon,,5351,Tori,Mizzell,(803) 854-2687,,General Manager,,9039 Old Number Six Hwy,,Santee,SC,29142,Parker,Boehme,(843) 812-4646,,Owner,,,,No,,,,,,,,,,,,,,,,,,,,,,,,,,,,,
Socorro Aguilar,,8562,Socorro,Aguilar,(909) 560-4541,turtlecora@yahoo.com,,,140 Green Ct,,Santee,South Carolina,29142-8672,,,,,,,,,Yes,,,,,,,,,,,,,,,,,,,,,,,,,,,,,
Sofia Berry ,,4283,,,8435600235,,,,102 Kenai dr ,,Reevesville,SC,29471,,,,,,,,,No,,,,,,,,,,,,,,,,,,,,,,,,,,,,,
Sohini Patel,,5054,,,8037471619,,,,1141 Nelson st,,Orangeburg ,SC,,,,,,,,,,No,,,,,,,,,,,,,,,,,,,,,,,,,,,,,
Sohiniben Patel,,3254,,,8037471493,,,,134 Key Port Ct,,,SC,,,,,,,,,,No,,,,,,,,,,,,,,,,,,,,,,,,,,,,,
Sohiniben Patel,,3520,,,8037471493,,,,151 key port ct,,,SC,,,,,,,,,,No,,,,,,,,,,,,,,,,,,,,,,,,,,,,,
Solange Roque,,3071,,,8645532806,,,,215 Cooper Dr,,Santee ,SC,29142,,,,,,,"#fiberCustomer, #residential",,No,,,,,,,,,,,,,,,,,,,,,,,,,,,,,
Solar Solutuons ,,4555,,,8039554949,,,,2017 Augusta Hwy,,Lexington,SC,29072,,,,,,,,,No,,,,,,,,,,,,,,,,,,,,,,,,,,,,,
Soleil & Deangelo Williams,,8698,Soleil,Williams,(646) 940-4889,soleilcwilliams@gmail.com,,,645 Perch Ln,,Santee,South Carolina,29142-9525,,,,,,,,,Yes,,,,,,,,,,,,,,,,,,,,,,,,,,,,,
Sonia King,,3034,,,8033004263,,,,256 Boo Circle,,Santee,SC,29142,,,,,,,,,No,,,,,,,,,,,,,,,,,,,,,,,,,,,,,
Sonic Drive In,,433,Kem,Williams,8035345070,,,,2564 North Road,,Orangeburg,SC,,,,,,,,,,No,,,,,,,,,,,,,,,,,,,,,,,,,,,,,
Sonic Drive-In,,1434,,,,,,,2564 North Rd,,Orangeburg,SC,29118,,,,,,,,,No,,,,,,,,,,,,,,,,,,,,,,,,,,,,,
Sonja Dantzler,,1199,,,8038972402,,,,7243 Old Number Six Highway,,Elloree,SC,29047,,,,,,,,,No,,,,,,,,,,,,,,,,,,,,,,,,,,,,,
Sonja King,,2146,,,8038972056,,,,256 boo circle,,santee,SC,29142,,,,,,,,,No,,,,,,,,,,,,,,,,,,,,,,,,,,,,,
Sonna Okoronkwo ,,4270,,,,,,,4233 Cameron rd ,,Cameron ,SC,,,,,,,,,,No,,,,,,,,,,,,,,,,,,,,,,,,,,,,,
Sonya Connor,,4299,Sonya,Connor,8038544034,,,,19 Andre Michaux                ,,Santee,SC,29142,,,,,,,,,No,,,,,,,,,,,,,,,,,,,,,,,,,,,,,
Sonya Montgomery,,1538,Sonya,Montgomery,8038543384,,,,1090 Sanoree Drive,,Santee,SC,29142,,,,,,,"#fiberCustomer, #residential",,No,,,,,,,,,,,,,,,,,,,,,,,,,,,,,
Sonya Robinson,,349,,,8038292428,,,,276 Delmont Rd.,,Bowman,SC,29018,,,,,,,,,No,,,,,,,,,,,,,,,,,,,,,,,,,,,,,
Sonya Test,,1165,,,8439090428,,,,310 E Barkley Street,,Elloree,SC,29047,,,,,,,,,No,,,,,,,,,,,,,,,,,,,,,,,,,,,,,
Sonya Williams,,1920,,,8034928564,,,,129 Roly Poly Rd,,Eutawville,SC,29048,,,,,,,,,No,,,,,,,,,,,,,,,,,,,,,,,,,,,,,
Sophia Brown,,1687,Sophia,Brown,(803) 347-5115,,,,102 Summerlane Dr Apt. 5,,Santee,SC,29142,,,,,,,,,No,,,,,,,,,,,,,,,,,,,,,,,,,,,,,
Sophia Brown,,3002,Sophia,Brown,8033475115,,,,1720 Bass Dr,,Santee,SC,29142,,,,,,,,,No,,,,,,,,,,,,,,,,,,,,,,,,,,,,,
Sophia Johnson,,2545,,,8038571543,,,,180 Cantey Dr,Apt 229,,SC,,,,,,,,,,No,,,,,,,,,,,,,,,,,,,,,,,,,,,,,
Sophia Smith,,1617,Sophia,Smith,(803) 290-6850,,,,139 Cheryl Lane,,Santee,SC,,,,,,,,,,No,,,,,,,,,,,,,,,,,,,,,,,,,,,,,
Soporiadena Wade,,5969,Soporiadena,Wade,(843) 560-4195,,,,103 Main Street,,Reevesville,SC,29471,,,,,,,,,Yes,,,,,,,,,,,,,,,,,,,,,,,,,,,,,
Soul Seeker Redeemed Ministries,,8592,Gail,Davis,(954) 513-7064,gaildavis4276@gmail.com,,,1580 Bass Dr,C,Santee,South Carolina,29142-8311,,,,,,,,,Yes,,,,,,,,,,,,,,,,,,,,,,,,,,,,,
South Carolina AFCS,,5073,,,,,,,300 College St NE,,Orangeburg,SC,29115,,,,,,,,,No,,,,,,,,,,,,,,,,,,,,,,,,,,,,,
South Carolina First Steps,,3192,,,8037340219,,,,1300 Sumter Street,,Columbia,SC,29201,,,,,,,,,No,,,,,,,,,,,,,,,,,,,,,,,,,,,,,
South Carolina State University,,2079,Monica,Davis,8038292367,,,,822 Bowman Branch Hwy,,Bowman ,SC,29018,,,,,,,,,No,,,,,,,,,,,,,,,,,,,,,,,,,,,,,
South State Bank,,8268,Dsr,Global,(877) 347-3079,,,,657 Bass Drive,,Santee,SC,29142,,,,,,,,,Yes,,,,,,,,,,,,,,,,,,,,,,,,,,,,,
SouthEast Outdoor Adventure Center,,5195,,,8435602427,,,,127 Dibble Street,,Bowman,SC,29018,,,,,,,,,No,,,,,,,,,,,,,,,,,,,,,,,,,,,,,
Southern Carolina Regional Cdc,,4333,,,8037932046,,,,422 Beech Ave,,Denmark ,SC,29042,,,,,,,,,No,,,,,,,,,,,,,,,,,,,,,,,,,,,,,
Southern Charm Nail and Skin Care,,8531,Katrina,Martin,(803) 531-1279,,,,1380 Wingate St,,Orangeburg,South Carolina,29118-2443,,,,,,,,,Yes,,,,,,,,,,,,,,,,,,,,,,,,,,,,,
Southern Cookers,,212,,,,,,,5674 North Rd,,Orangeburg,SC,29118,,,,,,,,,No,,,,,,,,,,,,,,,,,,,,,,,,,,,,,
Southern Crop Solutions ,,4531,,,8034965000,,,,PO Box 759,,Holly Hill,SC,29059,,,,,,,,,No,,,,,,,,,,,,,,,,,,,,,,,,,,,,,
Southern Kitchen Concepts,,213,,,,,,,1140 Glover Street,,Orangeburg,SC,29115,,,,,,,,,No,,,,,,,,,,,,,,,,,,,,,,,,,,,,,
Southern Lodge,,,Sam,Patel,8035317333,southernlodge@bellsouth.net,,,3616 Saint Matthews Rd,,Orangeburg,SC,29118,,,,,,,#Hospitality,,No,,,,,,,,,,,,,,,,,,,,,,,,,,,,,
Southern Methodist College,,214,David,Battle,(803) 682-2501,president@smcollege.com,,,541 Broughton St,,Orangeburg,SC,29115,,,,,,,,,No,,,,,,,,,,,,,,,,,,,,,,,,,,,,,
Southern Midlands Assoc of Reality,,215,,,8035365565,,,,920 Berry Street,,,SC,,,,,,,,,,No,,,,,,,,,,,,,,,,,,,,,,,,,,,,,
Southern Milling and Lumber,,6083,Scott,,(803) 655-5019,,,,366 Bridalwreath Drive,,Saint Matthews,SC,29135,,,,,,,,,Yes,,,,,,,,,,,,,,,,,,,,,,,,,,,,,
Southern Patio,,3793,,,8035391722,,,,.,,,SC,,,,,,,,,,No,,,,,,,,,,,,,,,,,,,,,,,,,,,,,
Southern Propane Services,,216,,,8035346215,,,,1169 John C Calhoun Dr.,,Orangeburg,SC,29115,,,,,,,,,No,,,,,,,,,,,,,,,,,,,,,,,,,,,,,
Southern Sales & Marketing Group Inc,,217,,,,,,,4400 Commerce Circle,,Atlanta,GA,30336,,,,,,,,,No,,,,,,,,,,,,,,,,,,,,,,,,,,,,,
Southern Tire & Auto LLC,,4241,,,8033783147,,,,204 Neeses Hwy,,Orangeburg,SC,29115,,,,,,,,,No,,,,,,,,,,,,,,,,,,,,,,,,,,,,,
Southern Welders,,2011,Southern,Welders,(803) 535-4750,,,,1715 Seal Street,,Orangeburg,SC,29115,,,,,,,,,No,,,,,,,,,,,,,,,,,,,,,,,,,,,,,
Southland Sanitation,,218,,,8032567276,,,,P O Box 9647,,Columbia,SC,29290,,,,,,,,,No,,,,,,,,,,,,,,,,,,,,,,,,,,,,,
SPCA,,3280,Betty,Jean,,,,,225 Ruf Road,,,SC,,,,,,,,,,No,,,,,,,,,,,,,,,,,,,,,,,,,,,,,
Spectrum Labs - Santee Family Medical Center,,2227,Dan,Miles,8038543940,,,,130 Plaza Cir,,Santee,SC,29142,,,,,,,,,No,,,,,,,,,,,,,,,,,,,,,,,,,,,,,
Spencer Harris,,6171,Spencer,Harris,(419) 704-7047,,,,127 Cooper Circle,,Santee,SC,29142,,,,,,,"#fiberCustomer, #residential",,Yes,,,,,,,,,,,,,,,,,,,,,,,,,,,,,
Spencer Jumper,,2919,,,8035343383,,,,4459 Charleston Hwy,,,SC,,,,,,,,,,No,,,,,,,,,,,,,,,,,,,,,,,,,,,,,
Spike Trucking,,5847,,,8036645223,,,,130 Forest Brooks Drive,,Neeses,SC,29017,,,,,,,,,No,,,,,,,,,,,,,,,,,,,,,,,,,,,,,
Spires Heating and air,,8544,Abby,Smith,(803) 707-7723,,,,4760 Old State Rd,,St Matthews,South Carolina,29135-8475,,,,,,,,,Yes,,,,,,,,,,,,,,,,,,,,,,,,,,,,,
Sports Plus,,219,,,,,,,119 Officepark Dr,,Orangeburg,SC,29118-2407,,,,,,,,,No,,,,,,,,,,,,,,,,,,,,,,,,,,,,,
Sportsman's Club,,2782,Tanny,.,8039740207,,,,Wild Hearts Rd,,Cameron,SC,,,,,,,,,,No,,,,,,,,,,,,,,,,,,,,,,,,,,,,,
Sportsman's Truck & Auto,,3085,,,8437614271,,,,447 North Hwy 52,,Moncks Corner,SC,29461,,,,,,,,,No,,,,,,,,,,,,,,,,,,,,,,,,,,,,,
SSMG Warehousing and Distrobution,,3713,,,,,,,1007 Patio Parkway,,Rowesville,SC,29133,,,,,,,,,No,,,,,,,,,,,,,,,,,,,,,,,,,,,,,
ST Ann Catholic Church,,5091,,,,,,,2205 State Park RD ,,Santee ,SC,29142,,,,,,,,,No,,,,,,,,,,,,,,,,,,,,,,,,,,,,,
St Faith Tabernacle deliverance Temple,,5069,Angela,Rumph,6783682670,,,,1131 Amelia St,,Orangeburg,SC,29115,,,,,,,,,No,,,,,,,,,,,,,,,,,,,,,,,,,,,,,
St Matthews Ambulance Service,,3378,,,8036555116,,,,101 Herlong Ave,,St Matthews,SC,29135,,,,,,,,,No,,,,,,,,,,,,,,,,,,,,,,,,,,,,,
St Matthews Family Pratice,,1126,,,8038743902,,,,725 Harry C Raysor Drive,,St Matthews,SC,29135,,,,,,,,,No,,,,,,,,,,,,,,,,,,,,,,,,,,,,,
St Matthews Police Department,,3746,St,Matthews Police Department,(803) 874-2131,,,,P O Box 172,,St Matthews,SC,29135,,,,,,,,,No,,,7315,,,,,,,,,,,,,,,,,,,,,,,,,,
St Paul Baptist Church,,2426,St,Paul Baptist Church,8035366213,,,,2259 Rowesville Road,,Orangeburg,SC,,,,,,,,,,No,,,,,,,,,,,,,,,,,,,,,,,,,,,,,
St Pauls United Methodist Church,,1611,Eva,Pauls United Methodist Church,(803) 534-1071,,,,1356 Amelia St.,,Orangeburg,SC,29115,,,,,,,,,No,,,,,,,,,,,,,,,,,,,,,,,,,,,,,
St. Andrews United Methodist Church,,220,Mary,Beth,(803) 533-8376,,,,1980 Columbia Road,,Orangeburg,SC,29115,,,,,,,,,No,,,,,,,,,,,,,,,,,,,,,,,,,,,,,
St. George Apiary,,2889,Langston,Hilton,(803) 857-1748,,,,101 Rigby Street,,Reevesville,SC,,Langston,Hilton,(803) 857-1748,,,,,,No,,,,,,,,,,,,,,,,,,,,,,,,,,,,,
St. George Baptist Church,,5032,St.,George Baptist Church,(803) 662-4978,,,,2590 Shillings Bridge Rd,,Orangeburg,SC,29115,,,,,,,,,No,,,,,,,,,,,,,,,,,,,,,,,,,,,,,
St. Matthews Court,,8629,Flora,Fordham,(803) 874-2400,,,,,,,,,,,,,,,,,Yes,,,7663,,,,,,,,,,,,,,,,,,,,,,,,,,
St. Matthews Fire Department,,8397,St. Matthews,Fire Department,,,,New Location,220 Bynum St,,St Matthews,South Carolina,29135-1270,,,,,,,,,Yes,,,,,,,,,,,,,,,,,,,,,,,,,,,,,
Stacey Bogoslofski,,8107,Stacey,Bogoslofski,(860) 324-0452,,,,513 Ballard Lane,,Santee,SC,29142,,,,,,,,,Yes,,,,,,,,,,,,,,,,,,,,,,,,,,,,,
Stacey Doak,,7920,Stacey,Doak,(843) 437-8866,,,,489 Santee Dr,,Santee,SC,29142,,,,,,,"#fiberCustomer, #residential",,Yes,,,,,,,,,,,,,,,,,,,,,,,,,,,,,
Stacey Gilmore,,1413,Stacey,Gilmore,(803) 378-9711,,,Home Address,205 parklane Dr,,Santee,SC,29142,Jerry,Gilmore,(803) 378-9711,,,,"#fiberCustomer, #residential",,No,,,,,,,,,,,,,,,,,,,,,,,,,,,,,
Stacey Harrington,,2847,Stacey,Harrington,8433450062,,,,115 Ballards Ln,,Santee,SC,29442,,,,,,,,,No,,,,,,,,,,,,,,,,,,,,,,,,,,,,,
Stacey Watson,,2340,,,8038545059,,,,547 Resort St,,Santee,SC,29142,,,,,,,,,No,,,,,,,,,,,,,,,,,,,,,,,,,,,,,
Stacie Bundy,,4588,,,8037470299,,,,190 Pepsie St ,,Nesses ,SC,,,,,,,,,,No,,,,,,,,,,,,,,,,,,,,,,,,,,,,,
Stacy Brickle,,3061,,,8038379835,,,,1720 Churchhill Rd,,Orangeburg,SC,29118,,,,,,,,,No,,,,,,,,,,,,,,,,,,,,,,,,,,,,,
Stacy Dukes,,2886,,,8036821380,,,,1793 Rowesville Rd,,Orangeburg,SC,29115,,,,,,,,,No,,,,,,,,,,,,,,,,,,,,,,,,,,,,,
Stacy Francis,,8078,Stacy,Francis,(803) 596-1187,,,,113 Edisto Drive,,Santee,SC,29142,,,,,,,,,Yes,,,,,,,,,,,,,,,,,,,,,,,,,,,,,
Stand For Christ Ministry,,2639,Wanda,Mintz,8036648003,,,,252 Whitiker Parkway,,Orangeburg,SC,29115,,,,,,,,,No,,,,,,,,,,,,,,,,,,,,,,,,,,,,,
Stanley Brunson,,8695,Stanley,Brunson,(843) 457-3528,brunsonrusty@gmail.com,,,424 Santee Dr,,Santee,South Carolina,29142-9305,,,,,,,,,Yes,,,,,,,,,,,,,,,,,,,,,,,,,,,,,
Star Gugino,,4874,,,8035700251,,,,4005 Homestead Road,,Bowman,SC,29018,,,,,,,,,No,,,,,,,,,,,,,,,,,,,,,,,,,,,,,
Star Gugino,,5487,,,,,,,,,,,,,,,,,,,,No,,,,,,,,,,,,,,,,,,,,,,,,,,,,,
Starbucks S62164,,6090,Kaylyn,Fillmor,(206) 318-8248,,,Santee,9033 Old Number Six,,Santee,SC,29142,,,,,,,,,Yes,,,,,,,,,,,,,,,,,,,,,,,,,,,,,
Starlight Stays,,,,,8033390808,,,,5342 Alex Harvin Hwy,,Manning,SC,29102,,,,,,,#Hospitality,,No,,,,,,,,,,,,,,,,,,,,,,,,,,,,,
Stella Stack ,,4481,,,8035962716,,,,1954 forest brook dr ,,Neeses ,SC,29107,,,,,,,,,No,,,,,,,,,,,,,,,,,,,,,,,,,,,,,
Stephanie Bernard,,2383,,,8032268225,,,,1319 Bonner Ave,,Santee,SC,29142,,,,,,,,,No,,,,,,,,,,,,,,,,,,,,,,,,,,,,,
Stephanie Brown,,2596,,,8038292351,,,,103 Canal St,,Bowman,SC,29018,,,,,,,,,No,,,,,,,,,,,,,,,,,,,,,,,,,,,,,
Stephanie Day,,2296,,,7403613330,,,,385 S Lexington Rd,,Elloree,SC,29047,,,,,,,,,No,,,,,,,,,,,,,,,,,,,,,,,,,,,,,
Stephanie Debose,,2035,,,8038542651,,,,106 Midtown Cir,,Santee,SC,29042,,,,,,,,,No,,,,,,,,,,,,,,,,,,,,,,,,,,,,,
Stephanie Debose,,5954,Stephanie ,Debose,(803) 974-9822,,,3351 Tee Vee Road,,,Santee,SC,29142,,,,,,,,,Yes,,,,,,,,,,,,,,,,,,,,,,,,,,,,,
Stephanie Debose,,7821,Stephanie,Debose,(803) 974-0791,,,,3351 Tee Vee Road,,Santee,SC,29142,,,,,,,,,Yes,,,,,,,,,,,,,,,,,,,,,,,,,,,,,
Stephanie Jamison,,2393,,,8038542161,,,,145 Ballard Ln,,,SC,,,,,,,,,,No,,,,,,,,,,,,,,,,,,,,,,,,,,,,,
Stephanie Miles,,3761,,,8037933577,,,,51 Old Salem Rd,,Hilda,SC,29812,,,,,,,,,No,,,,,,,,,,,,,,,,,,,,,,,,,,,,,
Stephanie Mitchum,,4543,,,8035968206,,,,155 Ponderosa path,,Elloree,SC,,,,,,,,,,No,,,,,,,,,,,,,,,,,,,,,,,,,,,,,
Stephanie Morgan,,4068,,,,,,,135 natureview court ,,Bowman ,SC,,,,,,,,,,No,,,,,,,,,,,,,,,,,,,,,,,,,,,,,
Stephanie Powell,,1940,,,8036148434,,,,110 Elephant Rd.,,Santee,SC,29142,,,,,,,,,No,,,,,,,,,,,,,,,,,,,,,,,,,,,,,
Stephanie Reed,,603,,,8038973216,,,,6930 Old Number Six Hwy,,,SC,,,,,,,,,,No,,,,,,,,,,,,,,,,,,,,,,,,,,,,,
Stephanie Rose,,2418,,,8038291483,,,,6140 Charleston Hwy,,Bowman,SC,29018,,,,,,,,,No,,,,,,,,,,,,,,,,,,,,,,,,,,,,,
Stephanie Salley,,498,,,8038543605,,,,522 Sheard Dr    ,,Santee,SC,29142,,,,,,,,,No,,,,,,,,,,,,,,,,,,,,,,,,,,,,,
Stephanie Sweatman,,3004,,,8037077399,,,,153 Country Rd,,Bowman,SC,29018,,,,,,,,,No,,,,,,,,,,,,,,,,,,,,,,,,,,,,,
Stephanie Varner,,5967,Stephanie ,Varner,(843) 737-1861,,,,428 Rim Street,,Holly Hill,SC,,,,,,,,,,Yes,,,,,,,,,,,,,,,,,,,,,,,,,,,,,
Stephanie Weaver,,4928,,,3163715895,,,,193 Ballards Ln,,Santee,SC,29142,,,,,,,,,No,,,,,,,,,,,,,,,,,,,,,,,,,,,,,
Stephanie Welch,,5501,,,8037478720,,,,welch,,Orangeburg,SC,29115,,,,,,,,,No,,,,,,,,,,,,,,,,,,,,,,,,,,,,,
Stephany Starks,,496,,,8038543455,,,,135 Naval Station Rd  ,,Santee,SC,29142,,,,,,,,,No,,,,,,,,,,,,,,,,,,,,,,,,,,,,,
Stephen Alewine,,5301,,,8039710716,,,,313 Noel Dr,,Vance,SC,29163,,,,,,,,,No,,,,,,,,,,,,,,,,,,,,,,,,,,,,,
Stephen Evans,,3556,,,8039749851,,,,2216 tee vee rd,,Elloree ,SC,,,,,,,,,,No,,,,,,,,,,,,,,,,,,,,,,,,,,,,,
Stephen Rutledge,,4551,,,8645250809,,,,4665 Five Chop Road,,Cameron,SC,29030,,,,,,,,,No,,,,,,,,,,,,,,,,,,,,,,,,,,,,,
Stephen Smith,,4518,,,8033000267,,,,505 Collins ave,,Hilda ,SC,29813,,,,,,,,,No,,,,,,,,,,,,,,,,,,,,,,,,,,,,,
Stephen Smith,,1728,,,8038292706,,,,670 Oliver St,,Bowman,SC,29018,,,,,,,,,No,,,,,,,,,,,,,,,,,,,,,,,,,,,,,
Stephen Wimmer,,8260,Stephen,Wimmer,(843) 735-9673,,,,160 Par Court,,Santee,SC,29142,,,,,,,,,Yes,,,,,,,,,,,,,,,,,,,,,,,,,,,,,
Stephine Johnson,,1324,,,8064964610,,,,828 Moncks Corner Road,,Eutawville,SC,29048,,,,,,,,,No,,,,,,,,,,,,,,,,,,,,,,,,,,,,,
Stephine Owens,,3259,,,8036826855,,,,1262 Eutaw Street,,Orangeburg,SC,,,,,,,,,,No,,,,,,,,,,,,,,,,,,,,,,,,,,,,,
Stephon Void,,2415,,,8037475027,,,,210 alpha dr,,Bowman,SC,,,,,,,,,,No,,,,,,,,,,,,,,,,,,,,,,,,,,,,,
Stepping Stone Counseling,,3939,,,8036034417,,,,4942 Neeses Hwy,,Neeses,SC,29107,,,,,,,,,No,,,,,,,,,,,,,,,,,,,,,,,,,,,,,
Steve & Gail Bickel,,4062,,,8033871989,,,,141 Gun powder Trail,,Cameron,SC,29030,,,,,,,,,No,,,,,,,,,,,,,,,,,,,,,,,,,,,,,
Steve & Kathy Wiles,,1043,,,8038232046,,,,108 Cardinal Rd.,,Elloree,SC,29047,,,,,,,,,No,,,,,,,,,,,,,,,,,,,,,,,,,,,,,
Steve Anderson,,2357,,,4199024206,,,,116 Saluda Dr,,Santee,SC,29142,,,,,,,"#fiberCustomer, #residential",,No,,,,,,,,,,,,,,,,,,,,,,,,,,,,,
Steve Bickel,,1648,Steve,Bickel,(803) 261-3372,,,,141 GunPowder trail,,Cameron,SC,29030,,,,,,,,,No,,,,,,,,,,,,,,,,,,,,,,,,,,,,,
Steve Cacciola,,3251,,,8036823152,,,,129 Ballard Point phase 2,,Santee,SC,29142,,,,,,,,,No,,,,,,,,,,,,,,,,,,,,,,,,,,,,,
Steve Coker,,3386,,,8036824333,,,,155 Elaine Rd,,Elloree SC ,,,,,,,,,,,No,,,,,,,,,,,,,,,,,,,,,,,,,,,,,
Steve Cotter,,8060,Steve,Cotter,(843) 566-3943,stevecotter1970@gmail.com,,Service Address,118 Britain Street,212,Santee,SC,29142,,,,,,,"#fiberCustomer, #residential",,Yes,,,,,,,,,,,,,,,,,,,,,,,,,,,,,
Steve Nichols,,563,,,2292542945,,,,413 Ballards Ln,,Santee,SC,29142,,,,,,,,,No,,,,,,,,,,,,,,,,,,,,,,,,,,,,,
Steve Peterson,,5644,Steve,Peterson,3094340959,,,,214 Cooper Dr,,Santee,SC,29142,,,,,,,"#fiberCustomer, #residential",,No,,,,,,,,,,,,,,,,,,,,,,,,,,,,,
Steve Radabaugh,,8578,Steve,Radabaugh,(614) 499-5466,bucknuts4life@gmail.com,,,111 Cooper Cir,,Santee,South Carolina,29142-9314,,,,,,,,,Yes,,,,,,,,,,,,,,,,,,,,,,,,,,,,,
Steve Reifert,,3385,,,,,,,696 Picketlevel Rd,,Santee,SC,29047,,,,,,,,,No,,,,,,,,,,,,,,,,,,,,,,,,,,,,,
Steve Reisert,,5361,,,3526010459,,,,4767 Cleveland st,,Elloree ,SC,,,,,,,,,,No,,,,,,,,,,,,,,,,,,,,,,,,,,,,,
Steve Sauls,,1733,,,8038972782,,,,119 Sorin Cir,,Elloree,SC,29047,,,,,,,,,No,,,,,,,,,,,,,,,,,,,,,,,,,,,,,
Steve Sisk,,1756,,,8039740465,,,,2737 Cleveland St # 112,,Elloree,SC,29047,,,,,,,,,No,,,,,,,,,,,,,,,,,,,,,,,,,,,,,
Steve Triplett III,,2361,,,8038292507,,,,377 Country Rd,,Bowman,SC,,,,,,,,,,No,,,,,,,,,,,,,,,,,,,,,,,,,,,,,
Steve Williams,,5251,,,8037071042,,,,2243 Riverbank Dr,,Orangebujrg,SC,29118,,,,,,,,,No,,,,,,,,,,,,,,,,,,,,,,,,,,,,,
Steven Anderson,,5074,,,3528748187,,,,6613 Old numbersix hwy,,Elloree,SC,,,,,,,,,,No,,,,,,,,,,,,,,,,,,,,,,,,,,,,,
Steven Breland,,5078,Steven,Breland,8435601794,,,,331 Green st ,,Santee,SC,,,,,,,,"#fiberCustomer, #residential",,No,,,,,,,,,,,,,,,,,,,,,,,,,,,,,
Steven Cline,,3430,,,8032403661,,,,403 Ballard Lane,,Santee,SC,,,,,,,,,,No,,,,,,,,,,,,,,,,,,,,,,,,,,,,,
Steven Gallager,,4894,,,7722245846,,,,124 Whistling Swan,,Elloree,SC,29047,,,,,,,,,No,,,,,,,,,,,,,,,,,,,,,,,,,,,,,
Steven Gifford,,8227,Steven,Gifford,(859) 466-0980,stevengifford0132@gmail.com,,,144 William Clark Boulevard,,Santee,SC,29142,,,,,,,,,Yes,,,,,,,,,,,,,,,,,,,,,,,,,,,,,
Steven Griffith,,7950,Steve,Griffith,(803) 707-9258,,,,,,,,,,,,,,,,,Yes,,,,,,,,,,,,,,,,,,,,,,,,,,,,,
Steven Holloway,,3491,,,8039711016,,,,365 barcelona dr,,Santee,SC,29142,,,,,,,,,No,,,,,,,,,,,,,,,,,,,,,,,,,,,,,
Steven Holloway,,2885,,,8034108713,,,,12053 Old Number Six Hwy,,Eutawville,SC,29048,,,,,,,,,No,,,,,,,,,,,,,,,,,,,,,,,,,,,,,
Steven Hughes,,5616,Steven,Hughes,(864) 252-6050,,,,3296 homestead rd,,bowman,SC,29102,,,,,,,,,No,,,,,,,,,,,,,,,,,,,,,,,,,,,,,
Steven Jobe,,2769,,,8037075409,,,,37 Pond View Ln,,Elloree ,SC,29047,,,,,,,,,No,,,,,,,,,,,,,,,,,,,,,,,,,,,,,
Steven Jobe,,399,,,8038540119,,,,P.O. Box 1052,37 Pond view lane,elloree,SC,29142,,,,,,,,,No,,,,,,,,,,,,,,,,,,,,,,,,,,,,,
Steven Motyka,,5102,Steven,Motyka,(843) 494-0587,,,,131 Wateree Dr,,Santee,SC,29047,,,,,,,"#fiberCustomer, #residential",,No,,,,,,,,,,,,,,,,,,,,,,,,,,,,,
Steven Myers,,448,,,8033783494,,,,2126 Bonner Ave      ,,Santee    ,SC,29142,,,,,,,,,No,,,,,,,,,,,,,,,,,,,,,,,,,,,,,
Steven Profit,,4953,,,8432092128,,,,336 4th St,,Santee,SC,29142,,,,,,,"#fiberCustomer, #residential",,No,,,,,,,,,,,,,,,,,,,,,,,,,,,,,
Steven Taylor,,4318,,,8033472087,,,,270 Oak St ,,Bowman,SC,,,,,,,,,,No,,,,,,,,,,,,,,,,,,,,,,,,,,,,,
Steven Thorn,,2647,,,8033872855,,,,121 Cooper Dr,,Santee,SC,29142,,,,,,,"#fiberCustomer, #residential",,No,,,,,,,,,,,,,,,,,,,,,,,,,,,,,
Steven Wolfe,,8644,Steven,Wolfe,(843) 367-1655,spwolfe33@gmail.com,,,124 First St,,Santee,South Carolina,29142-8834,,,,,,,,,Yes,,,,,,,,,,,,,,,,,,,,,,,,,,,,,
Stevick McNeil,,355,,,8036643755,,,,165 Knowles St,,,SC,,,,,,,,,,No,,,,,,,,,,,,,,,,,,,,,,,,,,,,,
Stevie Stevenson,,1001,,,8038232033,,,,320 Harvest Dr,,Cameron,SC,,,,,,,,,,No,,,,,,,,,,,,,,,,,,,,,,,,,,,,,
Stewart Eames,,1031,,,8038549715,,,,145 Saluda Dr,,Santee,SC,29142,,,,,,,"#fiberCustomer, #residential",,No,,,,,,,,,,,,,,,,,,,,,,,,,,,,,
Stewart Martenson,,5362,Stewart,Martenson,8038579883,,,,108 Cooper Circle,,Santee,SC,29142,,,,,,,"#fiberCustomer, #residential",,No,,,,,,,,,,,,,,,,,,,,,,,,,,,,,
STH Liquidation Inc,,5471,Dewight,Bass,8433029400,,,,9393 Old Number Six Hwy,,Santee,SC,,Dallas,,(843) 446-4159,,,,,,No,,,,,,,,,,,,,,,,,,,,,,,,,,,,,
Still Walter Tool,,221,,,,,,,P O Box 464,,Orangeburg,SC,29116,,,,,,,,,No,,,,,,,,,,,,,,,,,,,,,,,,,,,,,
Stillinger's Body Shop,,6240,Stillinger's Body Shop,,(803) 534-8213,,,,3150 Bamberg Road,,Orangeburg,SC,29115,,,,,,,,,Yes,,,,,,,,,,,,,,,,,,,,,,,,,,,,,
Stoney Bachman,,7885,Stoney,Bachman,(803) 308-3910,,,,,,,,,,,,,,,,,Yes,,,,,,,,,,,,,,,,,,,,,,,,,,,,,
Storage of santee,,8341,Melvin,Dash,(803) 614-2034,,,,1901 Bass Dr,,Santee,South Carolina,29142-8987,,,,,,,,,Yes,,,,,,,,,,,,,,,,,,,,,,,,,,,,,
StorageCraft Technology Corporation,,1116,,,,,,,121 West Election Road  Suite 110 ,,,SC,,,,,,,,,,No,,,,,,,,,,,,,,,,,,,,,,,,,,,,,
Streakwave,,392,Steve,Braden,8886045234,,,,840 Jury Ct.,,San Jose,CA,95112,,,,,,,,,No,,,,,,,,,,,,,,,,,,,,,,,,,,,,,
Strobel Tire & Oil Co.,,222,,,,,,,1782 Old Edisto Dr.,,,SC,,,,,,,,,,No,,,,,,,,,,,,,,,,,,,,,,,,,,,,,
Strock Farms,,4009,Strock,Farms,8038972435,,,,907 Midway rd,,Elloree,,,Kacy,Strock,(843) 560-6292,,,,,,No,,,,,,,,,,,,,,,,,,,,,,,,,,,,,
Strock Farms,,4010,Susan,Strock,8038972435,,,,907 Midway rd,, ,SC,,,,,,,,,,No,,,,,,,,,,,,,,,,,,,,,,,,,,,,,
Strock Trucking LLC,,5150,Strock,Trucking LLC,(803) 837-3269,,,,897 Midway Rd,,Elloree,SC,29047,,,,,,,,,No,,,,,,,,,,,,,,,,,,,,,,,,,,,,,
Strom Altman,,8362,Storm,Altman,(843) 696-4975,saltman@stokesauto.com,,,473 Santee Dr,,Santee,South Carolina,29142-9304,,,,,,,,,Yes,,,,,,,,,,,,,,,,,,,,,,,,,,,,,
Stuart Jackson,,5875,Stuart,Jackson,(803) 878-9775,jacksonstuartwork@gmail.com,,,2332 Northview Drive,,Orangeburg,SC,29118,,,,,,,,,No,,,,,,,,,,,,,,,,,,,,,,,,,,,,,
Substation 2,,5405,Substation,2,8038549600,,,,190 A SanteeRiverplaza,,Santee,SC,,,,,,,,,,No,,,,,,,,,,,,,,,,,,,,,,,,,,,,,
Subway of Santee,,1749,Subway,of Santee,(803) 387-9877,,,,9048 Old Number Six Hwy,,Santee,SC,29142,,,,,,,,,No,,,,,,,,,,,,,,,,,,,,,,,,,,,,,
Subway Santee,,5828,Subway,Santee,5166604293,,,,9048 Old Number six Hwy,,Santee,SC,29142,,,,,,,,,No,,,,,,,,,,,,,,,,,,,,,,,,,,,,,
Sue Davis,,2519,Sue,Davis,8038293353,,,,6505 Charleston hwy,,Bowman,SC,,,,,,,,,,No,,,,,,,,,,,,,,,,,,,,,,,,,,,,,
Sue Fanning,,5711,Sue,Fanning,8032105631,,,,4478 Neeses Rd,,Neeses,SC,29107,,,,,,,,,No,,,,,,,,,,,,,,,,,,,,,,,,,,,,,
Sue Fanning,,5736,,,8036624322,,,,4478 Neeses Hwy,,Neeses,SC,,,,,,,,,,No,,,,,,,,,,,,,,,,,,,,,,,,,,,,,
Sue Mainzer,,1969,Sue,Mainzer,(803) 290-3092,,,,131 Cooper Circle,,Santee,SC,29142,,,,,,,"#fiberCustomer, #residential",,No,,,,,,,,,,,,,,,,,,,,,,,,,,,,,
Sue Moricle,,1134,,,,,,,123 Saluda Dr,,Santee,SC,29142,,,,,,,"#fiberCustomer, #residential",,No,,,,,,,,,,,,,,,,,,,,,,,,,,,,,
Sugar N Spice Child Care Center,,8062,Dianne,McKeown,(803) 531-3405,,,,131 Willington Drive Northeast,,Orangeburg,SC,29118,,,,,,,,,Yes,,,,,,,,,,,,,,,,,,,,,,,,,,,,,
Suite 7011 LLC,,7930,Kim,Williams,(803) 477-4188,Suite7011SC@gmail.com,,,7011 Charleston Highway,,Bowman,SC,29018,,,,,,,,,Yes,,,,,,,,,,,,,,,,,,,,,,,,,,,,,
Suleni Tenorio,,2280,,,8039749317,,,,7508 old number six hwy,,Santee,SC,29142,,,,,,,,,No,,,,,,,,,,,,,,,,,,,,,,,,,,,,,
Summerton Motel,,,,,8034858583,,,,48 S Church St,,Summerton,SC,29148,,,,,,,#Hospitality,,No,,,,,,,,,,,,,,,,,,,,,,,,,,,,,
Sumpter Law Office,,223,,,,,,,198 Docket Street  Suite 200,,,SC,,,,,,,,,,No,,,,,,,,,,,,,,,,,,,,,,,,,,,,,
Sun Keepers Tanning & Hair Salon,,2485,,,8035399300,,,,1153 Orangeburg Mall Circle,,Orangeburg,SC,29115,,,,,,,,,No,,,,,,,,,,,,,,,,,,,,,,,,,,,,,
Sunoco Gas Station,,5006,Sunoco,Gas Station,(803) 415-1451,,,,105 Joe S Jeffords Hwy SE,,Orangeburg ,SC,,,,,,,,,,No,,,,,,,,,,,,,,,,,,,,,,,,,,,,,
Sunset Trading - CellMark,,8596,Mike,Miller,(843) 425-8837,,,,2500 Rowesville Rd,,Orangeburg,South Carolina,29115-8200,,,,,,,,,Yes,,,,,,,,,,,,,,,,,,,,,,,,,,,,,
Sunshine Recycling,,4738,,,8033472708,,,,1105 Southland Road,,Orangeburg,SC,29115,,,,,,,,,No,,,,,,,,,,,,,,,,,,,,,,,,,,,,,
Sunshine Recycling,,224,,,,,,,1105 Southland Rd,,Orangeburg,SC,29115,,,,,,,,,No,,,,,,,,,,,,,,,,,,,,,,,,,,,,,
Super 8 Motel,,1779,,,8035311921,,,,610 John C Calhoun Dr,,Orangeburg,SC,,,,,,,,#Hospitality,,No,,,,,,,,,,,,,,,,,,,,,,,,,,,,,
Super 8 Motel - Santee,,3130,Super,8 Motel - Santee,(803) 974-9233,super8santee@gmail.com,,,9125 Old Hwy 6,,Santee,SC,29142,,,,,,,,,No,,,,,,,,,,,,,,,,,,,,,,,,,,,,,
Super Sod,,2613,Christin,.,8035314443,,,,193 Ballard Ln,,Santee,SC,29142,,,,,,,,,No,,,,,,,,,,,,,,,,,,,,,,,,,,,,,
Super Sod,,1109,Super,Sod,(803) 531-4443,,,,3086 Five Chop Rd,,Orangeburg,SC,29115,,,,,,,,,No,,,,,,,,,,,,,,,,,,,,,,,,,,,,,
Superior Honda,,225,,,8035316161,,,,282 John C Calhoun Drive,P O Box 2069,Orangeburg,SC,29116-2069,,,,,,,,,No,,,,,,,,,,,,,,,,,,,,,,,,,,,,,
Superior Motors,,226,Superior,Motors,8035341123,,,,835 Five Chop Road,P O Box 649,Orangeburg ,SC,29116,,,,,,,,,No,,,,,,,,,,,,,,,,,,,,,,,,,,,,,
Suresh Patel,,8032,Sureshbhai,Patel,(470) 214-9786,varunimahouse@gmail.com,,,135 William Clark Blvd,,Santee,SC,29142,,,,,,,,,Yes,,,,,,,,,,,,,,,,,,,,,,,,,,,,,
Surplus Wireless Gear,,1746,Lou,Evans,8884903645,sales@surpluswirelessgear.com,,,210 Montage Mountain Road Suite 6,,Moosic,PA,18507,,,,,,,,,No,,,,,,,,,,,,,,,,,,,,,,,,,,,,,
Susan Behles,,3878,Susan,Behles,(803) 230-7494,,,,2696 Riley St,,,SC,,,,,,,,,,No,,,,,,,,,,,,,,,,,,,,,,,,,,,,,
Susan Brickle,,4651,Susan,Brickle,(803) 515-3495,,,,210 Church st,,Reevesville,SC,29471,,,,,,,,,No,,,,,,,,,,,,,,,,,,,,,,,,,,,,,
Susan Cayton,,3272,Susan,Cayton,8038370656,,,,116 Green Street,,Santee,SC,,,,,,,,"#fiberCustomer, #residential",,No,,,,,,,,,,,,,,,,,,,,,,,,,,,,,
Susan Connor,,3693,,,8035314164,,,,1539 Lee Blvd,,,SC,,,,,,,,,,No,,,,,,,,,,,,,,,,,,,,,,,,,,,,,
Susan Cope,,6338,Susan,Cope,(803) 007-4505,,,,126 Rhonda,,Orangeburg,SC,29115,,,,,,,,,Yes,,,,,,,,,,,,,,,,,,,,,,,,,,,,,
Susan Dawkins,,1454,,,8037072286,,,,723 Partridge Rd,,Orangeburg,SC,29115,,,,,,,,,No,,,,,,,,,,,,,,,,,,,,,,,,,,,,,
Susan Felder,,928,,,,,,,995 Reevesville Road,,Bowman,SC,29018,,,,,,,,,No,,,,,,,,,,,,,,,,,,,,,,,,,,,,,
Susan Field,,1301,,,,,,,,,,,,,,,,,,,,No,,,,,,,,,,,,,,,,,,,,,,,,,,,,,
Susan Gruber,,991,,,8435632666,,,,856 Quaker Rd,,St. George,SC,,,,,,,,,,No,,,,,,,,,,,,,,,,,,,,,,,,,,,,,
Susan Hood,,2312,,,8036824791,,,,235 Mistyglen Rd,,Elloree,SC,29047,,,,,,,,,No,,,,,,,,,,,,,,,,,,,,,,,,,,,,,
Susan Judy,,311,,,8038292058,,,,178 Heifer Ln.,,Bowman,SC,29018,,,,,,,,,No,,,,,,,,,,,,,,,,,,,,,,,,,,,,,
Susan Martin,,2580,Susan,Martin,8038544735,,,,126 Shuler St,,Santee,SC,29142,,,,,,,"#residential, #fiberCustomer",,No,,,,,,,,,,,,,,,,,,,,,,,,,,,,,
Susan Morgan,,1624,,,9189161162,,,,1372 Church Camp Rd,,Orangeburg,SC,29115,,,,,,,,,No,,,,,,,,,,,,,,,,,,,,,,,,,,,,,
Susan P. Walters,,664,Susan,P. Walters,8435631581,,,,106 Church Street,,Reevesville,SC,29471,,,,,,,,,No,,,,,,,,,,,,,,,,,,,,,,,,,,,,,
Susan Paramore ,,4645,Susan,Paramore ,(803) 496-4798,,,,126 Wateree Dr,,Santee,South Carolina,29142-9308,,,,,,,"#fiberCustomer, #residential",,No,,,,,,,,,,,,,,,,,,,,,,,,,,,,,
Susan Strock,,2109,,,8038373269,,,,907 Midway Rd,,Elloree,SC,29047,,,,,,,,,No,,,,,,,,,,,,,,,,,,,,,,,,,,,,,
Susan Stroman,,8235,Susan,Stroman,(803) 505-2674,,,,8779 Old Number Six Highway,,Santee,SC,29142,,,,,,,,,Yes,,,,,,,,,,,,,,,,,,,,,,,,,,,,,
Susan Turner,,8012,Susan,Turner,(803) 606-5767,tsturner0857@att.net,,,347 Pinewood Drive,,Santee,SC,29142,,,,,,,"#fiberCustomer, #residential",,Yes,,,,,,,,,,,,,,,,,,,,,,,,,,,,,
Susannah Traywick,,4409,,,8037070430,,,,,,,,,,,,,,,,,No,,,,,,,,,,,,,,,,,,,,,,,,,,,,,
Susie Fowler,,4913,,,8034968470,,,,236 Surf Side Drive,,Holly Hill,SC,29059,,,,,,,,,No,,,,,,,,,,,,,,,,,,,,,,,,,,,,,
Susie Marie Parler,,4136,Susie,Marie Parler,,,,,1123 Harlin Street,,Elloree,SC,29047,Susie ,Parler,(803) 974-9728,,,,,,No,,,,,,,,,,,,,,,,,,,,,,,,,,,,,
Suvette Asberry,,1976,,,8034969992,,,,2516 Camden Rd,,Holly Hill,SC,29059,,,,,,,,,No,,,,,,,,,,,,,,,,,,,,,,,,,,,,,
Suzanne Costello ,,2366,Suzanne,Costello ,(803) 596-4919,,,,6080 Old Number 6 Highway,,Elloree,SC,,,,,,,,,,No,,,,,,,,,,,,,,,,,,,,,,,,,,,,,
Suzette Davis,,6279,Suzette,Davis,(256) 303-2170,,,,427 Ballards Lane,,Santee,SC,29142,,,,,,,,,Yes,,,,,,,,,,,,,,,,,,,,,,,,,,,,,
Sven Stauber,,5522,,,8436973099,,,,237 Braden run Road,,Holly Hilly,SC,29059,,,,,,,,,No,,,,,,,,,,,,,,,,,,,,,,,,,,,,,
Swamp Fox Motel,,,,,8038543378,,,,326 Bass Dr,,Santee,SC,29142,,,,,,,#Hospitality,,No,,,,,,,,,,,,,,,,,,,,,,,,,,,,,
SwampFox Motel,,5720,,,8033872346,,,,326 Bass Dr,,Santee,SC,29142,,,,,,,,,No,,,,,,,,,,,,,,,,,,,,,,,,,,,,,
SwampFox Self Storage,,5716,SwampFox,Self Storage,(803) 877-7369,,,,9207 old number six hwy,,Santee,SC,29142,,,,,,,,,No,,,,,,,,,,,,,,,,,,,,,,,,,,,,,
Swift Books,,3112,,,8035334344,,,,950 Chestnut Streeet,,,SC,,,,,,,,,,No,,,,,,,,,,,,,,,,,,,,,,,,,,,,,
Syliva Smith,,715,,,8034963635,,,,437 Bim Street,,Holly Hill,SC,,,,,,,,,,No,,,,,,,,,,,,,,,,,,,,,,,,,,,,,
Sylvia Barnes,,3012,Sylvila,Barnes,8035154460,,,,6980 Old Number Six Hwy,,Elloree,SC,29047,,,,,,,,,No,,,,,,,,,,,,,,,,,,,,,,,,,,,,,
Sylvia Conner,,2074,,,8038291798,,,,150 Magnolia St,,Bowman,SC,29018,,,,,,,,,No,,,,,,,,,,,,,,,,,,,,,,,,,,,,,
Sylvia Dantzler,,6070,Sylvia,Dantzler,(803) 707-8037,,,,595 Barkley Street,,Elloree,SC,29047,,,,,,,,,Yes,,,,,,,,,,,,,,,,,,,,,,,,,,,,,
Sylvia Hill,,3235,,,8039710818,,,,1101 Bennett Circle,,Holly Hill,SC,,,,,,,,,,No,,,,,,,,,,,,,,,,,,,,,,,,,,,,,
Sylvia M Young,,8492,Sandra,Tessier,(843) 709-6170,sandratessier82@gmail.com,,,30 Andre Michaux Rd,,Santee,South Carolina,29142-8303,,,,,,,,,Yes,,,,,,,,,,,,,,,,,,,,,,,,,,,,,
Sylvia M. Rehrig ,,4311,,,,,,,144 Saluda Dr,,Santee,SC,29142,,,,,,,"#fiberCustomer, #residential",,No,,,,,,,,,,,,,,,,,,,,,,,,,,,,,
Sylvia Randolph,,3725,,,8039749660,,,,4533 cleveland st,,Elloree,SC,29047,,,,,,,,,No,,,,,,,,,,,,,,,,,,,,,,,,,,,,,
Sylvia Stephens,,3736,,,8038292874,,,,140 Center St,,Bowman,SC,29018,,,,,,,,,No,,,,,,,,,,,,,,,,,,,,,,,,,,,,,
Synergem Emergency Services,,227,,,,,,,1007 Warren St.,,Greensboro,NC,27403,,,,,,,,,No,,,,,,,,,,,,,,,,,,,,,,,,,,,,,
Syntchia Lucas,,5131,,,8034964090,,,,247 Third st,,Santee,SC,,,,,,,,,,No,,,,,,,,,,,,,,,,,,,,,,,,,,,,,
Synthia Dunston,,8205,Synthia,Dunston,(843) 330-6800,,,,9 R Andre Michaux Road,,Santee,SC,29142,,,,,,,,,Yes,,,,,,,,,,,,,,,,,,,,,,,,,,,,,
Tab Shaw Inc,,4004,Tab,Shaw Inc,(803) 837-1456,,,,923 West Bridge Street,,St. Matthews,SC,29135,,,,,,,,,No,,,,,,,,,,,,,,,,,,,,,,,,,,,,,
Tabapha Petty,,1915,,,8038370953,,,,545 Resort St,,Santee,SC,29142,,,,,,,,,No,,,,,,,,,,,,,,,,,,,,,,,,,,,,,
Tabatha Jefferson,,5743,Tabatha,Jefferson,8039741661,,,,900 Wolfe St,,Elloree,SC,,,,,,,,,,No,,,,,,,,,,,,,,,,,,,,,,,,,,,,,
Tabernacle Baptist Church,,8668,Tabernacle,Baptist Church,(803) 533-8032,,,,230 Tabernacle Rd,,Eutawville,South Carolina,29048-8789,,,,,,,,,Yes,,,,,,,,,,,,,,,,,,,,,,,,,,,,,
Tabitha Jefferson,,6252,Tabitha,Jefferson,(803) 837-1347,,,,900 Wolfe Street,,Elloree,SC,29047,,,,,,,,,Yes,,,,,,,,,,,,,,,,,,,,,,,,,,,,,
Tabitha Petty,,5558,Tabitha,Petty,8039740104,,,,365 Barcelona Dr,,Santee,SC,29142,,,,,,,,,No,,,,,,,,,,,,,,,,,,,,,,,,,,,,,
Tabra Wilson,,8409,Tabra,Wilson,(843) 571-9709,TabraWilson@gmail.com,,,215 2nd St,,Santee,South Carolina,29142-8840,,,,,,,,,Yes,,,,,,,,,,,,,,,,,,,,,,,,,,,,,
Tail Wind Voice & Data,,8469,Mynequa,Hines,(612) 358-2171,MHines@tailwindvoiceanddata.com,,,,,,,,,,,,,,,,Yes,,,,,,,,,,,,,,,,,,,,,,,,,,,,,
Talley Manufacturing,,1597,Talley,Manufacturing,8038545700,,,,9183 Old Number 6 Highway,,Santee,SC,29142,,,,,,,,,No,,,,,,,,,,,,,,,,,,,,,,,,,,,,,
Tamalia Kinley,,1520,,,8036442167,,,,348 Imperial Lane,,Santee,SC,29142,,,,,,,,,No,,,,,,,,,,,,,,,,,,,,,,,,,,,,,
Tamalyns Dance Center,,4233,Tamalyns,Dance Center,8035330017,,,,1321 Springdale Drive,,Orangeburg,SC,29115,Bardin,,(803) 383-3773,,,,,,No,,,,,,,,,,,,,,,,,,,,,,,,,,,,,
Tamara Hamilton,,6272,Tamara,Hamilton,(254) 314-6050,,,,107 Citation Dr,,Elloree,SC,29047,,,,,,,,,Yes,,,,,,,,,,,,,,,,,,,,,,,,,,,,,
Tamara Jones,,2907,,,8035316663,,,,352 Lakeview Dr,,,SC,,,,,,,,,,No,,,,,,,,,,,,,,,,,,,,,,,,,,,,,
Tamara Robinson,,8574,Tamara,Robinson,(803) 759-5460,Tamararob95@gmail.com,,,121 Lakeland Cir,Apt A1,Santee,South Carolina,29142-9600,,,,,,,,,Yes,,,,,,,,,,,,,,,,,,,,,,,,,,,,,
Tameeka Morton,,5902,Tameeka,Morton,(803) 971-1426,tameeka.morton@gmail.com,,, Cantey Drive,231,Santee,SC,29142,,,,,,,,,Yes,,,,,,,,,,,,,,,,,,,,,,,,,,,,,
Tameko Daniels,,3299,Tameko,Daniels,(803) 857-0307,,,,1068 Woolbright Rd,,Santee,SC,29142,,,,,,,,,No,,,,,,,,,,,,,,,,,,,,,,,,,,,,,
Tameko Daniels,,4612,,,8033083642,,,,1068 woolbright rd,,Santee,SC,29142,,,,,,,,,No,,,,,,,,,,,,,,,,,,,,,,,,,,,,,
Tameko Taylor,,1467,,,8039719145,,,,1068 Woolbright Road,,Santee,SC,29142,,,,,,,,,No,,,,,,,,,,,,,,,,,,,,,,,,,,,,,
Tameshia White,,3651,,,8033082362,,,,134 wilson st,,Holly Hill,SC,29059,,,,,,,,,No,,,,,,,,,,,,,,,,,,,,,,,,,,,,,
Tamika Brown,,3879,,,8033082286,,,,706 representative circle,,Orangeburg,SC,,,,,,,,,,No,,,,,,,,,,,,,,,,,,,,,,,,,,,,,
Tamika Kelley,,2115,,,8037472644,,,,118 Cockadoo Rd,,Reevesville,SC,29471,,,,,,,,,No,,,,,,,,,,,,,,,,,,,,,,,,,,,,,
Tammi Britwell,,373,,,8034969014,,,,9468 Old State Road,,Holly Hill,SC,29059,,,,,,,,,No,,,,,,,,,,,,,,,,,,,,,,,,,,,,,
Tammi Rhodes,,3905,,,8034102019,,,,319 Lauderdale Road,,Eutawville,SC,29048,,,,,,,,,No,,,,,,,,,,,,,,,,,,,,,,,,,,,,,
Tammie Fuller,,4756,Tammie,Fuler,8032061635,,,,145 Harden St,,Holly Hill,SC,29059,,,,,,,,,No,,,,,,,,,,,,,,,,,,,,,,,,,,,,,
Tammie Nettles,,378,,,8033783954,,,,125 Mcmillan Rd,,Cordova,SC,29039,,,,,,,,,No,,,,,,,,,,,,,,,,,,,,,,,,,,,,,
Tammy A Winger,,1408,,,8033087222,,,,570 W Hampton St,,Elloree,SC,29047,,,,,,,,,No,,,,,,,,,,,,,,,,,,,,,,,,,,,,,
Tammy Boisvert,,5827,,,5083408375,,,,1435 Bennet Circle,,Holly Hill,SC,29059,,,,,,,,,No,,,,,,,,,,,,,,,,,,,,,,,,,,,,,
Tammy Castle,,5944,Tammy,Castle,(614) 519-4305,,,,129 Newfield Circle,,Elloree,SC,29047,,,,,,,,,Yes,,,,,,,,,,,,,,,,,,,,,,,,,,,,,
Tammy Evans,,5285,,,8039741147,,,,2242 Bass drive,,Santee,SC,,,,,,,,,,No,,,,,,,,,,,,,,,,,,,,,,,,,,,,,
Tammy Fountain,,6148,Tammy,Fountain,(843) 532-7663,,,,718 Pelzer Street,,Holly Hill,SC,29059,,,,,,,,,Yes,,,,,,,,,,,,,,,,,,,,,,,,,,,,,
Tammy Hughes,,4816,,,8033472378,,,,221 Haddock rd,,,SC,,,,,,,,,,No,,,,,,,,,,,,,,,,,,,,,,,,,,,,,
Tammy Irick,,4590,Tammy,Irick,8038972109,,,,6624 Hwy 6,,Elloree,SC,29142,,,,,,,,,No,,,,,,,,,,,,,,,,,,,,,,,,,,,,,
Tammy Martin,,8064,Tammy and Chris,Martin,(843) 964-1527,tmartinbabygirl@gmail.com,,,8495 Old Number Six Highway,,Santee,SC,29142,,,,,,,,,Yes,,,,,,,,,,,,,,,,,,,,,,,,,,,,,
Tammy Mims,,1709,,,8037073440,,,,404 Santee Drive,,Santee,SC,29142,,,,,,,"#fiberCustomer, #residential",,No,,,,,,,,,,,,,,,,,,,,,,,,,,,,,
Tammy Redden,,5882,Michael,Redden,(843) 200-2637,,,Santee Cooper Resort,457 Santee,Dr,Santee,SC,29142,,,,,,,,,Yes,,,,,,,,,,,,,,,,,,,,,,,,,,,,,
Tammy Rider,,4475,,,8033473858,,,,172 Forest Brook,,Neeses,SC,29107,,,,,,,,,No,,,,,,,,,,,,,,,,,,,,,,,,,,,,,
Tammy Riley,,5206,,,8033788880,,,,1436 Midway Rd,,Elloree,SC,29047,,,,,,,,,No,,,,,,,,,,,,,,,,,,,,,,,,,,,,,
Tammy Roseberry,,2433,,,8033787465,,,,217 Roxborough Dr,,Elloree,SC,29047,,,,,,,,,No,,,,,,,,,,,,,,,,,,,,,,,,,,,,,
Tammy Sass,,2709,,,8037479441,,,,570 Hampton St,,Elloree,SC,29047,,,,,,,,,No,,,,,,,,,,,,,,,,,,,,,,,,,,,,,
Tammy Smith,,535,,,8038292084,,,,865 Country Rd. ,,Bowman,SC,29018,,,,,,,,,No,,,,,,,,,,,,,,,,,,,,,,,,,,,,,
Tammy Staley,,1439,Tammy,Staley,8038293722,,,,7225 Vance Rd,,Bowman,SC,29018,,,,,,,,,No,,,,,,,,,,,,,,,,,,,,,,,,,,,,,
Tammy Staley,,5825,Tammy,Staley,8037072268,,,,5822 Charleston Hwy,,Bowman,SC,29018,,,,,,,,,No,,,,,,,,,,,,,,,,,,,,,,,,,,,,,
Tammy Wiles,,2724,Tammy,Wiles,8034964164,,,,256 Asberry Ct,,Holly Hill,SC,29059,,,,,,,,,No,,,,,,,,,,,,,,,,,,,,,,,,,,,,,
Tanesha Adams,,5002,,,8033082881,,,,1397 OLd River Road,,Elloree,SC,,,,,,,,,,No,,,,,,,,,,,,,,,,,,,,,,,,,,,,,
Tanesha Bellinger,,3481,,,8038429676,,,,525 Limit St,,Orangeburg ,SC,29115,,,,,,,,,No,,,,,,,,,,,,,,,,,,,,,,,,,,,,,
Tangela Brown,,1951,,,8038540001,,,,3099 Tee vee,,Elloree,SC,29047,,,,,,,,,No,,,,,,,,,,,,,,,,,,,,,,,,,,,,,
Tanya Cummings,,4735,,,8038780355,,,,1898 Myers rd,,Orangeburg,SC,29115,,,,,,,,,No,,,,,,,,,,,,,,,,,,,,,,,,,,,,,
Tanya Cummings,,4488,,,8033475981,,,,1898 Myers Road,,Orangeburg,SC,29115,,,,,,,,,No,,,,,,,,,,,,,,,,,,,,,,,,,,,,,
Tanya Cummings,,5389,,,8036643884,,,,202 eastwood circle,,Orangeburg,SC,29118,,,,,,,,,No,,,,,,,,,,,,,,,,,,,,,,,,,,,,,
Tanya Mintz ,,4221,,,,,,,Siva Ave ,,Orangeburg ,SC,,,,,,,,,,No,,,,,,,,,,,,,,,,,,,,,,,,,,,,,
Tanya Smalls,,629,Tanya,Smalls,8039420255,,,,7379 Five Chop Rd,,Santee,SC,29142,,,,,,,,,No,,,,,,,,,,,,,,,,,,,,,,,,,,,,,
Tara Gates,,2994,,,8033871958,,,,709 State St,,Orangeburg,SC,29115,,,,,,,,,No,,,,,,,,,,,,,,,,,,,,,,,,,,,,,
Tara Livingston,,3473,,,8036825874,,,,3231 Slab Landing Rd,,Orangeburg,SC,29115,,,,,,,,,No,,,,,,,,,,,,,,,,,,,,,,,,,,,,,
Tara Osborne,,3463,,,,,,,894 Gramling Rd ,,Orangeburg,SC,29115,,,,,,,,,No,,,,,,,,,,,,,,,,,,,,,,,,,,,,,
Tara Sheard,,1948,,,8033089146,,,,1022 Tee Vee Rd,,Elloree,SC,29047,,,,,,,,,No,,,,,,,,,,,,,,,,,,,,,,,,,,,,,
Tara Sherd,,3555,,,8039740582,,,,1022 Tee Vee Roard,,Elloree,SC,29047,,,,,,,,,No,,,,,,,,,,,,,,,,,,,,,,,,,,,,,
Tara Taylor,,3880,Tara,Taylor,(803) 682-5758,,,,282 Rutland Road,,Neeeses,SC,,,,,,,,,,No,,,,,,,,,,,,,,,,,,,,,,,,,,,,,
Tara Williams,,4386,,,8036141479,,,,275 Banashee Circle,,Orangeburg,SC,29115,,,,,,,,,No,,,,,,,,,,,,,,,,,,,,,,,,,,,,,
Target Realty LLC,,3489,,,8036825159,,,,5797 North Rd,,Orangeburg,SC,29118,Sarah,Bozardt,(803) 707-6152,,,,,,No,,,,,,,,,,,,,,,,,,,,,,,,,,,,,
Tariq Koarti,,1446,,,9739806605,,,,20 Hunters Path,,Santee,SC,29142,,,,,,,,,No,,,,,,,,,,,,,,,,,,,,,,,,,,,,,
Tarique Dash,,6020,Tarique,Dash,(803) 514-9067,tariquedash1984@yahoo.com,,,740 Wolfe Street,,Elloree,SC,29047,,,,,,,,,Yes,,,,,,,,,,,,,,,,,,,,,,,,,,,,,
Taryn Jones,,6265,David,Jones,(843) 847-8325,,,,615 Ballard Ln,,Santee,SC,29142,,,,,,,,,Yes,,,,,,,,,,,,,,,,,,,,,,,,,,,,,
Tasha Collier,,2701,,,8033088906,,,,1394 Antioch Road,,Santee,SC,29142,,,,,,,,,No,,,,,,,,,,,,,,,,,,,,,,,,,,,,,
Tasha Gavin,,6215,Tasha,Gavin,(803) 308-2841,,,,2109 Tee Vee,,Elloree,SC,29047,,,,,,,,,Yes,,,,,,,,,,,,,,,,,,,,,,,,,,,,,
Tasia Jenkins,,3924,,,2672222113,,,,244 Sanidel Lane,,Eutawville,SC,29048,,,,,,,,,No,,,,,,,,,,,,,,,,,,,,,,,,,,,,,
Tatanshia Gilmore,,2055,,,8038579269,,,,2379 Bass Dr,,Santee,SC,29142,,,,,,,,,No,,,,,,,,,,,,,,,,,,,,,,,,,,,,,
Tatanshia Gilmore,,1688,,,8037408585,,,,452 Barcelona Drive,,Santee,SC,SC,,,,,,,,,No,,,,,,,,,,,,,,,,,,,,,,,,,,,,,
Tate Jameson,,3543,,,8035359032,,,,203 mcnabb rd,,Orangeburg,SC,29115,,,,,,,,,No,,,,,,,,,,,,,,,,,,,,,,,,,,,,,
Tatyana Goodwin,,4403,,,8032011250,,,,133 hallmark dr ,,Cameron,SC,29030,,,,,,,,,No,,,,,,,,,,,,,,,,,,,,,,,,,,,,,
Taula Karkland ,,4495,,,,,,,,,,,,,,,,,,,,No,,,,,,,,,,,,,,,,,,,,,,,,,,,,,
Tawana Thompson,,6291,Tawana,Thompson,(803) 517-4990,,,home,429 Ballard Lane,,Santee,SC,29142,,,,,,,,,Yes,,,,,,,,,,,,,,,,,,,,,,,,,,,,,
Taxes Unlimited,,5836,Drusilla,Holman,8033874578,,,,1615 Middleton  Street,,Orangeburg,SC,29115,,,,,,,,,No,,,,,,,,,,,,,,,,,,,,,,,,,,,,,
Taylor Agency,,228,,,,,,,1130 Waring Street,,Orangeburg,SC,29115,,,,,,,,,No,,,,,,,,,,,,,,,,,,,,,,,,,,,,,
Taylor Owens,,3279,,,8034964609,,,,209 cope ave,,Eutawville,SC,29048,,,,,,,,,No,,,,,,,,,,,,,,,,,,,,,,,,,,,,,
Taylor White,,2926,,,8033834231,,,,839 Newman St,,Orangeburg,SC,29115,,,,,,,,,No,,,,,,,,,,,,,,,,,,,,,,,,,,,,,
Team Telecom,,4108,,,3362364772,,,,,,,,,,,,,,,,,No,,,,,,,,,,,,,,,,,,,,,,,,,,,,,
Tech Service Today ,,4607,Tech,Service Today ,3152724880,,,,1901 South Congress Av,,Boynton Beach ,SC,33426,,,,,,,,,No,,,,,,,,,,,,,,,,,,,,,,,,,,,,,
Ted Bizzell,,8317,Ted,Bizzell,(803) 263-4307,,,,3933 Norway Rd,,Norway,South Carolina,29113-9520,,,,,,,,,Yes,,,,,,,,,,,,,,,,,,,,,,,,,,,,,
Ted Hebert,,3250,Ted,Hebert,(843) 437-0423,,,,343 Green St,,Santee,SC,29142,Jill,Hebert,(843) 437-0423,,,,"#fiberCustomer, #residential",,No,,,,,,,,,,,,,,,,,,,,,,,,,,,,,
Ted Kern,,2301,,,8038543572,,,,1000 Myrtle Dr,,Santee,SC,29142,,,,,,,,,No,,,,,,,,,,,,,,,,,,,,,,,,,,,,,
Ted Strickland,,653,Ted,Strickland,(843) 217-7180,,,,412 Rigby St.,,Reevesville,SC,29471,,,,,,,,,No,,,,,,,,,,,,,,,,,,,,,,,,,,,,,
Teddy Swaim,,1390,,,8038542077,,,,117 Birdie Court,,Sanee,SC,29142,,,,,,,,,No,,,,,,,,,,,,,,,,,,,,,,,,,,,,,
Teddy Wolfe,,3613,,,8036821119,,,,131 Epiphany Lane,,Eutawville,SC,29048,,,,,,,,,No,,,,,,,,,,,,,,,,,,,,,,,,,,,,,
Telecommunications Solutions,,2816,Crystal,Hightower,7706079934,,,,P.O. Box 201511,,Cartersville,GA,,,,,,,,,,No,,,,,,,,,,,,,,,,,,,,,,,,,,,,,
Telishia Sumter,,6063,Telishia,Sumpter,(803) 662-4781,,,,757 Winding Brook Drive,,Cameron,SC,29030,,,,,,,,,Yes,,,,,,,,,,,,,,,,,,,,,,,,,,,,,
Tenita Neals,,6244,Tenita,Neals,(803) 707-5425,,,,699 Hillsboro Road,,Orangeburg,SC,29118,,,,,,,,,Yes,,,,,,,,,,,,,,,,,,,,,,,,,,,,,
Tenley Livingston,,5375,Laurence,Livingston,(803) 974-0270,,,,6061 Old Number Six Hwy,,Elloree,SC,,,,,,,,,,No,,,,,,,,,,,,,,,,,,,,,,,,,,,,,
Teresa Bennett,,6333,Teresa,Bennett,(304) 552-2975,,,,423 Santee Drive,,Santee,SC,29142,,,,,,,"#fiberCustomer, #residential",,Yes,,,,,,,,,,,,,,,,,,,,,,,,,,,,,
Teresa Bennett,,7897,Teresa,Bennett,(304) 552-2975,,,,116 Park Ridge Road,,Elloree,SC,29047,,,,,,,,,Yes,,,,,,,,,,,,,,,,,,,,,,,,,,,,,
Teresa Collier,,2042,Teresa,Collier,(843) 624-3347,,,,2121 Bass Dr,,Santee,SC,29142,,,,,,,,,No,,,,,,,,,,,,,,,,,,,,,,,,,,,,,
Teresa Cooper,,5777,,,3347502176,,,,100 Saluda Dr,,Santee,SC,29142,,,,,,,"#fiberCustomer, #residential",,No,,,,,,,,,,,,,,,,,,,,,,,,,,,,,
Teresa Inabinet,,2374,,,8035964506,,,,259 Misty Glen Rd ,,Elloree,SC,29047,,,,,,,,,No,,,,,,,,,,,,,,,,,,,,,,,,,,,,,
Teresa Powell,,6254,Teresa,Powell,(803) 682-5021,,,,431 Santee Drive,,Santee,SC,29142,,,,,,,"#fiberCustomer, #residential",,Yes,,,,,,,,,,,,,,,,,,,,,,,,,,,,,
Teresa Proveaux,,4762,,,8036822173,,,,150 Provo Rd,,Orangeburg,SC,29115,,,,,,,,,No,,,,,,,,,,,,,,,,,,,,,,,,,,,,,
Teresa Ulmer,,2258,,,8036821826,,,,204 TradeWinds St,Orangeburg,,SC,29115,,,,,,,,,No,,,,,,,,,,,,,,,,,,,,,,,,,,,,,
Teresa Wood,,8081,Teresa,Wood,(803) 378-6108,,,,,,,,,,,,,,,,,Yes,,,,,,,,,,,,,,,,,,,,,,,,,,,,,
Teri Johnson,,2226,,,8434784663,,,,9134 Old Number 6 Hwy,,Santee,SC,29142,,,,,,,,,No,,,,,,,,,,,,,,,,,,,,,,,,,,,,,
Teri Smith,,8144,Teri ,Smith,(267) 210-0845,lucky369charmed@gmail.com,,,,,,,,,,,,,,,,Yes,,,,,,,,,,,,,,,,,,,,,,,,,,,,,
Terra Clark,,4450,,,8036826894,,,,2433 Camden rd,,Holly Hill,SC,29059,,,,,,,,,No,,,,,,,,,,,,,,,,,,,,,,,,,,,,,
Terrance Allen,,2100,,,8033786560,,,,3816 Old State Rd.,,Holly Hill,SC,29059,,,,,,,,,No,,,,,,,,,,,,,,,,,,,,,,,,,,,,,
Terrell Summers,,2104,,,8038373933,,,,119 Purina Ln.,,Santee,SC,29142,,,,,,,,,No,,,,,,,,,,,,,,,,,,,,,,,,,,,,,
Terri Austin,,4345,,,8037590790,,,,4017 Vance Rd ,,Holly Hill,SC,29059,,,,,,,,,No,,,,,,,,,,,,,,,,,,,,,,,,,,,,,
Terri Bowen,,5568,,,8033089603,,,,1197 Erica Lane,,Orangeburg,SC,29115,,,,,,,,,No,,,,,,,,,,,,,,,,,,,,,,,,,,,,,
Terri Hebert,,3679,,,8036149997,,,,187 ClareFarm Road,,Eloree,SC,29047,,,,,,,,,No,,,,,,,,,,,,,,,,,,,,,,,,,,,,,
Terri Hebert,,342,,,8033081736,,,,187 Clarefarm Rd.,,Elloree,SC,29047,,,,,,,,,No,,,,,,,,,,,,,,,,,,,,,,,,,,,,,
Terri Morrell     ,,2306,Terri,Morrell     ,(803) 603-6474,,,,208 Holly Creek Dr,,Orangeburg,SC,29118,,,,,,,,,No,,,,,,,,,,,,,,,,,,,,,,,,,,,,,
Terri Whetstone,,3980,,,8035360007,,,,225 prestige ct,,Orangeburg,SC,29115,,,,,,,,,No,,,,,,,,,,,,,,,,,,,,,,,,,,,,,
Terry Black,,555,Terry,Black,(803) 533-8090,,,,425 Nates Store Rd      ,,Cameron,SC,,,,,,,,,,No,,,,,,,,,,,,,,,,,,,,,,,,,,,,,
Terry Braxton,,6145,Terry,Braxton,(803) 536-3816,,,,275 State Road S-38-1038,,Orangeburg,SC,29115,,,,,,,,,Yes,,,,,,,,,,,,,,,,,,,,,,,,,,,,,
Terry Collier,,1020,,,8034100564,,,,80 Hunters Path,,Santee,SC,29142,,,,,,,,,No,,,,,,,,,,,,,,,,,,,,,,,,,,,,,
Terry Comerford,,5328,,,8037471574,,,,471 Hidden Acer rd ,,Cordova,SC,,,,,,,,,,No,,,,,,,,,,,,,,,,,,,,,,,,,,,,,
Terry Dalyrmple,,8300,Terry,Dalyrmple,(410) 937-0825,raytchoula@gmail.com,,,116 Congaree Ct,,Santee,SC,29142,,,,,,,,,Yes,,,,,,,,,,,,,,,,,,,,,,,,,,,,,
Terry Davis,,3581,,,,,,,2493 Norway Road,,Neeses,SC,29107,,,,,,,,,No,,,,,,,,,,,,,,,,,,,,,,,,,,,,,
Terry Davis ,,4377,,,8035718292,,,,114 Robertson circle ,,Hilda,SC,29812,,,,,,,,,No,,,,,,,,,,,,,,,,,,,,,,,,,,,,,
Terry Dempsey,,2316,,,8037078988,,,,1139 Putter Path,,Orangeburg,SC,29118,,,,,,,,,No,,,,,,,,,,,,,,,,,,,,,,,,,,,,,
Terry Felder,,2601,,,8032903681,,,,570 Project Road,,Bowman,SC,29018,,,,,,,,,No,,,,,,,,,,,,,,,,,,,,,,,,,,,,,
Terry Fleming,,3511,,,,,,,6612 Old Number Six Hwy,,Elloree,SC,29047,,,,,,,,,No,,,,,,,,,,,,,,,,,,,,,,,,,,,,,
Terry Gadson,,5781,,,,,,,1317 Lands End ,,Orangeburg,SC,29118,,,,,,,,,No,,,,,,,,,,,,,,,,,,,,,,,,,,,,,
Terry Harness,,8678,Peggy,Hazel,(803) 387-0724,,,,118 Britain St,Room 106,Santee,South Carolina,29142-8922,Terry,Harness,(843) 870-9879,,,,,,Yes,,,,,,,,,,,,,,,,,,,,,,,,,,,,,
Terry Kincaid,,2710,,,8033781530,,,,1921 Pinebrook St,,Orangeburg,SC,29118,,,,,,,,,No,,,,,,,,,,,,,,,,,,,,,,,,,,,,,
Terry Parler,,1752,,,8038544348,,,,Mazzie Dr.,,Santee,SC,29142,,,,,,,,,No,,,,,,,,,,,,,,,,,,,,,,,,,,,,,
Terry Rauton,,7994,Terry,Rauton,(843) 276-7789,Trauton05@att.net,,,411 Fairway Lane,,Santee,SC,29142,,,,,,,,,Yes,,,,,,,,,,,,,,,,,,,,,,,,,,,,,
Terry Tice,,4441,Terry,Tice,(803) 410-2937,,,,3004 Slab Landing Road,,Orangeburg,SC,29115,,,,,,,,,No,,,,,,,,,,,,,,,,,,,,,,,,,,,,,
Terry Young,,2153,Terry,Young,8037070825,,,,484 Santee Dr,,Santee,SC,29142,,,,,,,"#fiberCustomer, #residential",,No,,,,,,,,,,,,,,,,,,,,,,,,,,,,,
Tessa Baker,,1588,Tess,Baker,3257252958,,,,123 Mall St,,Santee,SC,29142,,,,,,,,,No,,,,,,,,,,,,,,,,,,,,,,,,,,,,,
Tessco Technologies,,925,Brian,Smith,8004727373,,,,.,,,SC,,,,,,,,,,No,,,,,,,,,,,,,,,,,,,,,,,,,,,,,
Tevin Goodwin,,4482,,,,,,,1120 Wolf Trail ,Apt. 280,Orangeburg ,,29115,,,,,,,,,No,,,,,,,,,,,,,,,,,,,,,,,,,,,,,
Tevin Prophet,,4792,,,8039289164,,,,783 Antioch Rd,,Santee,SC,29142,,,,,,,,,No,,,,,,,,,,,,,,,,,,,,,,,,,,,,,
The 1425 Inn,,,,,8032527225,,,,1425 Richland St,,Columbia,SC,29201,,,,,,,#Hospitality,,No,,,,,,,,,,,,,,,,,,,,,,,,,,,,,
The Advertising Herald,,5013,,,8033473566,,,,369 McGee St,,Bamberg,SC,29003,,,,,,,,,No,,,,,,,,,,,,,,,,,,,,,,,,,,,,,
The Antique Box,,1560,,,8038973042,,,,2708 Cleavland St,,Elloree,SC,29047,,,,,,,,,No,,,,,,,,,,,,,,,,,,,,,,,,,,,,,
The Balloon Boutique,,4596,The,Balloon Boutique,8642511703,,,,157 Hollis Road,,Santee ,SC,29142,,,,,,,,,No,,,,,,,,,,,,,,,,,,,,,,,,,,,,,
The Bill Connor Law Firm,,8386,Bill,Connor,(803) 937-5571,,,,1408 Russell St,,Orangeburg,South Carolina,29115-6053,,,,,,,,,Yes,,,,,,,,,,,,,,,,,,,,,,,,,,,,,
The Breakfest Nook,,7865,Chris,Waters,(309) 574-0075,TheBreakfastnooksantee@gmail.com,,,9054 Old Number Six Highway,,Santee,SC,29142,,,,,,,,,Yes,,,,,,,,,,,,,,,,,,,,,,,,,,,,,
The Calhoun Times,,3689,,,8036557462,,,,1632 Bridge Street,,St. Matthews,SC,29135,,,,,,,,,No,,,,,,,,,,,,,,,,,,,,,,,,,,,,,
The First Providence Baptist Church,,5853,First,Providence Baptist Church,8433309052,,,,320 Mount Olive Road,,Santee,SC,USA,,,,,,,,,No,,,,,,,,,,,,,,,,,,,,,,,,,,,,,
The Garden Gate Florist,,4285,,,8032686695,,,,1692 Carolina Ave,,Orangeburg,SC,29115,,,,,,,,,No,,,,,,,,,,,,,,,,,,,,,,,,,,,,,
The Hearing Center,,3041,,,8035331399,,,,1655 Carolina Ave,,Orangeburg,SC,29115,,,,,,,,,No,,,,,,,,,,,,,,,,,,,,,,,,,,,,,
The Home Store,,781,,,8038542333,,,,1588 Village Square Blvd Suite 14E,,Santee,SC,29142,,,,,,,,,No,,,,,,,,,,,,,,,,,,,,,,,,,,,,,
The Lakehouse Restaurant,,8647,Melanie,Turner,(828) 550-2833,me.mckenna@yahoo.com,,,8929 Old Number Six Hwy,,Santee,South Carolina,29142-8606,,,,,,,,,Yes,,,,,,,,,,,,,,,,,,,,,,,,,,,,,
The Litchfield Company,,8418,Grace,Shirer,(803) 767-1532,GraceS@thelitchfieldcompany.com,,Orangeburg Office,1480 Sims Street,,Orangeburg,South Carolina ,29115,,,,,,,,,Yes,,,,,,,,,,,,,,,,,,,,,,,,,,,,,
The McCarthy Group,,229,,,,,,,1408 Russell St.  Suite 13,,,SC,,,,,,,,,,No,,,,,,,,,,,,,,,,,,,,,,,,,,,,,
The McDaniel Company,,230,,,8035369200,,,,160 Elliott St SE,,Orangeburg ,SC,29115,,,,,,,,,No,,,,,,,,,,,,,,,,,,,,,,,,,,,,,
The Middleton Agency,,231,,,8035348174,,,,1231 Amelia St,,Orangeburg,SC,29115,,,,,,,,,No,,,3483,,,,,,,,,,,,,,,,,,,,,,,,,,
The Nash Agency,,666,The,Nash Agency,(803) 533-1800,,,,562 Summers Avenue,,Orangeburg,SC,29115,,,,,,,,,No,,,,,,,,,,,,,,,,,,,,,,,,,,,,,
The Oaks,,5892,Chip,Rast,(803) 664-1888,,,,,,,,,,,,,,,,,Yes,,,,,,,,,,,,,,,,,,,,,,,,,,,,,
The Office People,,13,,,8432702559,gsteffen@theofficepeople.com,,,1115 Amelia Street,,Orangeburg,SC,29115,,,,,,,,,No,,,,,,,,,,,,,,,,,,,,,,,,,,,,,
The Pediatric Clinic,,232,The,Pediatric Clinic,(803) 536-2725,,,,940 Holly St,,Orangeburg,SC,29115,,,,,,,,,No,,,,,,,,,,,,,,,,,,,,,,,,,,,,,
The Prescription Shop,,1038,,,8035341234,,,,991 Summers Ave,,Orangeburg,SC,29118,,,,,,,,,No,,,,,,,,,,,,,,,,,,,,,,,,,,,,,
The Rambo Group  ,,4424,,,8037079561,,,,PO Box 5005,976 Middleton Street,,SC,,,,,,,,,,No,,,,,,,,,,,,,,,,,,,,,,,,,,,,,
The Ross Center,,2686,,,8035359910,,,,1547 Russell St,,,SC,,,,,,,,,,No,,,,,,,,,,,,,,,,,,,,,,,,,,,,,
The Sheppard Company,,1898,,,8032672929,,,,6421 Ehrhardt Rd,,Ehrhardt,SC,29081,,,,,,,,,No,,,,,,,,,,,,,,,,,,,,,,,,,,,,,
The Smile Center,,233,,,,,,,1105 Cook Rd,,Orangeburg,SC,29118,,,,,,,,,No,,,,,,,,,,,,,,,,,,,,,,,,,,,,,
The Smith Agency,,116,,,,,,,11 Old St Matthews Rd,,St Matthews,SC,29135,,,,,,,,,No,,,,,,,,,,,,,,,,,,,,,,,,,,,,,
The Summits of Aiken,,4935,The,Summits of Aiken,8035927049,,,,583 Climbing Rose Blvd,,Graniteville,SC,29829,,,,,,,,,No,,,,,,,,,,,,,,,,,,,,,,,,,,,,,
The T & D,,5107,,,8033780677,,,,,,,,,,,,,,,,,No,,,,,,,,,,,,,,,,,,,,,,,,,,,,,
The Times And Democrat,,5311,,,8035355500,,,,1010 Broughton Street,,Orangeburg,SC,29118,,,,,,,,,No,,,,,,,,,,,,,,,,,,,,,,,,,,,,,
The Ulmer Agency,,234,,,8036555199,,,,55 St. Matthews Road,PO Box 421,St Matthews ,SC,29135,,,,,,,,,No,,,,,,,,,,,,,,,,,,,,,,,,,,,,,
The UPS Store,,2196,Tipsy,.,8035352008,,,,1195 St. Matthews Rd.,,Orangeburg,SC,29118,,,,,,,,,No,,,,,,,,,,,,,,,,,,,,,,,,,,,,,
The Wannamaker Agency,,235,,,,,,,P O Box 1225,,Orangeburg ,SC,29116,,,,,,,,,No,,,,,,,,,,,,,,,,,,,,,,,,,,,,,
The Wannamaker Agency,,753,,,8038549700,,,,210 Plaza Circle,,Santee,SC,29142,,,,,,,,,No,,,,,,,,,,,,,,,,,,,,,,,,,,,,,
The Works Physical Therapy,,7845,Nancy,Hughes,(803) 664-0824,nancy@theworkspt.com,,,119 Office Park Drive,,Orangeburg,SC,29118,,,,,,,,,Yes,,,,,,,,,,,,,,,,,,,,,,,,,,,,,
Thee Matriarch Bed & Breakfast,,,,,8039374271,,,,1170 Fischer St,,Orangeburg,SC,29115,,,,,,,#Hospitality,,No,,,,,,,,,,,,,,,,,,,,,,,,,,,,,
Theodore M Strickland,,4706,Theodore,M Strickland,8438626715,,,,6655 Johnston ave,,Reevesville,SC,,,,,,,,,,No,,,,,,,,,,,,,,,,,,,,,,,,,,,,,
Thereas Powell,,5601,,,,,,,320 Broad River Dr,,Santee,SC,29142,,,,,,,"#fiberCustomer, #residential",,No,,,,,,,,,,,,,,,,,,,,,,,,,,,,,
Theresa Cristino,,8018,Theresa,Cristino,(224) 402-3601,Mtsmk5@att.net,,,157 William Clark Blvd,,Santee,SC,29142,,,,,,,,,Yes,,,,,,,,,,,,,,,,,,,,,,,,,,,,,
Theresa Dingle,,5354,Theresa,Dingle,(201) 978-5922,,,,358 Pinewood dr ,,Santee,SC,,,,,,,,"#fiberCustomer, #residential",,No,,,,,,,,,,,,,,,,,,,,,,,,,,,,,
Theresa Ellis,,1550,,,8033089284,,,,180 Cantey Dr,Appt 227,Santee,SC,29142,,,,,,,,,No,,,,,,,,,,,,,,,,,,,,,,,,,,,,,
Theresa Montgomery,,3509,Theresa,Montgomery,(803) 971-9762,,,,139 Franklin Street,,Holly Hill,SC,29059,,,,,,,,,No,,,,,,,,,,,,,,,,,,,,,,,,,,,,,
Theresa Patton,,3782,,,8436701555,,,,11 Peter Collison Rd  ,P.O. Box 471  ,Santee,,,,,,,,,,,No,,,,,,,,,,,,,,,,,,,,,,,,,,,,,
Theresa Powell,,5599,,,,,,,,,,,,,,,,,,,,No,,,,,,,,,,,,,,,,,,,,,,,,,,,,,
Theresa Williamson,,4897,,,8035359885,,,,229 Angler Lane,,Orangeburg,SC,29115,,,,,,,,,No,,,,,,,,,,,,,,,,,,,,,,,,,,,,,
Theron Felder,,8626,Theron,Felder,(803) 347-2160,,,,176 Cloister Cove Ln,,Orangeburg,South Carolina,29115-3389,,,,,,,,,Yes,,,,,,,,,,,,,,,,,,,,,,,,,,,,,
Thomad Brubaker,,3842,,,8036710329,,,,693 December Road,,Olar,SC,,,,,,,,,,No,,,,,,,,,,,,,,,,,,,,,,,,,,,,,
Thomas Blaszky,,3141,Thomas,Blaszky,8038544455,,,,1055 Sanoree Dr,,Santee,SC,,,,,,,,"#fiberCustomer, #residential",,No,,,,,,,,,,,,,,,,,,,,,,,,,,,,,
Thomas Boissy,,5889,Thomas,Boissy,(803) 596-9798,,,,233 2nd Street,,Santee,SC,29142,,,,,,,"#fiberCustomer, #residential",,Yes,,,,,,,,,,,,,,,,,,,,,,,,,,,,,
Thomas Brimer,,3084,Thomas,Brimer,8437546150,,,,128 Wateree Dr,,Santee,SC,29142,,,,,,,"#fiberCustomer, #residential",,No,,,,,,,,,,,,,,,,,,,,,,,,,,,,,
Thomas Campbell,,3405,,,8036644566,,,,156 Coon Dog Ln,,North,SC,29112,,,,,,,,,No,,,,,,,,,,,,,,,,,,,,,,,,,,,,,
Thomas Crider,,5307,Thomas,Crider,8035132407,,,,1279 Peake Street,,Holly Hill,SC,,,,,,,,,,No,,,,,,,,,,,,,,,,,,,,,,,,,,,,,
Thomas Edwards,,3684,,,8038266750,,,,2389 Old Number Six Hwy,,Elloree,SC,29047,,,,,,,,,No,,,,,,,,,,,,,,,,,,,,,,,,,,,,,
Thomas Felkel,,4196,Thomas,Felkel,8035162786,,,,375 Fair Street,,Elloree,SC,29047,,,,,,,,,No,,,,,,,,,,,,,,,,,,,,,,,,,,,,,
Thomas Geiger,,2069,,,8038600639,,,,534 Lafayette Alley,,Elloree,SC,29047,,,,,,,,,No,,,,,,,,,,,,,,,,,,,,,,,,,,,,,
Thomas Geiger,,1059,,,,,,,201 East Barkley St,,Elloree,SC,29047,,,,,,,,,No,,,,,,,,,,,,,,,,,,,,,,,,,,,,,
Thomas Goodman,,6270,Thomas,Goodman,(864) 591-9177,,,,7425 Old Number Six Highway,,Santee,SC,29142,,,,,,,,,Yes,,,,,,,,,,,,,,,,,,,,,,,,,,,,,
Thomas Graham,,2527,Thomas,Graham,7249866323,,,,105 Saluda Dr,,Santee,SC,29142,,,,,,,"#fiberCustomer, #residential",,No,,,,,,,,,,,,,,,,,,,,,,,,,,,,,
Thomas Gue,,2923,Thomas,Gue,8035347863,,,,1555 Riverbank Dr,,Orangeburg,SC,,,,,,,,,,No,,,,,,,,,,,,,,,,,,,,,,,,,,,,,
Thomas Hendrickson,,5028,,,8434225590,,,,143 Ballard ln santee sc,,Santee,SC,,,,,,,,,,No,,,,,,,,,,,,,,,,,,,,,,,,,,,,,
Thomas Hodge,,2878,,,8038973182,,,,2512 Cleveland St   ,,,SC,,,,,,,,,,No,,,,,,,,,,,,,,,,,,,,,,,,,,,,,
Thomas Horton,,818,,,8038543143,,,,237 Antioch Rd.,,Santee,SC,29142,,,,,,,,,No,,,,,,,,,,,,,,,,,,,,,,,,,,,,,
Thomas Huntley,,5308,Thomas,Huntley,8038372192,,,,895 Medway Dr,,Orangeburg,SC,29118,,,,,,,,,No,,,,,,,,,,,,,,,,,,,,,,,,,,,,,
Thomas J Crider III,,1848,Sonya,Crider,8039971046,,,,1279 Peake St,,Holly Hill ,SC,,,,,,,,,,No,,,,,,,,,,,,,,,,,,,,,,,,,,,,,
Thomas James,,3548,,,8036822083,,,,1507 Hebron Rd,,Neeses,SC,29107,,,,,,,,,No,,,,,,,,,,,,,,,,,,,,,,,,,,,,,
Thomas Jones,,1163,Thomas,Jones,(803) 747-8578,,,,7238 Old Six Highway,,Elloree,SC,29047,,,,,,,,,No,,,,,,,,,,,,,,,,,,,,,,,,,,,,,
Thomas Malphrus,,2657,,,2403135480,,,,7481 Dorange Rd,,Reevesville,SC,29471,,,,,,,,,No,,,,,,,,,,,,,,,,,,,,,,,,,,,,,
Thomas Miller,,2825,,,4847233005,,,,342 Barkley St,,Elloree,SC,29047,,,,,,,,,No,,,,,,,,,,,,,,,,,,,,,,,,,,,,,
Thomas Murden,,5432,,,8035364323,,,,2946 Cordova Rd,,Cordova ,SC,29039,,,,,,,,,No,,,,,,,,,,,,,,,,,,,,,,,,,,,,,
Thomas Ott,,143,,,8038292474,,,,1109 Country Rd,,Bowman,SC,29018,,,,,,,,,No,,,,,,,,,,,,,,,,,,,,,,,,,,,,,
Thomas Polidoro,,8011,Thomas,Polidoro,(904) 327-9003,tarp581@live.com,,,167 William Clark Blvd,,Santee,SC,29142,,,,,,,,,Yes,,,,,,,,,,,,,,,,,,,,,,,,,,,,,
Thomas R Bair,,552,Thomas,R Bair,(803) 225-6867,,,,219 Green St.,,Santee,SC,29142,,,,,,,"#fiberCustomer, #residential",,No,,,,,,,,,,,,,,,,,,,,,,,,,,,,,
Thomas Randolf,,4965,,,,,,,,,,,,,,,,,,,,No,,,,,,,,,,,,,,,,,,,,,,,,,,,,,
Thomas Richardson Agency,,236,,,8035312004,,,,1628 St Matthews Rd,,Orangeburg ,SC,29118,,,,,,,,,No,,,,,,,,,,,,,,,,,,,,,,,,,,,,,
Thomas Rickenbaker,,1857,,,8036000640,,,,108 Norris Dr,,Eutawville,SC,,,,,,,,,,No,,,,,,,,,,,,,,,,,,,,,,,,,,,,,
Thomas Robinson,,7833,Thomas,Robinson,(803) 308-0763,,,,1215 A Z Road,,North,SC,29112,,,,,,,,,Yes,,,,,,,,,,,,,,,,,,,,,,,,,,,,,
Thomas Rush,,1217,Thomas,Rush,8038972802,,,,2539 Cleveland St.,,Elloree,SC,29047,,,,,,,,,No,,,,,,,,,,,,,,,,,,,,,,,,,,,,,
Thomas Sharpe,,4038,Thomas,Sharpe,8033006463,,,,36 East Main Street,,Hilda,SC,,,,,,,,,,No,,,,,,,,,,,,,,,,,,,,,,,,,,,,,
Thomas Siewicki,,6088,Thomas,Siewicki,(843) 817-8432,,,,314 Broad River Dr,,Santee,South Carolina,29142-9301,,,,,,,,,Yes,,,,,,,,,,,,,,,,,,,,,,,,,,,,,
Thomas Watkins,,7835,Thomas,Watkins,(757) 724-4002,Bradfordvillageshoppingcenter@gmail.com,,,701 Bass Drive,,Santee,SC,29142,,,,,,,,,Yes,,,,,,,,,,,,,,,,,,,,,,,,,,,,,
Thomasiener Johnson,,2072,,,8033475120,,,,185 batan ct,,Elloree,SC,29047,,,,,,,,,No,,,,,,,,,,,,,,,,,,,,,,,,,,,,,
Thomasina Mack,,3795,,,8033878622,,,,430 Settler Street,,Bowman,SC,29018,,,,,,,,,No,,,,,,,,,,,,,,,,,,,,,,,,,,,,,
Thompson Construction Group Inc.,,8608,Chris,Linton,(803) 968-7253,clinton@thompsonconstructiongroup.com,,,300 Santee River Plaza,,Santee,South Carolina,29142,,,,,,,,,Yes,,,,,,,,,,,,,,,,,,,,,,,,,,,,,
Thompson Farms,,237,,,8034923521,,,,494 Camden Rd,,Vance,SC,29613,,,,,,,,,No,,,,,,,,,,,,,,,,,,,,,,,,,,,,,
Thompson Funeral Home,,4159,Thompson,Funeral Home,8035341241,,,,1012 Whitman St SE,,,SC,,,,,,,,,,No,,,,,,,,,,,,,,,,,,,,,,,,,,,,,
Threat Management Group,,1791,,,8432240407,,,,1318 Old Bowman Hwy,,Bowman,SC,29018,,,,,,,,,No,,,,,,,,,,,,,,,,,,,,,,,,,,,,,
Tiara & Jeff Bochette,,997,,,8038972965,,,,568 Pickett Level Rd.,,Elloree,SC,29047,,,,,,,,,No,,,,,,,,,,,,,,,,,,,,,,,,,,,,,
Tieisha Pierre,,2064,,,8087812630,,,,107 citation dr,,Elloree,SC,29047,,,,,,,,,No,,,,,,,,,,,,,,,,,,,,,,,,,,,,,
Tierra Ulmer,,3410,,,8033476389,,,,206 Better Living Ct,,Orangeburg,SC,29118,,,,,,,,,No,,,,,,,,,,,,,,,,,,,,,,,,,,,,,
Tierre Hilliard,,3682,,,,,,,141 Goodfarm road,,HollyHill,SC,29059,,,,,,,,,No,,,,,,,,,,,,,,,,,,,,,,,,,,,,,
Tiffanny Funchess,,5714,,,8036826000,,,,141 Abbot Street,,Bowman,SC,,,,,,,,,,No,,,,,,,,,,,,,,,,,,,,,,,,,,,,,
Tiffany Funches,,3985,Tiffany,Funches,(803) 682-6000,,,,141 Abbott Street,,Bowman,SC,29018,,,,,,,,,No,,,,,,,,,,,,,,,,,,,,,,,,,,,,,
Tiffany Loren,,1394,,,8038971110,,,,340 East Hampton St,,Elloree,SC,29047,,,,,,,,,No,,,,,,,,,,,,,,,,,,,,,,,,,,,,,
Tiffany Montagnese,,5413,,,8039740855,,,,1493 Tee Vee Rd,,Elloree,SC,29047,,,,,,,,,No,,,,,,,,,,,,,,,,,,,,,,,,,,,,,
Tiffany Saxon,,6061,Tiffany,Saxon,(803) 596-3674,tiffany_brownsaxon@icloud.com,,,119 Eastwood Circle,,Orangeburg,SC,29115,,,,,,,,,Yes,,,,,,,,,,,,,,,,,,,,,,,,,,,,,
Tiffany Starns,,4831,,,8036825994,,,,151 Merri Oaks Court,,Santee,SC,29142,,,,,,,,,No,,,,,,,,,,,,,,,,,,,,,,,,,,,,,
Tiffany Williams,,3881,,,8037079461,,,,436 Todd Creek Road,,Neeses,SC,29107,,,,,,,,,No,,,,,,,,,,,,,,,,,,,,,,,,,,,,,
Tikayah Hamilton,,5893,Tikayah,Hamilton,(803) 974-1279,tikayah78@gmail.com,,,198 Sweet Bay Lane,,Santee,SC,29142,,,,,,,,,Yes,,,,,,,,,,,,,,,,,,,,,,,,,,,,,
Tim and Gena Mayer,,7979,Tim,Mayer,(267) 455-2047,timmayer76@yahoo.com,,,165 William Clark Boulevard,Lot 16,Santee,SC,29142,,,,,,,,,Yes,,,,,,,,,,,,,,,,,,,,,,,,,,,,,
Tim Houge,,8259,Tim,Houge,(843) 509-0582,,,,640 Plantation Drive,,Santee,SC,29142,,,,,,,,,Yes,,,,,,,,,,,,,,,,,,,,,,,,,,,,,
Tim Judy,,3373,Tim,Judy,8033785688,,,,322 Sleepy Hollow Road,,Cameron,SC,29030,,,,,,,,,No,,,,,,,,,,,,,,,,,,,,,,,,,,,,,
Tim Kibodeaux,,4883,,,8037071264,,,,131 haestad ct ,,Nesses,SC,,,,,,,,,,No,,,,,,,,,,,,,,,,,,,,,,,,,,,,,
Tim Mance,,3213,,,8038579414,,,,196 Yearling Dr,,Eutawville,SC,29048,,,,,,,,,No,,,,,,,,,,,,,,,,,,,,,,,,,,,,,
Tim Sanders,,1012,,,8038544907,,,,8254 Old Number 6 hwy,,Santee,SC,29142,,,,,,,,,No,,,,,,,,,,,,,,,,,,,,,,,,,,,,,
Timeshare Resale Realty,,1659,,,8036144955,,,,524 Bass Drive,,Santee,SC,29142,,,,,,,,,No,,,,,,,,,,,,,,,,,,,,,,,,,,,,,
Timitvi Funderburg,,5731,,,8032902990,,,,685 Hampton Street ,,Eloree ,SC,29047,,,,,,,,,No,,,,,,,,,,,,,,,,,,,,,,,,,,,,,
Timmothy Muckenfuss,,5134,,,8433455921,,,,593 Mt olive rd,,Santee,SC,,,,,,,,,,No,,,,,,,,,,,,,,,,,,,,,,,,,,,,,
Timmy Smith,,8119,Timmy,Smith,(803) 707-6731,,,,191 Blume Rd,,Elloree,SC,29047,,,,,,,,,Yes,,,,,,,,,,,,,,,,,,,,,,,,,,,,,
Timmy Ulmer,,1479,Timmy,Ulmer,(803) 378-0076,,,,3732 Homestead Rd,,Bowman,SC,29018,,,,,,,,,No,,,,,,,,,,,,,,,,,,,,,,,,,,,,,
Timothy Bodiford,,4715,,,8032594478,,,,4897 Galilee Rd,,Barnwell,SC,29853,,,,,,,,,No,,,,,,,,,,,,,,,,,,,,,,,,,,,,,
Timothy Bryant Sr,,3544,,,8035966516,,,,234 3rd st,,Santee,SC,29142,,,,,,,"#fiberCustomer, #residential",,No,,,,,,,,,,,,,,,,,,,,,,,,,,,,,
Timothy Evans,,5952,Timothy,Evans,(803) 410-8332,Timothy.evansjr@yahoo.com,,,988 Bonner Avenue,,Santee,SC,29142,,,,,,,,,Yes,,,,,,,,,,,,,,,,,,,,,,,,,,,,,
Timothy Garland,,2402,,,8036643922,,,,136 Acorn Ln,,Santee,SC,29142,,,,,,,,,No,,,,,,,,,,,,,,,,,,,,,,,,,,,,,
Timothy Johnson,,3902,,,8033788460,,,,1290 Lands End ,,Orangeburg,SC,29118,,,,,,,,,No,,,,,,,,,,,,,,,,,,,,,,,,,,,,,
Timothy Junious,,3260,,,8033471905,,,,1030 Boulevard st,,orangeburg,SC,29115,,,,,,,,,No,,,,,,,,,,,,,,,,,,,,,,,,,,,,,
Timothy King,,4733,Timothy,King,(803) 383-3377,,,,6671 Hwy 70 ,,Hilda,SC,,,,,,,,,,No,,,,,,,,,,,,,,,,,,,,,,,,,,,,,
Timothy Muckensusf,,5296,,,8433455921,,,,593 mount olive rd,,Santee,SC,29142,,,,,,,,,No,,,,,,,,,,,,,,,,,,,,,,,,,,,,,
Timothy Shinall,,6342,Timothy,Shinall,(864) 993-7231,,,,431 Ballard Lane,431,Santee,SC,29142,,,,,,,,,Yes,,,,,,,,,,,,,,,,,,,,,,,,,,,,,
Timothy Waits,,2553,,,8035859112,,,,166 Edisto Drive,,Santee,SC,29142,,,,,,,,,No,,,,,,,,,,,,,,,,,,,,,,,,,,,,,
timothy wheeler,,5565,,,8037475412,,,,,,,,,,,,,,,,,No,,,,,,,,,,,,,,,,,,,,,,,,,,,,,
Timothy Wheeler,,5815,Timothy,Wheeler,,,,,2033 Saint Matthews Rd,,Orangeburg ,SC,,,,,,,,,,No,,,,,,,,,,,,,,,,,,,,,,,,,,,,,
Timothy Wheeler,,5879,,,,,,,1660 Saint Matthews Rd,,Orangeburg ,SC,29118,,,,,,,,,No,,,,,,,,,,,,,,,,,,,,,,,,,,,,,
Tina Davis,,346,,,8038600550,,,,6404 Charleston Hwy.,,Bowman,SC,29018,,,,,,,,,No,,,,,,,,,,,,,,,,,,,,,,,,,,,,,
Tina Fant,,3756,,,8034101387,,,,510 Ragtime Trail ,Lot 48,Santee,SC,29142,,,,,,,,,No,,,,,,,,,,,,,,,,,,,,,,,,,,,,,
Tina Fogle,,5555,Tina,Fogle,8033782106,,,,121 LakeLand Circle,B6,Santee,SC,29142,,,,,,,,,No,,,,,,,,,,,,,,,,,,,,,,,,,,,,,
Tina Fogle,,6161,Tina,Fogle,(803) 378-2106,,,,121 Lakeland Circle,,Santee,SC,29142,,,,,,,,,Yes,,,,,,,,,,,,,,,,,,,,,,,,,,,,,
Tina Fogle,,735,,,8038540862,,,,114 Diane Ct,,Santee,SC,29142,,,,,,,,,No,,,,,,,,,,,,,,,,,,,,,,,,,,,,,
Tina Fogle (B6),,7922,Tina,Fogle,(803) 378-2106,TinaFogle15@yahoo.com,,,121 Lakeland Circle,B6,Santee,SC,29142,,,,,,,,,Yes,,,,,,,,,,,,,,,,,,,,,,,,,,,,,
Tina Mitchell,,323,,,8038543404,,,,322 Hampshire Ct,,Santee,SC,29142,,,,,,,,,No,,,,,,,,,,,,,,,,,,,,,,,,,,,,,
Tina Sant,,3269,,,8034101387,,,,510 Ragtime Trail,Lot 48,Santee,SC,29142,,,,,,,,,No,,,,,,,,,,,,,,,,,,,,,,,,,,,,,
Tiny Willis,,471,,,8036825116,,,,2127 Bonner Ave ,,Santee,SC,29142,,,,,,,,,No,,,,,,,,,,,,,,,,,,,,,,,,,,,,,
Tiny Willis,,1972,,,,,,,2127 Bonner Ave ,,Santee,SC,,,,,,,,,,No,,,,,,,,,,,,,,,,,,,,,,,,,,,,,
Titan Wireless LLC,,1584,,,5129426069,,,,3914 Gattis School Rd Suite 102,,Round Rock,TX,78664,,,,,,,,,No,,,,,,,,,,,,,,,,,,,,,,,,,,,,,
Tito Contreras,,3253,,,8435099520,,,,129 Wayside Dr,,Bowman ,SC,29018,,,,,,,,,No,,,,,,,,,,,,,,,,,,,,,,,,,,,,,
Titus Johnson,,2413,,,8032902473,,,,438 Ulmer St,,Orangeburg,SC,29115,,,,,,,,,No,,,,,,,,,,,,,,,,,,,,,,,,,,,,,
Tivin Profit,,5331,,,8034964187,,,,3337 Tee Vee Rd,,Santee,SC,29142,,,,,,,,,No,,,,,,,,,,,,,,,,,,,,,,,,,,,,,
TNT Fireworks,,238,,,,,,,P.O. Box 308,,Rowesville,SC,29133,,,,,,,,,No,,,,,,,,,,,,,,,,,,,,,,,,,,,,,
Tobul Accumulator,,1305,Jim,Tobul,8032455111,,,,3100 Main Street,P O Box 548,Bamberg,SC,29003,,,,,,,,,No,,,,,,,,,,,,,,,,,,,,,,,,,,,,,
Tocara Birt,,2004,,,8033871484,,,,7424 Five chop rd,,Santee,SC,,,,,,,,,,No,,,,,,,,,,,,,,,,,,,,,,,,,,,,,
Tocara Birt,,420,,,8033872091,,,,7424 Five Chop Rd,,,SC,,,,,,,,,,No,,,,,,,,,,,,,,,,,,,,,,,,,,,,,
Tocora Wright,,4372,,,8039740869,,,,234 Third Street,,Santee,SC,29142,,,,,,,,,No,,,,,,,,,,,,,,,,,,,,,,,,,,,,,
Todd McAlhany,,8617,Todd,McAlhany,(803) 960-7406,tmcalhany@gmail.com,,,400 Fairway Ln,,Santee,South Carolina,29142-9466,,,,,,,,,Yes,,,,,,,,,,,,,,,,,,,,,,,,,,,,,
Todd McClave,,8542,Todd,McClave,(732) 691-7019,seashorehome12@gmail.com,,,105 Pee Dee Dr,,Santee,South Carolina,29142-9407,,,,,,,,,Yes,,,,,,,,,,,,,,,,,,,,,,,,,,,,,
Todd Miller,,321,,,8038972819,,,,6302 Old Number Six Hwy  ,,Elloree,SC,29047,,,,,,,,,No,,,,,,,,,,,,,,,,,,,,,,,,,,,,,
Todd Mims,,3487,,,8036647940,,,,2547 russell st,,Orangeburg,SC,29115,,,,,,,,,No,,,,,,,,,,,,,,,,,,,,,,,,,,,,,
Tokyo Steak and Seafood,,5530,,,8434065561,,,,1338 Grove Park Dr,,Orangeburg,SC,29118,,,,,,,,,No,,,,,,,,,,,,,,,,,,,,,,,,,,,,,
Tokyo Steak and Seafood,,2836,,,8035330792,,,,1338 Grove Park Dr,,Orangeburg,SC,29118,,,,,,,,,No,,,,,,,,,,,,,,,,,,,,,,,,,,,,,
Toley Brown,,1505,,,8033082293,,,,8500 Old Number Six Hwy.,,Santee,SC,29142,,,,,,,,,No,,,,,,,,,,,,,,,,,,,,,,,,,,,,,
Tom Albergotti,,2900,Tom,Albergotti,8035366199,,,,1797 john wesley rd,,Orangeburg,SC,29118,,,,,,,,,No,,,,,,,,,,,,,,,,,,,,,,,,,,,,,
Tom Collins,,2933,,,8038373806,,,,40 Andreau Michaux,Bradford Villiage,Santee,SC,29142,,,,,,,,,No,,,,,,,,,,,,,,,,,,,,,,,,,,,,,
Tom Druskis,,4051,Tom,Druskis,(803) 707-0530,,,,151 Mackay Trail,,Santee,SC,29142,,,,,,,,,No,,,,,,,,,,,,,,,,,,,,,,,,,,,,,
Tom Hanagan,,4817,Tom,Hanagan,(803) 410-9620,,,,142 Saluda Dr,,Santee,SC,29142,,,,,,,"#fiberCustomer, #residential",,No,,,,,,,,,,,,,,,,,,,,,,,,,,,,,
Tom Harp,,8461,Tom ,Harp,(303) 903-4858,,,,208 Broad River Drive,,Santee ,SC,29142,,,,,,,,,Yes,,,,,,,,,,,,,,,,,,,,,,,,,,,,,
Tom Jones Insurance Agency,,7983,Terrance,Jones,(803) 378-4523,,,,810 Broughton Street,,Orangeburg,SC,29115,,,,,,,,,Yes,,,,,,,,,,,,,,,,,,,,,,,,,,,,,
Tom Mcray,,2037,,,8035154351,,,,106 Shuler St,,Santee,SC,,,,,,,,"#residential, #fiberCustomer",,No,,,,,,,,,,,,,,,,,,,,,,,,,,,,,
Tom Murphy,,2768,Tom,Murphy,(843) 209-6215,,,,255 Popular Creek Dr,,Elloree,SC,29047,,,,,,,,,No,,,,,,,,,,,,,,,,,,,,,,,,,,,,,
Tom Owens,,4166,,,8035362680,,,,1589 Pinehurst Street,,Orangeburg,SC,29118,,,,,,,,,No,,,,,,,,,,,,,,,,,,,,,,,,,,,,,
Tom Palma ,,4402,Tom,Palma ,6315609796,,,,409 santee drive,,Santee,SC,92071,,,,,,,"#fiberCustomer, #residential, #VoIP",,No,,,,,,,,,,,,,,,,,,,,,,,,,,,,,
Tom Rickborn,,3221,Tom,Rickborn,8437372817,,,,111 Main Street,,Reevesville,SC,29471,,,,,,,,,No,,,,,,,,,,,,,,,,,,,,,,,,,,,,,
Tomeka Banks,,5493,,,8036645794,,,,111 Candlewood ct,,Bowman,SC,,,,,,,,,,No,,,,,,,,,,,,,,,,,,,,,,,,,,,,,
Tomeka Banks,,2599,,,8038292778,,,,111 Candlewood Ct,,Bowman,SC,29018,,,,,,,,,No,,,,,,,,,,,,,,,,,,,,,,,,,,,,,
Tomeka Shuler,,4321,,,8034925064,,,,153 Zami Circle,,Eutawville,SC,29048,,,,,,,,,No,,,,,,,,,,,,,,,,,,,,,,,,,,,,,
Tommy Johnson,,4743,Tommy,Johnson,8033600568,,,,121 Leo Lane,,Elloree,SC,29047,,,,,,,,,No,,,,,,,,,,,,,,,,,,,,,,,,,,,,,
Tommy Rowland,,8299,Tommy,Rowland,(803) 515-3925,,,,436 Santee Dr,,Santee,South Carolina,29142-9305,,,,,,,,,Yes,,,,,,,,,,,,,,,,,,,,,,,,,,,,,
Tommy Turner,,912,,,8036640016,,,,3296 Homestead Rd.,,Bowman ,SC,,,,,,,,,,No,,,,,,,,,,,,,,,,,,,,,,,,,,,,,
Tommy West,,3952,,,4439568576,,,,1075 woodbine dr,,Orangeburg,SC,29115,,,,,,,,,No,,,,,,,,,,,,,,,,,,,,,,,,,,,,,
Toni Boyd,,5338,,,8032253715,,,,3737 Old State rd ,,St Matthews ,SC,29135,,,,,,,,,No,,,,,,,,,,,,,,,,,,,,,,,,,,,,,
Toni McChesney,,8546,Toni,McChesney,(732) 691-7019,seashorehome12@gmail.com,,Home just purchased,121 Oak Hollow Dr,,Santee,South Carolina,29142-9409,Todd,McClaze,(732) 966-7601,,,,,,Yes,,,,,,,,,,,,,,,,,,,,,,,,,,,,,
Toni Olson,,5059,,,8434756154,,,,511 Picket level rd,,Elloree,SC,,,,,,,,,,No,,,,,,,,,,,,,,,,,,,,,,,,,,,,,
Toni Pipkins,,4165,,,8036820648,,,,175 Raider Ln,,St Matthews,SC,29135,,,,,,,,,No,,,,,,,,,,,,,,,,,,,,,,,,,,,,,
Toni Scott,,407,,,8034923839,,,,P O Box 9        ,Old Number six Hwy,Eutawville,SC,29048,,,,,,,,,No,,,,,,,,,,,,,,,,,,,,,,,,,,,,,
Toni Swetnam,,3143,,,8036821343,,,,2094 Big Buck Blvd,,Bowman,SC,29018,,,,,,,,,No,,,,,,,,,,,,,,,,,,,,,,,,,,,,,
Toni Zeigler,,1465,,,8038544343,,,,111 Waterree Anex,,Santee,SC,29142,,,,,,,,,No,,,,,,,,,,,,,,,,,,,,,,,,,,,,,
Tonia Berry,,2365,,,8038291543,,,,143 Delmont Rd,,Bowman,SC,29018,,,,,,,,,No,,,,,,,,,,,,,,,,,,,,,,,,,,,,,
Tony Adams,,3216,,,8033875570,,,,1218 Old Rivers Rd,,Elloree,SC,29047,,,,,,,,,No,,,,,,,,,,,,,,,,,,,,,,,,,,,,,
Tony Coleman,,1971,,,8033089043,,,,1416 Widsor Street,,Orangeburg,SC,,,,,,,,,,No,,,,,,,,,,,,,,,,,,,,,,,,,,,,,
Tony Dantzler,,1064,,,8034965164,,,,3988 Old State Road,,Santee,SC,29142,,,,,,,,,No,,,,,,,,,,,,,,,,,,,,,,,,,,,,,
Tony Goodwin ,,2097,,,8038544729,,,,162 Slim Jim Rd,,Santee,SC,29142,,,,,,,,,No,,,,,,,,,,,,,,,,,,,,,,,,,,,,,
Tony Green ,,5749,Tony,Green ,8037475355,,,,7017 charleston hwy,,Bowman ,SC,,,,,,,,,,No,,,,,,,,,,,,,,,,,,,,,,,,,,,,,
Tony Kennedy,,4046,Tony,Kennedy,3368485522,,,,426 Santee Drive,,Santee,SC,29142,,,,,,,"#fiberCustomer, #residential",,No,,,,,,,,,,,,,,,,,,,,,,,,,,,,,
Tony Kittrell ,,4030,,,8035153555,,,,254 Gin Bay Rd,,Cameron,SC,29030,,,,,,,,,No,,,,,,,,,,,,,,,,,,,,,,,,,,,,,
Tony Pousson,,5993,Tony,Pousson,(202) 893-0398,,,,270 Weatherford,,Orangeburg,SC,29115,,,,,,,,,Yes,,,,,,,,,,,,,,,,,,,,,,,,,,,,,
Tonya Folberth,,5588,Tonya,Folberth,3522101806,,,,2211 Tee Vee Road,,Elloree,SC,29047,,,,,,,,,No,,,,,,,,,,,,,,,,,,,,,,,,,,,,,
Tonya Jamison,,1996,Tonya,Jamison,(803) 974-9089,,,,137 Big Phil Rd,,Santee,SC,29142,,,,,,,,,No,,,,,,,,,,,,,,,,,,,,,,,,,,,,,
Tonya Johnson,,4786,Tonya,Johnson,(803) 496-4928,,,,2129 Tee Vee Road,,Elloree,SC,29142,,,,,,,,,No,,,,,,,,,,,,,,,,,,,,,,,,,,,,,
Tonya Morrison,,4978,,,8032906788,,,,670 Plantation dr,,Santee,SC,29142,,,,,,,,,No,,,,,,,,,,,,,,,,,,,,,,,,,,,,,
Tonya Weaver,,4881,,,9102607069,,,,650 hampton st,,Ellorree,SC,,,,,,,,,,No,,,,,,,,,,,,,,,,,,,,,,,,,,,,,
Tonya Wright,,8102,Tonya,Wright,(803) 312-2728,sunson456@gmail.com,,,131 William Clark Boulevard,,Santee,SC,29142,Timothy,Wright,(803) 312-2728,,,,,,Yes,,,,,,,,,,,,,,,,,,,,,,,,,,,,,
Tori Greene,,1097,,,8034108380,,,,904 Antioch Rd,,Santee,SC,29142,,,,,,,,,No,,,,,,,,,,,,,,,,,,,,,,,,,,,,,
Tori Stoudenmier,,4686,,,8039831834,,,,420 Fairway Lane,,Santee,SC,29142,,,,,,,,,No,,,,,,,,,,,,,,,,,,,,,,,,,,,,,
Torres Garcia,,8048,Luis,Morales,(787) 508-0108,wisyyy7@gmail.com,,,140 William Clark Blvd,,Santee,SC,29142,,,,,,,,,Yes,,,,,,,,,,,,,,,,,,,,,,,,,,,,,
Tosha Bradley,,3455,,,8037470997,,,,4690 Charleston Hwy,,Rowesville,SC,,,,,,,,,,No,,,,,,,,,,,,,,,,,,,,,,,,,,,,,
Tosha Smith,,2348,,,8037476316,,,,517 Dibble St,,Bowman,SC,29018,,,,,,,,,No,,,,,,,,,,,,,,,,,,,,,,,,,,,,,
Total Dental Care,,4466,,,8035345550,,,,630 Laurel St,,Orangeburg,SC,29115,,,,,,,,,No,,,,,,,,,,,,,,,,,,,,,,,,,,,,,
Towanda Poland,,8023,Towanda,Poland,(843) 534-3526,towandagreen23@gmail.com,,,168 William Clark Blvd,,Santee,SC,29142,,,,,,,,,Yes,,,,,,,,,,,,,,,,,,,,,,,,,,,,,
Towanda Turkvant,,2067,,,8039710661,,,,5779 Charleston Hwy.,,Bowman,SC,29018,,,,,,,,,No,,,,,,,,,,,,,,,,,,,,,,,,,,,,,
Town of Bowman,,239,Town,of Bowman,(803) 829-2666,,,,P O Box 37,131 Popular Street,Bowman ,SC,29018,,,,,,,,,No,,,,,,,,,,,,,,,,,,,,,,,,,,,,,
Town of Branchville,,240,Emily,Maynard,(803) 274-8820,branchvilleclerkofcourt@gmail.com,,,7644 Freedom Rd,,Branchville,SC,29432,Katie,,(803) 682-0690,,,,,,No,,,,,,,,,,,,,,,,,,,,,,,,,,,,,
Town of Cameron,,2555,Kathy,Wiles,(803) 823-2145,,,,PO box 672 ,,Cameron ,SC,29030,,,,,,,,,No,,,,,,,,,,,,,,,,,,,,,,,,,,,,,
Town of Elloree,,241,Town,of Elloree,(803) 897-2223,,,,6512 Old Number Six Hwy,,Elloree,South Carolina,29047-9706,,,,,,,,,No,,,,,,,,,,,,,,,,,,,,,,,,,,,,,
Town of Eutawville,,5526,Town,of Eutawville,(803) 492-3374,,,,220 Porcher Ave,,Eutawville,SC,29048,Margo,Banks,8034927064,eutawvilleclerkofcourt@yahoo.com,,,,,No,,,,,,,,,,,,,,,,,,,,,,,,,,,,,
Town of Hilda,,3649,Zac,Fogle,8037937308,toh@barnwellsc.com,,,.,,Hilda,SC,,,,,,,,,,No,,,,,,,,,,,,,,,,,,,,,,,,,,,,,
Town of Holly Hill,,4153,,,8034963330,,,,.,,Holly Hill,SC,,,,,,,,,,No,,,,,,,,,,,,,,,,,,,,,,,,,,,,,
Town of North,,4505,,,8032472101,,,,9305 North Road,,North,SC,29112,,,,,,,,,No,,,,,,,,,,,,,,,,,,,,,,,,,,,,,
Town of Norway,,3008,Mayor,Clemons,(803) 653-2395,,,Town Hall,8403 Savannah Highway,,Norway,SC,29113,Town,Hall,(803) 263-4300,,,,,,No,,,,,,,,,,,,,,,,,,,,,,,,,,,,,
Town of Reevesville,,665,Olivia,Paul Wimberly,8435639122,,,,6800 Johnston Avenue,,Reevesville,SC,29471,,,,,,,,,No,,,,,,,,,,,,,,,,,,,,,,,,,,,,,
Town of Santee,,2428,Herman,Keller,(803) 854-2152,,,,194 Brooks Blvd,,Santee ,SC,,,,,,,,,,No,,,,,,,,,,,,,,,,,,,,,,,,,,,,,
Town of St Matthews,,242,Rosyl,Warren,(803) 874-2405,townofstmatthews@windstream.net,,,P O Box 172,,St. Matthews,SC,29135,,,,,,,,,No,,,,,,,,,,,,,,,,,,,,,,,,,,,,,
Townsend Law Firm,,6298,Ariel,Townscend,(803) 534-4615,,,,1351 Amelia Street,,Orangeburg,SC,29115,,,,,,,,,Yes,,,,,,,,,,,,,,,,,,,,,,,,,,,,,
Toyota of Orangeburg,,474,Lena,Kittrell,8035364512,,,,3237 St Matthews Rd,,Orangeburg,SC,29115,,,,,,,,,No,,,,,,,,,,,,,,,,,,,,,,,,,,,,,
Tr? Barfield ,,4510,,,8033781220,,,,1061 Eutaw Street,,Orangeburg ,SC,29115,,,,,,,,,No,,,,,,,,,,,,,,,,,,,,,,,,,,,,,
Traci Burns,,4615,,,8036642490,,,,114 Lands End Ln,,St Matthews ,SC,29135,,,,,,,,,No,,,,,,,,,,,,,,,,,,,,,,,,,,,,,
Traci Hanton,,4252,,,8035391081,,,,565 Racetrack Road,,Elloree,SC,29047,,,,,,,,,No,,,,,,,,,,,,,,,,,,,,,,,,,,,,,
Traci Workman,,8384,Traci,Workman,(616) 516-2702,thomasjw@centurytel.net,,,126 Congaree Ct,,Santee,South Carolina,29142-9513,,,,,,,,,Yes,,,,,,,,,,,,,,,,,,,,,,,,,,,,,
Tracie Priester,,4898,,,8033085256,,,,132 Harleywood Dr,,Orangeburg,SC,29116,,,,,,,,,No,,,,,,,,,,,,,,,,,,,,,,,,,,,,,
Tracy Byrd,,5079,Tracy,Byrd,(803) 463-3010,Tracybyrd@live.com,,,302 Broad River Drive,,Santee,SC,29142,,,,,,,"#fiberCustomer, #residential",,No,,,,,,,,,,,,,,,,,,,,,,,,,,,,,
Tracy Carrigg,,3258,,,8039378737,,,,191 Ballard Ln,,Santee,SC,29142,,,,,,,,,No,,,,,,,,,,,,,,,,,,,,,,,,,,,,,
Tracy Davenport,,4456,,,8038544441,,,,608 Santee Drive,,Santee,SC,29142,,,,,,,"#fiberCustomer, #residential",,No,,,,,,,,,,,,,,,,,,,,,,,,,,,,,
Tracy Fairey,,2627,,,8038373991,,,,119 Grassy Ln,,Bowman,SC,,,,,,,,,,No,,,,,,,,,,,,,,,,,,,,,,,,,,,,,
Tracy Hall,,3898,,,(803) 378-1316,,,,185 Danet Rd,,Neeses,SC,29107,,,,,,,,,No,,,,,,,,,,,,,,,,,,,,,,,,,,,,,
Tracy Herron R.N.,,1615,,,8033087180,,,,2210 Tee Vee Rd,,Elloree,SC,29047,,,,,,,,,No,,,,,,,,,,,,,,,,,,,,,,,,,,,,,
Tracy Johnson,,3010,,,8035342760,,,,20 Estate Ct,,Orangeburg ,SC,29115,,,,,,,,,No,,,,,,,,,,,,,,,,,,,,,,,,,,,,,
Tracy Judy,,761,Tracy,Judy,(843) 563-7365,,,,1921 Flatwoods Rd,,Reevesville,SC,29471,Bert,Judy,8435632531,,,,,,No,,,,,,,,,,,,,,,,,,,,,,,,,,,,,
Tracy Middleton,,2466,,,8035391748,,,,747 Gardensgate Rd,,Eutawville,SC,29048,,,,,,,,,No,,,,,,,,,,,,,,,,,,,,,,,,,,,,,
Tracy Puckett,,8476,Tracy,Puckett,(803) 837-0554,,,,219 Hawk Chase Dr,,Orangeburg,South Carolina,29118-9051,,,,,,,,,Yes,,,,,,,,,,,,,,,,,,,,,,,,,,,,,
Tracy Rivers,,8291,Tracy,Rivers,(646) 326-6721,love728@aol.com,,,145 William Clark Blvd,,Santee,South Carolina,29142-9507,,,,,,,,,Yes,,,,,,,,,,,,,,,,,,,,,,,,,,,,,
Tracy Songer,,5995,Tracy,Songer,(843) 834-3300,,,2nd Home,613 Santee Drive,,Santee,SC,29142,Andrew,Songer,(843) 834-7626,,,,"#fiberCustomer, #residential",,Yes,,,,,,,,,,,,,,,,,,,,,,,,,,,,,
Tracy Tarleton,,6263,Tracy,Tarleton,(803) 857-9093,Tracytarleton@gmail.com,,,120 2nd Street,,Santee,SC,29142,,,,,,,"#fiberCustomer, #residential",,Yes,,,,,,,,,,,,,,,,,,,,,,,,,,,,,
Tracy Walters,,5010,,,8038292064,,,,7205 Vance Rd ,,Bowman,SC,,,,,,,,,,No,,,,,,,,,,,,,,,,,,,,,,,,,,,,,
Tracy Wiles,,5996,Tracy,Wiles,(803) 664-4659,,,,8702 old state road,,Cameron,SC,29030,,,,,,,,,Yes,,,,,,,,,,,,,,,,,,,,,,,,,,,,,
Tracy Woody,,4755,,,2058214377,,,,114 Braford rd,,Santee,SC,29142,,,,,,,,,No,,,,,,,,,,,,,,,,,,,,,,,,,,,,,
Tracy Zeigler ,,4929,Tracy,Zeigler ,(803) 378-1806,,,,1054 Harlin st ,,Elloree,SC,,,,,,,,,,No,,,,,,,,,,,,,,,,,,,,,,,,,,,,,
Tracy Zeigler,,5211,,,8039289846,,,,,,,,,,,,,,,,,No,,,,,,,,,,,,,,,,,,,,,,,,,,,,,
Tramela Felder,,3502,,,8035161249,,,,1247 Douglas Mcarthur St,,Orangeburg,SC,29115,,,,,,,,,No,,,,,,,,,,,,,,,,,,,,,,,,,,,,,
Tramela Felder,,3503,Tramela,Felder,,,,,1247 Douglas Mcarthur St,,Orangeburg,SC,29115,,,,,,,,,No,,,,,,,,,,,,,,,,,,,,,,,,,,,,,
Tramell Green,,4123,,,8036624219,,,,1689 Johnson Street,,Orangeburg ,SC,29115,,,,,,,,,No,,,,,,,,,,,,,,,,,,,,,,,,,,,,,
Transtector,,701,,,8008829110,,,,10701 Airport Dr.,PO Box 300,Hayden,ID,83835,,,,,,,,,No,,,,,,,,,,,,,,,,,,,,,,,,,,,,,
Travel Connections,,243,,,,,,,2162 Lakeside,,Orangeburg,SC,29118,,,,,,,,,No,,,,,,,,,,,,,,,,,,,,,,,,,,,,,
Travelodge,,5092,Travelodge,,(803) 971-3167,,,,9117 old number 6 hwy,,Santee,SC,,Mannan,Soni,(803) 971-3167,,,,"#fiberCustomer, #residential",,No,,,,,,,,,,,,,,,,,,,,,,,,,,,,,
Travis Dalton,,5701,,,2767286342,,,,127 Cooper Circle,,Santee,SC,29142,,,,,,,"#fiberCustomer, #residential",,No,,,,,,,,,,,,,,,,,,,,,,,,,,,,,
Travis Durr Training Center,,252,Ashley,Durr,(803) 655-5738,,,,PO Box 224,54 Gallop Trail ,St. Matthews,SC,29135,,,,,,,,,No,,,,,,,,,,,,,,,,,,,,,,,,,,,,,
Travis Goodwin ,,4982,,,8039741499,,,,822 West Harlin st ,,Elloree,SC,,,,,,,,,,No,,,,,,,,,,,,,,,,,,,,,,,,,,,,,
Travis Green,,2952,,,8032207055,,,,102 dena lane,,Orangeburg,SC,,,,,,,,,,No,,,,,,,,,,,,,,,,,,,,,,,,,,,,,
Travis Irick,,1837,,,8033084809,,,,127 Citation Dr,,Elloree,SC,29047,,,,,,,,,No,,,,,,,,,,,,,,,,,,,,,,,,,,,,,
Travis Little,,4906,Travis,Little,(803) 829-3186,,,,3465 Homestead Rd,,Bowman,SC,29018,,,,,,,,,No,,,,,,,,,,,,,,,,,,,,,,,,,,,,,
Travis Russell,,4229,,,8037076238,,,,265 Rutland rd ,,Orangeburg,SC,29107,,,,,,,,,No,,,,,,,,,,,,,,,,,,,,,,,,,,,,,
Travis Snell,,4910,Travis,Snell,8039741215,,,,180 Cantey Drive Apt 237,,Santee,SC,29142,,,,,,,,,No,,,,,,,,,,,,,,,,,,,,,,,,,,,,,
Travis Watson,,1663,,,8034960048,,,,1306 Jackson Belt Rd,,Holly Hill,SC,29059,,,,,,,,,No,,,,,,,,,,,,,,,,,,,,,,,,,,,,,
Trawell Brealier,,4091,,,,,,,988 peasley st ,,Orangeburg,SC,,,,,,,,,,No,,,,,,,,,,,,,,,,,,,,,,,,,,,,,
Tremain Haynes,,5343,,,8036143699,,,,203 FieldCrest Rd,,Santee,SC,29142,,,,,,,,,No,,,,,,,,,,,,,,,,,,,,,,,,,,,,,
Tremain Haynes,,3647,,,8037590893,,,,135 live oak rd,,Elloree,SC,29047,,,,,,,,,No,,,,,,,,,,,,,,,,,,,,,,,,,,,,,
Tremaine Haynes,,5238,,,8036143699,,,,102 Summer lane Dr. #10,,Santee,SC,29142,,,,,,,,,No,,,,,,,,,,,,,,,,,,,,,,,,,,,,,
Trennis Montgomery,,3439,,,8039740595,,,,135 Live Oak Ave,,Elloree,SC,29047,,,,,,,,,No,,,,,,,,,,,,,,,,,,,,,,,,,,,,,
Treva Ruark,,2240,,,8039749088,,,,150 Sunset Dr,,Elloree,SC,29047,,,,,,,,,No,,,,,,,,,,,,,,,,,,,,,,,,,,,,,
Trey Wade,,2501,Trey,Wade,8433021305,,,,287 Earl Dr,,St George,SC,29477,,,,,,,,,No,,,,,,,,,,,,,,,,,,,,,,,,,,,,,
Trey Watford,,5928,Trey,Watford,(803) 682-0230,treywatford@wandbtees.com,,,8230 Old State Road,,Cameron,SC,29030,,,,,,,,,Yes,,,,,,,,,,,,,,,,,,,,,,,,,,,,,
Tri-County Electric Cooperative,,245,Matthew,,(803) 707-2078,,,,P.O. Box 217,,St Matthews,SC,29135-0217,Louis,Arsenault ,(803) 837-1690,larsenault@tricolinksc.com,,,,,No,,,,,,,,,,,,,,,,,,,,,,,,,,,,,
Tri-County Regional Chamber of Commerce,,244,Tri-County,Regional Chamber of Commerce,(843) 563-8187,,,,225 Parler Ave,,St George ,SC,29477,,,,,,,,,No,,,,,,,,,,,,,,,,,,,,,,,,,,,,,
Tricia Boyer,,5707,,,8033783004,,,,436 Todd Creek Rd ,,Nesses,SC,,,,,,,,,,No,,,,,,,,,,,,,,,,,,,,,,,,,,,,,
Trina Amaker,,2224,,,8036645016,,,,140 Weathers St,,Bowman,SC,29018,,,,,,,,,No,,,,,,,,,,,,,,,,,,,,,,,,,,,,,
Trinity Endodontics,,2934,,,8038542431,,,,627 Bass Dr,,Santee,SC,29142,,,,,,,,,No,,,,,,,,,,,,,,,,,,,,,,,,,,,,,
Trinity Lutheran Church,,3889,Trinity,Lutheran Church,8038974982,,,,390 Hampton St,,Elloree,SC,29047,,,,,,,,,No,,,,,,,,,,,,,,,,,,,,,,,,,,,,,
Trinity Presbyterian Church,,246,Trinity,Presbyterian Church,(803) 531-1274,,,,975 Willington Dr,,Orangeburg,SC,29118,,,,,,,,,No,,,,,,,,,,,,,,,,,,,,,,,,,,,,,
Trinity United Methodist Church,,247,,,,,,,185 Boulevard Street NE,,Orangeburg,SC,29115,,,,,,,,,No,,,,,,,,,,,,,,,,,,,,,,,,,,,,,
Trinity United Methodist Church,,4530,,,8035347759,,,,185 Boluvard Street,,Orangeburg,SC,,,,,,,,,,No,,,,,,,,,,,,,,,,,,,,,,,,,,,,,
Trinity United Methodist Church,,5610,,,8032454275,,,,PO Box 335,,Bamberg,SC,29003,,,,,,,,,No,,,,,,,,,,,,,,,,,,,,,,,,,,,,,
Trip Lupper,,2496,,,8039749250,,,,7120 Vance Rd,,Bowman,SC,29018,,,,,,,,,No,,,,,,,,,,,,,,,,,,,,,,,,,,,,,
Triple A Farms (Office),,310,Triple,A Farms (Office),(803) 829-3140,,,,3242 Homestead Rd.,,Bowman,SC,29018,,,,,,,,,No,,,,,,,,,,,,,,,,,,,,,,,,,,,,,
Triple A Farms (Trailer),,3672,,,,,,,3220 Homestead Rd,,Bowman,SC,,,,,,,,,,No,,,,,,,,,,,,,,,,,,,,,,,,,,,,,
Triple A Farms House 1,,4846,Triple,A Farms House 1,8038293140,,,,3241 Homestead Rd ,,Bowman,SC,,,,,,,,,,No,,,,,,,,,,,,,,,,,,,,,,,,,,,,,
Triple A Farms House 2,,2184,Triple,A Farms House 2,(803) 829-3695,,,,3241 Homestead Rd,,Bowman,SC,29018,,,,,,,,,No,,,,,,,,,,,,,,,,,,,,,,,,,,,,,
Triump Tube Inc,,1854,Ken,Terry,8035311204,,,,201 Regional Parkway,Building D,Orangeburg,SC,29118,,,,,,,,,No,,,,,,,,,,,,,,,,,,,,,,,,,,,,,
Triumph Fabrications,,2371,Al,Mossell,8035348555,,,,375 Cannon Bridge Road,,Orangeburg,SC,29115,,,,,,,,,No,,,,,,,,,,,,,,,,,,,,,,,,,,,,,
Trojan Labor,,3542,,,8035364663,,,,1296 Broughton St,,Orangeburg,SC,29116,,,,,,,,,No,,,,,,,,,,,,,,,,,,,,,,,,,,,,,
Troy High,,2080,,,8034965177,,,,2975 Felderville Rd      ,,Santee,SC,,,,,,,,,,No,,,,,,,,,,,,,,,,,,,,,,,,,,,,,
Troy Jeffcoat,,8630,Troy,Jeffcoat,(843) 834-5170,troy.jeffcoat@dominionenergy.com,,,525 Plantation Dr,,Santee,South Carolina,29142-9470,,,,,,,,,Yes,,,,,,,,,,,,,,,,,,,,,,,,,,,,,
Troy Montgomery,,1568,,,8037474055,,,,148 Doberman Ln,,Cameron,SC,29030,,,,,,,,,No,,,,,,,,,,,,,,,,,,,,,,,,,,,,,
Troy York,,5807,,,8038471052,,,,164 Grass Lane,,Bowman,SC,,,,,,,,,,No,,,,,,,,,,,,,,,,,,,,,,,,,,,,,
Trudy Stevenson,,817,,,8038292895,,,,7304 Charleston Hwy,,Bowman,SC,29018,,,,,,,,,No,,,,,,,,,,,,,,,,,,,,,,,,,,,,,
TrueVine Health Services,,8491,Gordon,Burgess,(908) 803-1450,,,,1767 Village Park Dr,,Orangeburg,South Carolina,29118-2475,,,,,,,,,Yes,,,,,,,,,,,,,,,,,,,,,,,,,,,,,
TruHome,,6041,Jenny,Midkiss,(803) 456-4140,christopher@truhomerealty.com,,,490 Berry Street,,orangeburg,SC,29115,,,,,,,,,Yes,,,,,,,,,,,,,,,,,,,,,,,,,,,,,
TSR Comm Supply,,5548,,,3038801067,,,,2635 S Santa Fe Dr Suite 3H,,Denver,CO,80223,,,,,,,,,No,,,,,,,,,,,,,,,,,,,,,,,,,,,,,
Tsushima Berry,,1871,,,8038293191,,,,564 Project Road,,Bowman,SC,29018,,,,,,,,,No,,,,,,,,,,,,,,,,,,,,,,,,,,,,,
TT Technologies,,4484,,,,,,,2020 E New York St,,Aurora,IL,60502,,,,,,,,,No,,,,,,,,,,,,,,,,,,,,,,,,,,,,,
Tucker Lewis,,6191,Tucker,Lewis,(207) 315-1203,,,Home,132 1st Street,,Santee,SC,29142,,,,,,,"#residential, #fiberCustomer",,Yes,,,,,,,,,,,,,,,,,,,,,,,,,,,,,
Tula Haskett,,1028,,,8432259597,,,,133 Acron Lanen,,Santee,SC,29142,,,,,,,,,No,,,,,,,,,,,,,,,,,,,,,,,,,,,,,
Tulio's Pizzeria,,8545,Laura,Castillo,(914) 330-6366,tuliosrestaurant@gmail.com,,,705 Bass Dr,,Santee,South Carolina,29142-8942,Tulio’s,Pizzeria ,(803) 937-5358,tuliosrestaurant@gmail.com,,,,,Yes,,,,,,,,,,,,,,,,,,,,,,,,,,,,,
Tunisia Rush,,4654,,,8035663641,,,,,,,,,,,,,,,,,No,,,,,,,,,,,,,,,,,,,,,,,,,,,,,
Tweedie Smith,,2446,,,8038292206,,,,6412 Charleston Hwy,,Bowman,SC,29048,,,,,,,,,No,,,,,,,,,,,,,,,,,,,,,,,,,,,,,
Twin Oaks,,4979,,,8436364043,,,,360 St Marks Bowman rd,,Reevesville,SC,,,,,,,,,,No,,,,,,,,,,,,,,,,,,,,,,,,,,,,,
Two Mile Swamp Baptist Church,,8380,Bert,Sanford,(803) 662-0246,,,,1066 Bonnette Rd,,Cope,South Carolina,29038-9417,,,,,,,,,Yes,,,,,,,,,,,,,,,,,,,,,,,,,,,,,
Ty Pritcher,,1494,,,2564437952,,,,446 Anvinger rd ,,Vance,SC,29142,,,,,,,,,No,,,,,,,,,,,,,,,,,,,,,,,,,,,,,
Tyeshia Brown,,6225,Tyeshia,Brown,(803) 357-1249,,,,120 Hawkins Street,,Santee,SC,29142,,,,,,,,,Yes,,,,,,,,,,,,,,,,,,,,,,,,,,,,,
Tyeshia Burch,,1943,,,8038543982,,,,155 mariah cir,,Santee,SC,29142,,,,,,,,,No,,,,,,,,,,,,,,,,,,,,,,,,,,,,,
Tyeshia Burch,,2077,,,8039740203,,,,155 Mariah Circle,,Santee,,29142,,,,,,,,,No,,,,,,,,,,,,,,,,,,,,,,,,,,,,,
Tyeshia Myers,,5045,,,8033915083,,,,719 Boulevard st,,Orangeburg,SC,,,,,,,,,,No,,,,,,,,,,,,,,,,,,,,,,,,,,,,,
Tyheisha Dash,,1928,,,8038973212,,,,720 Hampton Street,,Elloree,SC,29047,,,,,,,,,No,,,,,,,,,,,,,,,,,,,,,,,,,,,,,
Tyler Bonomo,,8481,Tyler,Bonomo,(843) 609-9214,bonomotyler@gmail.com,,,693 Perch Ln,,Santee,SC,29142,,,,,,,,,Yes,,,,,,,,,,,,,,,,,,,,,,,,,,,,,
Tyler Brown,,7954,Tyler,Brown,(843) 990-3876,navyvet08@gmail.com,,,381 Ballard Lane,381,Santee,SC,29142,,,,,,,,,Yes,,,,,,,,,,,,,,,,,,,,,,,,,,,,,
Tyler Gardner,,5443,,,8037471649,,,,370 Saint Paul St,,Orangeburg,SC,,,,,,,,,,No,,,,,,,,,,,,,,,,,,,,,,,,,,,,,
Tyler Mizzell,,3948,Tyler,Mizzell,(803) 854-3046,,,,117 Green Street,,Santee,SC,29142,,,,,,,"#fiberCustomer, #residential",,No,,,,,,,,,,,,,,,,,,,,,,,,,,,,,
Tymeka Dixon,,3720,,,8035961542,,,,849 Bryan St,,Orangeburg,SC,29115,,,,,,,,,No,,,,,,,,,,,,,,,,,,,,,,,,,,,,,
TymQuoshiya Debose,,8077,TymQuoshiya,Debose,(803) 747-8620,,,,110 Misty Woods Drive,,Elloree,SC,29047,,,,,,,,,Yes,,,,,,,,,,,,,,,,,,,,,,,,,,,,,
Tymyra Green ,,4593,,,8039718756,,,,404 walker dr ,, Eutawville,SC,29048,,,,,,,,,No,,,,,,,,,,,,,,,,,,,,,,,,,,,,,
Tyra Shuler,,6160,Tyra,Shuler,(803) 308-2633,,,,1142 Old River Road,,Elloree,SC,29047,,,,,,,,,Yes,,,,,,,,,,,,,,,,,,,,,,,,,,,,,
Tyrafira Stokes,,326,,,8036827612,,,,180 Cantey Dr,Apt. 221,Santee,SC,29142,,,,,,,,,No,,,,,,,,,,,,,,,,,,,,,,,,,,,,,
Tyrone Fairey,,5832,,,8033473787,,,,119 Grassy Lane,,Bowman,SC,,,,,,,,,,No,,,,,,,,,,,,,,,,,,,,,,,,,,,,,
Tyrone Mazyck,,8484,Tyrone,Mazyck,(843) 408-5212,tyrone.mazyck@mercedes-benz.com,,,9335 Old Number Six Hwy,,Santee,South Carolina,29142-8874,,,,,,,,,Yes,,,,,,,,,,,,,,,,,,,,,,,,,,,,,
Tyrone Singleton,,531,Tyrone,Singleton,8038545324,,,,210 Cooper Dr,,Santee,SC,29142,,,,,,,"#fiberCustomer, #residential",,No,,,,,,,,,,,,,,,,,,,,,,,,,,,,,
Tyronica Onerly,,6202,Tyronica,Onerly,(615) 766-4540,,,,2027 Tee Vee Road,,Elloree,SC,29047,,,,,,,,,Yes,,,,,,,,,,,,,,,,,,,,,,,,,,,,,
Tyshekia Simmons,,8195,Tyshekia ,Simmons,(803) 974-0693,Tyshekia.simmons94@gmail.com,,Apartment B5,121 Lakeland Circle,,Santee,SC,29142,,,,,,,,,Yes,,,,,,,,,,,,,,,,,,,,,,,,,,,,,
Tyva Littles,,2962,,,8032905116,,,,154 jessroe lane,,Bowman,SC,,,,,,,,,,No,,,,,,,,,,,,,,,,,,,,,,,,,,,,,
Ulock Storage,,8403,Tyler,Houser,(803) 533-0579,,,,334 John C Calhoun Dr,,Orangeburg,South Carolina,29115-6271,,,,,,,,,Yes,,,,,,,,,,,,,,,,,,,,,,,,,,,,,
Ulyssee Graham,,8424,Ulyssee,Graham,(803) 308-5377,,,,1223 Brickle St,,Orangeburg,South Carolina,29118-2501,,,,,,,,,Yes,,,,,,,,,,,,,,,,,,,,,,,,,,,,,
Uniform & Things,,1936,,,8034968393,,,,12214 Old Number 6 Hwy,,Eutawville,,29048,,,,,,,,,No,,,,,,,,,,,,,,,,,,,,,,,,,,,,,
Uniform and Things,,1938,,,8034968393,,,,12214 E Hwy 6,,Eutawville,,29048,,,,,,,,,No,,,,,,,,,,,,,,,,,,,,,,,,,,,,,
Union United Methodist Church,,8404,Union United,Methodist Church,(864) 415-4987,,,,5326 Cope Rd,,Cope,South Carolina,29038-9588,,,,,,,,,Yes,,,,,,,,,,,,,,,,,,,,,,,,,,,,,
United Commercial Construction,,248,,,,,,,4200 Perimiter Park South  Suite 250,,,GA,,,,,,,,,,No,,,,,,,,,,,,,,,,,,,,,,,,,,,,,
United Country Real Estate,,1774,,,,,,,,,,,,,,,,,,,,No,,,,,,,,,,,,,,,,,,,,,,,,,,,,,
United Country Real Estate Mcdaniel Company,,1773,,,,,,,160 Elliot St,,Orangeburg,SC,,,,,,,,,,No,,,,,,,,,,,,,,,,,,,,,,,,,,,,,
United Hope Ministries,,2255,.,Nancy,8037078238,,,,100 Adam St,,Bowman,SC,29018,,,,,,,,,No,,,,,,,,,,,,,,,,,,,,,,,,,,,,,
United Infrastructure Group,,8382,United Infrastructure,Group,(803) 528-8287,,,,3540 Charleston Hwy,,Orangeburg,South Carolina,29115-8808,,,,,,,,,Yes,,,,,,,,,,,,,,,,,,,,,,,,,,,,,
United Research,,3741,,,8039285500,,,,1737 Village Park Drive,,Orangeburg,SC,29118,,,,,,,,,No,,,,,,,,,,,,,,,,,,,,,,,,,,,,,
Universal Forest Products,,8135,Zoey,Fisk,(803) 531-1712,Zoey.fisk@ufpi.com,,,950 Garland Road,,Rowesville,SC,29133,,,,,,,,,Yes,,,,,,,,,,,,,,,,,,,,,,,,,,,,,
Universal Trade Solutions,,4365,,,8035348630,,,,1525 Charlston Hw,,Orangeburg,SC,29115,,,,,,,,,No,,,,,,,,,,,,,,,,,,,,,,,,,,,,,
Universal Trade Solutions Inc,,5221,Jodi,,(877) 343-9435,,,,1525 Charleston Hwy,,Orangeburg,SC,29115,,,,,,,,,No,,,,,,,,,,,,,,,,,,,,,,,,,,,,,
Unknown Person,,3353,,,8036824605,,,,1439 Elder Branch Rd,,Cordova,SC,29039,,,,,,,,,No,,,,,,,,,,,,,,,,,,,,,,,,,,,,,
Ute Gordon ,,3474,,,8035313527,,,,1938 Old Riley St,,Orangeburg,SC,29113,,,,,,,,,No,,,,,,,,,,,,,,,,,,,,,,,,,,,,,
Valarie Davis,,1863,,,8035159711,,,,315 Project Rd,,Bowman,SC,29018,,,,,,,,,No,,,,,,,,,,,,,,,,,,,,,,,,,,,,,
Valentine's Gin,,5826,,,8036823087,,,,132 Cotton Avenue,,Cope ,SC,29038,,,,,,,,,No,,,,,,,,,,,,,,,,,,,,,,,,,,,,,
Valeria Guess,,2957,,,8033782467,,,,122 Cyclone Dr,,Santee,SC,29142,,,,,,,,,No,,,,,,,,,,,,,,,,,,,,,,,,,,,,,
Valerie Bradley,,1870,,,8038972814,,,,113 Erica Lane,,Elloree,SC,29047,,,,,,,,,No,,,,,,,,,,,,,,,,,,,,,,,,,,,,,
Valerie C Zachary,,734,,,8038292320,,,,910 Laura Street,,Bowman,SC,29018,,,,,,,,,No,,,,,,,,,,,,,,,,,,,,,,,,,,,,,
Valerie Csykany,,5508,,,8036879200,,,,750 Five Chop Road,,Orangeburg,SC,29118,,,,,,,,,No,,,,,,,,,,,,,,,,,,,,,,,,,,,,,
Valerie Ditton,,1061,,,6197565245,,,,6318 Old Number Six Hwy,,Elloree ,SC,2904,,,,,,,,,No,,,,,,,,,,,,,,,,,,,,,,,,,,,,,
Valerie Elmore,,3384,Valerie,Elmore,(803) 759-0859,valorieelmore@yahoo.com,,,124 Prevo Dr,,Santee,SC,29142,,,,,,,,,No,,,,,,,,,,,,,,,,,,,,,,,,,,,,,
Valerie Francis,,1473,,,8034923274,,,,370 Gable Dr,,Eutawville,SC,29048,,,,,,,,,No,,,,,,,,,,,,,,,,,,,,,,,,,,,,,
Valerie King,,4383,,,8036140859,,,,211a Brandon St ,,Orangeburg,SC,29115,,,,,,,,,No,,,,,,,,,,,,,,,,,,,,,,,,,,,,,
Valerie Lewis,,7984,Valerie,Lewis,(803) 877-2579,,,,521 Rail Street,,Bowman,SC,29018,,,,,,,,,Yes,,,,,,,,,,,,,,,,,,,,,,,,,,,,,
Valerie Marino,,8283,Valerie,Marino,(803) 522-3771,Valeriechisolm76@gmail.com,,,525 E Main St,,Barnwell,South Carolina,29812-5703,,,,,,,#residential,,Yes,,,,,,,,,,,,,,,,,,,,,,,,,,,,,
Valli Finney,,3959,,,8033836250,,,,251 State Park Rd,,Santee,SC,29142,,,,,,,,,No,,,,,,,,,,,,,,,,,,,,,,,,,,,,,
Valorie Elmore,,2581,,,8038542030,,,,124 Prevo Dr,,Santee,SC,29142,,,,,,,,,No,,,,,,,,,,,,,,,,,,,,,,,,,,,,,
Valtic Co,,8642,Monique,Lambright,(346) 430-6432,,,,396 St Paul St,108,Orangeburg,South Carolina,29115-5465,,,,,,,,,Yes,,,,,,,,,,,,,,,,,,,,,,,,,,,,,
Valva Kennedy,,3827,Valva,Kennedy,(803) 496-6747,,,,821 Santee River Rd,,Santee,SC,,,,,,,,,,No,,,,,,,,,,,,,,,,,,,,,,,,,,,,,
Van Stickles,,1813,Van,Stickles,8033084605,,,,341 Barkley St,,Elloree,SC,29047,,,,,,,,,No,,,,,,,,,,,,,,,,,,,,,,,,,,,,,
Vance Beach,,2252,,,8038293139,,,,7204 Vance Rd,,Bowman,SC,,,,,,,,,,No,,,,,,,,,,,,,,,,,,,,,,,,,,,,,
Vanda Murphy,,435,,,8034963037,,,,PO Box 264      ,1771 Eutaw Rd   ,Eutawville,SC,29048,,,,,,,,,No,,,,,,,,,,,,,,,,,,,,,,,,,,,,,
Vanessa A Merricks,,8271,Vanessa,Merricks,(803) 378-5943,,,,110 Dairy Ave,,Bowman,South Carolina,29018-8508,,,,,,,,,Yes,,,,,,,,,,,,,,,,,,,,,,,,,,,,,
Vanessa Goodwin,,3326,,,8035969232,,,,583 Mckewn St,,Orangeburg,SC,29115,,,,,,,,,No,,,,,,,,,,,,,,,,,,,,,,,,,,,,,
Vanessa Johnson,,5419,,,,,,,,,,,,,,,,,,,,No,,,,,,,,,,,,,,,,,,,,,,,,,,,,,
Vanessa Riggins,,2534,,,8033477534,,,,120 Tarpon Ct,,Elloree,SC,,,,,,,,,,No,,,,,,,,,,,,,,,,,,,,,,,,,,,,,
Vanessa Senior,,2660,,,8035348418,,,,1385 Springdale rd,,Orangeburg,SC,29118,,,,,,,,,No,,,,,,,,,,,,,,,,,,,,,,,,,,,,,
Vanester Ravenell,,5070,,,8033785137,,,,119 Sheard Dr,,Santee,SC,,,,,,,,,,No,,,,,,,,,,,,,,,,,,,,,,,,,,,,,
Vanestera Ravenell,,5227,Vanestera,Ravenell,8033785137,,,,119 Sheard Dr,,Santee,SC,29142,,,,,,,,,No,,,,,,,,,,,,,,,,,,,,,,,,,,,,,
Varley Snider,,1428,,,8038545235,,,,217 Avocada Dr,,Santee,SC,,,,,,,,,,No,,,,,,,,,,,,,,,,,,,,,,,,,,,,,
Vehicle Express Inc,,3626,,,7063631083,,,,1181 Brookshire Dr,,Bogart,GA,30622,,,,,,,,,No,,,,,,,,,,,,,,,,,,,,,,,,,,,,,
Velina Mack,,3383,,,8036823926,,,,1528 Belleville Rd,,,SC,,,,,,,,,,No,,,,,,,,,,,,,,,,,,,,,,,,,,,,,
Velios Mack,,5277,,,,,,,179 laquinta dr, ,,SC,,,,,,,,,,No,,,,,,,,,,,,,,,,,,,,,,,,,,,,,
Velma Carter,,1882,,,8036323818,,,,374 Aiken Ave,,Fairfax,SC,,,,,,,,,,No,,,,,,,,,,,,,,,,,,,,,,,,,,,,,
Velocity Auto Sales,,6107,,,(803) 597-1444,,,,1112 Magnolia Street,,Orangeburg,SC,29115,,,,,,,,,Yes,,,,,,,,,,,,,,,,,,,,,,,,,,,,,
Veneurdo Cruc,,333,,,8038232959,,,,4 BobWhite Rd.,,Elloree,SC,29047,,,,,,,,,No,,,,,,,,,,,,,,,,,,,,,,,,,,,,,
Venus Hamilton,,4468,,,8033786803,,,,251 Field Twin Rd,,Neeses,SC,,,,,,,,,,No,,,,,,,,,,,,,,,,,,,,,,,,,,,,,
Venus Marut,,8566,Venus,Marut,(803) 410-1155,venusmarut.home@gmail.com,,,121 Lakeland Cir,A6,Santee,South Carolina,29142-9600,,,,,,,,,Yes,,,,,,,,,,,,,,,,,,,,,,,,,,,,,
Vera Stonawska,,6010,Vera,Stonawska,(803) 378-6941,,,,135 Saluda,,Santee,SC,29142,,,,,,,,,Yes,,,,,,,,,,,,,,,,,,,,,,,,,,,,,
Vernece Wilson,,3678,,,,,,,355 Bonepart Road,,Cameron,SC,29030,,,,,,,,,No,,,,,,,,,,,,,,,,,,,,,,,,,,,,,
Vernessa Williams,,1471,,,8034965984,,,,681 Cranbrook Dr,,Holly Hill,SC,29059,,,,,,,,,No,,,,,,,,,,,,,,,,,,,,,,,,,,,,,
Vernette Martin,,873,Vernette,Martin,(803) 897-2054,,,,2532 Cleveland St.,,Elloree,SC,29047,,,,,,,,,No,,,,,,,,,,,,,,,,,,,,,,,,,,,,,
Vernon Blanchard,,1553,Vernon,Blanchard,8033782523,,,,113 Twisted Oak Trail,,Elloree,SC,29047,,,,,,,,,No,,,,,,,,,,,,,,,,,,,,,,,,,,,,,
Vernon H. Bell,,5057,,,8037590530,,,,431 Santee Dr,,Santee,SC,,,,,,,,"#fiberCustomer, #residential",,No,,,,,,,,,,,,,,,,,,,,,,,,,,,,,
Veronica Adgerson,,1599,Veronica,Adgerson,8038601679,,,,2240 Bass Drive ,,Santee,SC,29142,,,,,,,,,No,,,,,,,,,,,,,,,,,,,,,,,,,,,,,
Veronica Brown,,2543,Veronica,Brown,(803) 682-4918,,,,130 Oriole ln,,Holly Hill,SC,,,,,,,,,,No,,,,,,,,,,,,,,,,,,,,,,,,,,,,,
Veronica Dash,,6218,Veronica,Dash,(803) 928-7071,,,,896 Whittaker Parkway,,Orangeburg,SC,29115,,,,,,,,,Yes,,,,,,,,,,,,,,,,,,,,,,,,,,,,,
Veronica Elmore ,,5622,,,,,,,360 Maxcy Street ,,Orangeburg ,SC,29115,,,,,,,,,No,,,,,,,,,,,,,,,,,,,,,,,,,,,,,
Veronica Hodges ,,4388,,,8037072394,,,,1806 airport st ,,Orangeburg ,SC,29115,,,,,,,,,No,,,,,,,,,,,,,,,,,,,,,,,,,,,,,
Veronica Lingard,,4984,,,8438662530,,,,396 St. Pauls Street,Suite 107,Orangeburg,SC,29115,,,,,,,,,No,,,,,,,,,,,,,,,,,,,,,,,,,,,,,
Veronica Shuler ,,4297,,,8035317121,,,,1994 Sharperson st ,,Orangeburg,SC,29115,,,,,,,,,No,,,,,,,,,,,,,,,,,,,,,,,,,,,,,
Veronica Tucker,,5085,,,8033786886,,,,3210 Hart Street,,Orangeburg,SC,29118,,,,,,,,,No,,,,,,,,,,,,,,,,,,,,,,,,,,,,,
Vessie Reed,,1842,Vessie,Reed,8034965344,,,,833 jackson Belt Rd,,Holly Hill ,SC,29059,,,,,,,,,No,,,,,,,,,,,,,,,,,,,,,,,,,,,,,
Veta Sujick,,4579,,,8037071940,,,,516 dragstrip rd ,,Nesses ,SC,29107,,,,,,,,,No,,,,,,,,,,,,,,,,,,,,,,,,,,,,,
VG Bell,,610,,,8034929345,,,,1454 Vance Road,,Vance,SC,,,,,,,,,,No,,,,,,,,,,,,,,,,,,,,,,,,,,,,,
Vic Meredith,,2530,,,8037072265,,,,1415 Hillsboro Road,,Orangeburg,SC,,,,,,,,,,No,,,,,,,,,,,,,,,,,,,,,,,,,,,,,
Vicki Bentley,,328,,,8033084030,,,,8095 Old Number Six Hwy.,,Santee,SC,29142,,,,,,,,,No,,,,,,,,,,,,,,,,,,,,,,,,,,,,,
Vicki Havard,,8177,Vicki ,Havard,(336) 944-4157,vickimoon99@gmail.com,,,115 Oak Hollow Drive,,Santee,SC,29142,,,,,,,,,Yes,,,,,,,,,,,,,,,,,,,,,,,,,,,,,
Vicki Holmes,,3297,,,8033477690,,,,800 four holes rd,,Cameron,SC,29030,,,,,,,,,No,,,,,,,,,,,,,,,,,,,,,,,,,,,,,
Vickie Fanning,,4382,Vickie,Fanning,(803) 533-1377,,,,206 todd creek rd ,,Nesses ,SC,29107,,,,,,,,,No,,,,,,,,,,,,,,,,,,,,,,,,,,,,,
Vickie Strock,,1763,Vickie,Strock,8035358568,,,,151 Preachers Path,,Santee,SC,29142,,,,,,,,,No,,,,,,,,,,,,,,,,,,,,,,,,,,,,,
Victor Gilliard,,2488,,,8037599363,,,,947 Santee River Rd,,Santee,SC,29142,,,,,,,,,No,,,,,,,,,,,,,,,,,,,,,,,,,,,,,
Victor Pena,,2452,,,5057056866,,,,555 Barkley St,,Elloree,SC,29047,,,,,,,,,No,,,,,,,,,,,,,,,,,,,,,,,,,,,,,
Victor Thompson,,1542,,,8432965900,,,,355 Legend Ct,,Santee,SC,,,,,,,,,,No,,,,,,,,,,,,,,,,,,,,,,,,,,,,,
Victor Torres,,8477,Victor,Torres,(854) 529-5273,torresfamily1822@yahoo.com,,,673 Perch Ln,,Santee,SC,29142,,,,,,,,,Yes,,,,,,,,,,,,,,,,,,,,,,,,,,,,,
Victoria Evans,,1610,,,8039749036,,,,134 Lipstick Ln.,,Santee,SC,29142,,,,,,,,,No,,,,,,,,,,,,,,,,,,,,,,,,,,,,,
Victoria Gonzalez,,4988,,,8033784226,,,,7018 Old Number Six Highway,,Elloree,,29047,,,,,,,,,No,,,,,,,,,,,,,,,,,,,,,,,,,,,,,
Victoria Jackson,,1144,Victoria,Jackson,8038291657,,,,920 Laura Street,,Bowman,SC,29018,,,,,,,,,No,,,,,,,,,,,,,,,,,,,,,,,,,,,,,
Victoria McCord,,2212,,,8036647997,,,,107 Splitrail Ave,,Santee,SC,29142,,,,,,,,,No,,,,,,,,,,,,,,,,,,,,,,,,,,,,,
Victoria Tucker,,4558,,,8035969343,,,,107 Splitrail ave,,Santee,SC,,,,,,,,,,No,,,,,,,,,,,,,,,,,,,,,,,,,,,,,
Victoria Uranga,,7866,Victoria,Uranga,(843) 714-4797,laurenpelloni@gmail.com,,,403 Santee Drive,,Santee,SC,29142,,,,,,,"#fiberCustomer, #residential",,Yes,,,,,,,,,,,,,,,,,,,,,,,,,,,,,
Victoria Valdivia,,6235,Victoria,Valdivia,(336) 613-6278,,,,208 3rd Street,,Santee,SC,29142,,,,,,,"#fiberCustomer, #residential",,Yes,,,,,,,,,,,,,,,,,,,,,,,,,,,,,
Victoria Valvivia,,5309,Victoria,Valvivia,3366136278,,,,208 third street,,Santee,SC,29142,,,,,,,,,No,,,,,,,,,,,,,,,,,,,,,,,,,,,,,
Victoria Watkins,,6071,Victoria,Watkins,(843) 934-8519,,,,1101 Avinger Drive,,Vance,SC,29142,,,,,,,,,Yes,,,,,,,,,,,,,,,,,,,,,,,,,,,,,
Victoria Williams,,8660,Victoria,Williams,(803) 971-1452,vicky_vsw@yahoo.com,,,175 William Clark Blvd,,Santee,South Carolina,29142-9507,,,,,,,,,Yes,,,,,,,,,,,,,,,,,,,,,,,,,,,,,
Victory Tabernacle Paw,,8650,Pastor ,Buttler,(803) 535-6030,,,,680 Broughton St,,Orangeburg,SC,29115,,,,,,,,,Yes,,,,,,,,,,,,,,,,,,,,,,,,,,,,,
Vikki Wright,,3706,,,,,,,192 Sweetbay Lane,,Santee,SC,29142,,,,,,,,,No,,,,,,,,,,,,,,,,,,,,,,,,,,,,,
Villa Partners,,6318,Delaine,Clark,(803) 682-3152,,,,PO Box 36,,Santee,SC,29142,,,,,,,,,Yes,,,,,,,,,,,,,,,,,,,,,,,,,,,,,
Vincent Johnson,,2891,,,8033784188,,,,551 One Oak Ln,,Bowman,SC,29018,,,,,,,,,No,,,,,,,,,,,,,,,,,,,,,,,,,,,,,
Vinu Josaphe,,7908,Vinu,Joseph,(803) 614-4271,,,,121 Lakeland Circle,C8,Santee,SC,29142,,,,,,,,,Yes,,,,,,,,,,,,,,,,,,,,,,,,,,,,,
Vinu Joseph,,7909,Vinu,Joseph,(803) 614-4271,,,,121 Lakeland Circle,C8,Santee,SC,29142,,,,,,,,,Yes,,,,,,,,,,,,,,,,,,,,,,,,,,,,,
Vinzer Backmon,,4624,,,8036148892,,,,311 Weathers Street,,Bowman,SC,29018,,,,,,,,,No,,,,,,,,,,,,,,,,,,,,,,,,,,,,,
Viola Glover,,3174,,,8038379771,,,,310 Ann St,,Bowman,SC,29018,,,,,,,,,No,,,,,,,,,,,,,,,,,,,,,,,,,,,,,
Virgil Templeton,,1741,,,8035362204,,,,3993 Cameron Rd,,Orangeburg,SC,29115,,,,,,,,,No,,,,,,,,,,,,,,,,,,,,,,,,,,,,,
Virginia Houser,,2743,,,8037076915,,,,4856 Charleston Hwy,,Rowesville,SC,29133,,,,,,,,,No,,,,,,,,,,,,,,,,,,,,,,,,,,,,,
Virginia Martin,,1824,,,8034963616,,,,2293 Toney Bay Rd,,Holly Hill ,SC,,,,,,,,,,No,,,,,,,,,,,,,,,,,,,,,,,,,,,,,
Virginia Mitchell,,5742,,,8037472322,,,,4773 Heritage Hwy,,Bamberg,SC,29003,,,,,,,,,No,,,,,,,,,,,,,,,,,,,,,,,,,,,,,
Virginia Regan,,336,,,8034960177,,,,710 Rock Hill Rd     ,,Vance,SC,29163,,,,,,,,,No,,,,,,,,,,,,,,,,,,,,,,,,,,,,,
Vishal Patel,,2798,,,8034968211,,,,721 Lakeland Circle ,Apartment A3,Santee,SC,29142,,,,,,,,,No,,,,,,,,,,,,,,,,,,,,,,,,,,,,,
Vishnubhai Patel,,1929,Vishnubhai,Patel,(478) 290-5525,,,,135 Wateree Dr ,,Santee,SC,,,,,,,,"#fiberCustomer, #residential",,No,,,,,,,,,,,,,,,,,,,,,,,,,,,,,
Visi-one Inc,,6049,Visi-one,Inc,(978) 421-7425,hazma@visioneusa.com,,Business Address,Visi-One Inc,,St. Matthews,SC,29118,,,,,,,,,Yes,,,,,,,,,,,,,,,,,,,,,,,,,,,,,
Vita Inabinette,,4256,,,8036145778,,,,238 Crossing Circle,,Orangeburg,SC,29115,,,,,,,,,No,,,,,,,,,,,,,,,,,,,,,,,,,,,,,
Vivian Felder,,4320,,,8038544339,,,,362 Hampshire Ct,,Santee,SC,29142,,,,,,,,,No,,,,,,,,,,,,,,,,,,,,,,,,,,,,,
Vox Communications,,1190,,,8667008322,,,,5955 T G Lee Blvd,,Orlando,FL,32822,,,,,,,,,No,,,,,,,,,,,,,,,,,,,,,,,,,,,,,
Vox Distribution,,8585,Vox,Distribution,(843) 456-8182,voxdistributionllc@gmail.com,,,9045 Old Number Six Hwy,,Santee,South Carolina,29142,,,,,,,,,Yes,,,,,,,,,,,,,,,,,,,,,,,,,,,,,
Vu Luong,,8618,Vu ,Luong,(571) 526-1111,lamvuluong@yahoo.com,,,129 Birdie Ct,,Santee,South Carolina,29142-9496,,,,,,,,,Yes,,,,,,,,,,,,,,,,,,,,,,,,,,,,,
W & B Enterprises,,249,W,& B Enterprises,(803) 531-1018,,,,315 Prosperity Drive,,Orangeburg,SC,29115,,,,,,,,,No,,,,,,,,,,,,,,,,,,,,,,,,,,,,,
W Jackson West,,3127,,,,,,,7310 charleston Hwy,P O Box 687,Bowman,SC,29018,,,,,,,,,No,,,,,,,,,,,,,,,,,,,,,,,,,,,,,
W Lee Flowers,,7888,Rich,Little,(828) 725-4808,rich.little@alexlee.com,,,9092 Old Number Six Highway,,Santee,SC,29142,,,,,,,,,Yes,,,,,,,,,,,,,,,,,,,,,,,,,,,,,
W Scott Palmer Law Office,,509,Juanita,Riggins,(803) 854-4417,juanita@santeeattorney.com,,,PO Box 722 ,,Santee,SC,29142,,,,,,,,,No,,,,,,,,,,,,,,,,,,,,,,,,,,,,,
W. Jackson West,,945,,,8038293237,,,,7310 Charleston Hwy,,Bowman,SC,29018,,,,,,,,,No,,,,,,,,,,,,,,,,,,,,,,,,,,,,,
W.A Mcalhaney,,4606,,,8035341175,,,,222 Partrige Road,,Orangeburg,SC,29118,,,,,,,,,No,,,,,,,,,,,,,,,,,,,,,,,,,,,,,
W.O. Brodie CPA. PA,,5759,,,,,,, PO Box 584,,,SC,,,,,,,,,,No,,,,,,,,,,,,,,,,,,,,,,,,,,,,,
W4 Properties SC LLC,,7857,Robert,Waring,(843) 926-8090,,,,127 Ballard Lane,,Santee,SC,29142,,,,,,,,,Yes,,,,,,,,,,,,,,,,,,,,,,,,,,,,,
Wactor & Associates,,250,Wactor,& Associates,8035317087,,,,391 PerryClear Drive,,Orangeburg ,SC,29115,,,,,,,,,No,,,,,,,,,,,,,,,,,,,,,,,,,,,,,
Waddell and Reed,,251,,,,,,,1893 St Matthews Rd,,Orangeburg,SC,29118,,,,,,,,,No,,,,,,,,,,,,,,,,,,,,,,,,,,,,,
Wade Ballew,,4223,,,8033783147,,,,204 Neeses Hwy,,Orangeburg,SC,29115,,,,,,,,,No,,,,,,,,,,,,,,,,,,,,,,,,,,,,,
Wadell Brown,,4925,,,8037472867,,,,133 November Road,,Santee,SC,29142,,,,,,,,,No,,,,,,,,,,,,,,,,,,,,,,,,,,,,,
Wadell Brown,,1108,,,8038544539,,,,131 november rd,,Santee,SC,29142,,,,,,,,,No,,,,,,,,,,,,,,,,,,,,,,,,,,,,,
Wadon LLC,,6347,Don,Jordan,(530) 682-0302,Don@djcwinters.com,,,367 Green Street,,Santee,SC,29142,,,,,,,"#fiberCustomer, #residential",,Yes,,,,,,,,,,,,,,,,,,,,,,,,,,,,,
Waggoneers Trucking,,3835,,,8035154280,,,,2289 Homestead Rd,,Bowman,SC,29018,,,,,,,,,No,,,,,,,,,,,,,,,,,,,,,,,,,,,,,
Walker Industries,,4017,,,9056803749,,,,700 Prosperity Drive,,Orangeburg,SC,,,,,,,,,,No,,,,,,,,,,,,,,,,,,,,,,,,,,,,,
Walter Bowditch,,1403,,,8038544030,,,,98 Saluda Dr,,Santee,SC,29142,,,,,,,"#fiberCustomer, #residential",,No,,,,,,,,,,,,,,,,,,,,,,,,,,,,,
Walter Clark,,299,,,8034927592,,,,145 Pineridge Road,,Eutawville,SC,29048,,,,,,,,,No,,,,,,,,,,,,,,,,,,,,,,,,,,,,,
Walter Dantzler,,725,Walter,Dantzler,8034963237,,,,208 Shasta Lane,,Santee,SC,,,,,,,,,,No,,,,,,,,,,,,,,,,,,,,,,,,,,,,,
Walter Holbrooks,,2162,Walter,Holbrooks,8038543376,,,,10015 Marion Drive,,Santee,SC,29142,,,,,,,,,No,,,,,,,,,,,,,,,,,,,,,,,,,,,,,
Walter Olson,,4291,,,3524271674,,,,193 Ballard Ln,,Santee,SC,29142,,,,,,,,,No,,,,,,,,,,,,,,,,,,,,,,,,,,,,,
Walter Shaw,,935,,,8038543658,,,,411 Barcelona Dr.,,Santee,SC,29142,,,,,,,,,No,,,,,,,,,,,,,,,,,,,,,,,,,,,,,
Walter Zeigler,,1812,,,8038973312,,,,256 Horse Pond Road,,Elloree,SC,29047,,,,,,,,,No,,,,,,,,,,,,,,,,,,,,,,,,,,,,,
Wanda Brown,,3196,,,8036823104,,,,1784 Rowesville Rd,,Orangeburg,SC,29115,,,,,,,,,No,,,,,,,,,,,,,,,,,,,,,,,,,,,,,
Wanda Frazier,,5462,,,8033083060,,,,920 Hampton Street,,Elloree,SC,29118,,,,,,,,,No,,,,,,,,,,,,,,,,,,,,,,,,,,,,,
Wanda Garner,,1387,,,8038291866,,,,442 Dibble St,,Bowman,SC,29018,,,,,,,,,No,,,,,,,,,,,,,,,,,,,,,,,,,,,,,
Wanda Little,,4901,,,8035969209,,,,3559 Neeses Highway,,Neeses,SC,29107,,,,,,,,,No,,,,,,,,,,,,,,,,,,,,,,,,,,,,,
Wanda Mintz,,3704,,,8035964134,,,,637 Ellis Ave,,Orangeburg,SC,29115,,,,,,,,,No,,,,,,,,,,,,,,,,,,,,,,,,,,,,,
Wanda Peagler,,2089,Wanda,Peagler,(803) 854-3158,,,,126 Green St,,Santee,SC,29142,,,,,,,"#fiberCustomer, #residential",,No,,,,,,,,,,,,,,,,,,,,,,,,,,,,,
Wanda Rauch,,3076,,,8037471925,,,,343 LandsDown Rd,,Bowman,SC,29018,,,,,,,,,No,,,,,,,,,,,,,,,,,,,,,,,,,,,,,
Wanda Rollison,,2001,Wanda,Rollison,8038544650,,,,120 Cooper Dr,,Santee,SC,29142,,,,,,,"#fiberCustomer, #residential",,No,,,,,,,,,,,,,,,,,,,,,,,,,,,,,
Wanda Summers,,1033,,,8038974617,,,,168 woodcock rd,,Elloree,SC,29047,,,,,,,,,No,,,,,,,,,,,,,,,,,,,,,,,,,,,,,
Wanda Yoakum,,760,Wanda,Yoakum,8435634727,,,,320 Main St,,Reevesville,SC,29471,,,,,,,,,No,,,,,,,,,,,,,,,,,,,,,,,,,,,,,
Wandra Wilborn,,8621,Wandra,Wilborn,(678) 431-0288,wandra.wilborn@att.net,,,30 Andre Michaux Rd,,Santee,South Carolina,29142-8303,,,,,,,,,Yes,,,,,,,,,,,,,,,,,,,,,,,,,,,,,
Wang Lin,,1678,,,9175173328,,,,8909 Old Number Six Hwy,,Santee,SC,,,,,,,,,,No,,,,,,,,,,,,,,,,,,,,,,,,,,,,,
Wannamaker Agency,,3510,,,8035345231,,,,1469 Amelia St,,Orangeburg,SC,29115,,,,,,,,,No,,,,,,,,,,,,,,,,,,,,,,,,,,,,,
Wanye Wright ,,856,,,8035359282,,,,Hampton Inn Santee,,Santee,SC,29142,,,,,,,,,No,,,,,,,,,,,,,,,,,,,,,,,,,,,,,
Warner Martin,,3639,,,8035399442,,,,230 Old Orchard Way,,Orangeburg,SC,29115,,,,,,,,,No,,,,,,,,,,,,,,,,,,,,,,,,,,,,,
Warren Bozard,,2401,,,8036642784,,,,602 Gin Bay Road          ,,Cameron ,SC,,,,,,,,,,No,,,,,,,,,,,,,,,,,,,,,,,,,,,,,
Waste Haulers Inc. ,,4296,Angie Reed,.,8035392207,,,,1787 Hillsboro Rd ,,Orangeburg,SC,29115,,,,,,,,,No,,,,,,,,,,,,,,,,,,,,,,,,,,,,,
Waterfall Mountain Properties,,860,,,8038549056,,,,Santee Outlets Suite 3E3,P.O. Box 1568,Santee,SC,29142,,,,,,,,,No,,,,,,,,,,,,,,,,,,,,,,,,,,,,,
WATERWORKS COMPANY LLC,,8043,Nicole,Fazekas,(803) 469-6617,info@waterworkscompany.com,,,1236 Alice Drive,,Sumter,SC,29150,,,,,,,,,Yes,,,,,,,,,,,,,,,,,,,,,,,,,,,,,
Wayne Baxter,,1635,Wayne,Baxter,(803) 854-3320,,,,27 Andre Michaux Rd,P O Box 586,Santee,SC,,,,,,,,,,No,,,,,,,,,,,,,,,,,,,,,,,,,,,,,
Wayne Bruner,,3380,,,8033782957,,,,145 Macedonia Road,,Orangeburg,SC,29115,,,,,,,,,No,,,,,,,,,,,,,,,,,,,,,,,,,,,,,
Wayne Dukes (Farm),,652,,,8435147056,,,,430 Nursery Rd,,Reevesville,SC,29471,,,,,,,,,No,,,,,,,,,,,,,,,,,,,,,,,,,,,,,
Wayne Dukes (Home),,651,Wayne,Dukes (Home),8435147056,,,,151 Dukes Lane,,Reevesville,SC,29471,,,,,,,,,No,,,,,,,,,,,,,,,,,,,,,,,,,,,,,
Wayne H. Dukes Jr.,,1959,Wayne,H. Dukes Jr.,(843) 636-2566,,,,301 Rigby St,,Reeseville,SC,29471,,,,,,,,,No,,,,,,,,,,,,,,,,,,,,,,,,,,,,,
Wayne Holbert,,5399,,,9728419521,,,,116 Cooper Dr ,,Santee,SC,,,,,,,,"#fiberCustomer, #residential",,No,,,,,,,,,,,,,,,,,,,,,,,,,,,,,
Wayne Ingraham,,3662,,,,,,,969 Felderville Road,969 Felderville Road,Ellorree,SC,29047,,,,,,,,,No,,,,,,,,,,,,,,,,,,,,,,,,,,,,,
Wayne Kitts,,5424,Wayne,Kitts,(610) 212-3681,,,,1050 Myrtle Drive,,Santee,SC,,,,,,,,,,No,,,,,,,,,,,,,,,,,,,,,,,,,,,,,
Wayne Osborne,,3947,Wayne,Osborne,(803) 682-4160,,,,1236 Gin Bay Road,,Cameron,SC,29030,,,,,,,,,No,,,,,,,,,,,,,,,,,,,,,,,,,,,,,
Wayne Ross,,3125,,,8035359910,,,,1535 Russell St,,Orangeburg,SC,29115,,,,,,,,,No,,,,,,,,,,,,,,,,,,,,,,,,,,,,,
Wayne Sheider,,394,,,8435633501,,,,6412 Badham Dr.,,Reevesville,SC,29471,,,,,,,,,No,,,,,,,,,,,,,,,,,,,,,,,,,,,,,
Wayne Shiever,,5257,,,8432970802,,,,6412 Bad Ham Rd,,Reevesville,SC,29471,,,,,,,,,No,,,,,,,,,,,,,,,,,,,,,,,,,,,,,
Wayne Smalldrige ,,4721,,,,,,,1225 unia ave,,Orangeburg ,SC,29115,,,,,,,,,No,,,,,,,,,,,,,,,,,,,,,,,,,,,,,
Wayne Wells,,6312,Wayne,Wells,(803) 531-1294,,,,1127 Putter Path Northwest,,Orangeburg,SC,29118,,,,,,,,,Yes,,,,,,,,,,,,,,,,,,,,,,,,,,,,,
Wayne Young,,2092,Wayne,Young,(803) 682-0644,,,,359 Green St,,Santee,SC,29142,,,,,,,"#fiberCustomer, #residential",,No,,,,,,,,,,,,,,,,,,,,,,,,,,,,,
Waypoint Recovery Center,,6116,Brent,Sessions,(912) 271-5438,,,,499 Wild Hearts Road,,Cameron,SC,29030,,,,,,,,,Yes,,,,,,,,,,,,,,,,,,,,,,,,,,,,,
Weathers Farms,,749,,,8038292558,,,,358 Dairy Ave,,Bowman,SC,,,,,,,,,,No,,,,,,,,,,,,,,,,,,,,,,,,,,,,,
Well Of Hope Ministries,,4073,,,8034478202,,,,1425 Russell St,,Orangeburg ,SC,29115,,,,,,,,,No,,,,,,,,,,,,,,,,,,,,,,,,,,,,,
Wendel Herndon,,963,,,8038292518,,,,1022 Dibble Street,,Bowman,SC,29018,,,,,,,,,No,,,,,,,,,,,,,,,,,,,,,,,,,,,,,
Wendell Herndon,,1480,,,8036641453,,,,514 Dibble St.,,Bowman,SC,29018,,,,,,,,,No,,,,,,,,,,,,,,,,,,,,,,,,,,,,,
Wendy Frazier,,3317,,,8435633424,,,,134 Bryant Rd,,Reevesville,SC,29471,,,,,,,,,No,,,,,,,,,,,,,,,,,,,,,,,,,,,,,
Wendy Frazier,,3344,,,,,,,134 Bryant Road,,Reeseville,SC,29471,,,,,,,,,No,,,,,,,,,,,,,,,,,,,,,,,,,,,,,
Wendy Long,,608,,,8037590266,,,,1346 Gemini Dr,,Holly Hill,SC,29059,,,,,,,,,No,,,,,,,,,,,,,,,,,,,,,,,,,,,,,
Wendy Prescott,,5342,,,8034964238,,,,896 Bunch Ford Rd,,Holly Hill,SC,29059,,,,,,,,,No,,,,,,,,,,,,,,,,,,,,,,,,,,,,,
Wennie Mack,,1030,,,8038291416,,,,317 Project Rd,,Bowman,SC,29018,,,,,,,,,No,,,,,,,,,,,,,,,,,,,,,,,,,,,,,
Wes Fleming,,7953,Wes,Fleming,(843) 200-5996,FlemingWes58@gmail.com,,,329 Santee Drive,,Santee,SC,29142,,,,,,,"#fiberCustomer, #residential",,Yes,,,,,,,,,,,,,,,,,,,,,,,,,,,,,
Wes Moricle,,1398,Wes,Moricle,(803) 974-9598,,,,123 Saluda Dr,,Santee ,SC,29142,,,,,,,"#fiberCustomer, #residential",,No,,,,,,,,,,,,,,,,,,,,,,,,,,,,,
Weseley Funchess,,5615,,,8039972081,,,,1879 Delwood Drive,,Orangeburg,SC,29115,,,,,,,,,No,,,,,,,,,,,,,,,,,,,,,,,,,,,,,
Wesley Christian School,,8224,Chris,Clark,(843) 676-5822,,,,2456 Broughton Street,,Orangeburg,SC,29115,,,,,,,,,Yes,,,,,,,,,,,,,,,,,,,,,,,,,,,,,
Wesley Collier,,1957,Wesley,Collier,(803) 496-4416,,,,3740 Homestead Rd,,Bowman,,,,,,,,,,,No,,,,,,,,,,,,,,,,,,,,,,,,,,,,,
Wesley Cook,,1440,,,8039740079,,,,149 Wood Duck Ln.,,Eutawville,SC,29048,,,,,,,,,No,,,,,,,,,,,,,,,,,,,,,,,,,,,,,
Wesley Johnson ,,5846,Wesley,Johnson ,8033003228,,,,194 Old Jack Road,,Hilda,SC,29812,,,,,,,,,No,,,,,,,,,,,,,,,,,,,,,,,,,,,,,
Wesley Williams,,2290,,,8039749278,,,,1060 Myrtle Dr.,,Santee,SC,29142,,,,,,,,,No,,,,,,,,,,,,,,,,,,,,,,,,,,,,,
Westley Cook,,3406,,,8039711205,,,,149 wood duck lane,,Eutawville ,SC,29048,,,,,,,,,No,,,,,,,,,,,,,,,,,,,,,,,,,,,,,
Westover Appt.,,253,,,,,,,PO Box 1184,,Orangeburg,SC,29116,,,,,,,,,No,,,,,,,,,,,,,,,,,,,,,,,,,,,,,
Weyland Burns,,3868,,,8039376594,,,,3095 Jackson Dr,,,SC,,,,,,,,,,No,,,,,,,,,,,,,,,,,,,,,,,,,,,,,
Weyland Burns,,4567,,,8039376594,,,,3093 Jackson Drive,,Orangeburg,SC,29118,,,,,,,,,No,,,,,,,,,,,,,,,,,,,,,,,,,,,,,
Whimsey Gift Shop,,2734,Whimsey,Gift Shop,(803) 854-4466,,,,P O Box 99,8920 Old Number six HWY,Santee,SC,29142,,,,,,,,,No,,,,,,,,,,,,,,,,,,,,,,,,,,,,,
Whitman Mold,,1839,Randy,Carrigg,8035331949,,,,4336 Bamberg Road ,,Cope,SC,29038,,,,,,,,,No,,,,,,,,,,,,,,,,,,,,,,,,,,,,,
Whitney Baker,,5527,,,8039287566,,,,401 Yellow Jasmine,,Orangeburg,SC,29118,,,,,,,,,No,,,,,,,,,,,,,,,,,,,,,,,,,,,,,
Whitten Inn,,1600,Whitten,Inn,(803) 854-2191,,,,123 Mall St,,Santee,SC,29142,,,,,,,,,No,,,,,,,,,,,,,,,,,,,,,,,,,,,,,
Wholesale Carrier Services,,5119,,,,,,, Inc,,,SC,,,,,,,,,,No,,,,,,,,,,,,,,,,,,,,,,,,,,,,,
Wightman United Methodist Church,,1142,Wightman,United Methodist Church,8038292891,,,,7215 Charleston Hwy,,Bowman,SC,29018,,,,,,,,,No,,,,,,,,,,,,,,,,,,,,,,,,,,,,,
Wilber Oliver,,4797,,,8035966342,,,,1455 Goff Avenue,,Orangeburg ,SC,29115,,,,,,,,,No,,,,,,,,,,,,,,,,,,,,,,,,,,,,,
Wilbur Austin,,2451,,,8034965077,,,,555 Banister St,,Holly Hill,SC,29059,,,,,,,,,No,,,,,,,,,,,,,,,,,,,,,,,,,,,,,
Wilbur Oliver,,3815,,,8035391599,,,,1455 Goff Avenue,,Orangeburg,SC,29115,,,,,,,,,No,,,,,,,,,,,,,,,,,,,,,,,,,,,,,
Wilbur Oliver,,3818,,,,,,,1455 goff ave,,Orangeburg,SC,,,,,,,,,,No,,,,,,,,,,,,,,,,,,,,,,,,,,,,,
Wilhemena McMillan,,3397,,,8036642173,,,,2696 magnolia st,,Orangeburg,SC,29115,,,,,,,,,No,,,,,,,,,,,,,,,,,,,,,,,,,,,,,
Wilhemina Pinkston,,3705,,,,,,,1191 Glenwood Drive,,Orangeburg,SC,29115,,,,,,,,,No,,,,,,,,,,,,,,,,,,,,,,,,,,,,,
Will Martin ,,4350,,,8032450659,,,,7009 Charleston-Augusta Rd,,Bamberg,SC,29003,,,,,,,,,No,,,,,,,,,,,,,,,,,,,,,,,,,,,,,
Wille Snell,,3412,,,8038232166,,,,91 Oak View Rd,,Cameron,SC,29030,,,,,,,,,No,,,,,,,,,,,,,,,,,,,,,,,,,,,,,
Willette Sheard,,3773,,,8039740734,,,,105 Citation Drive,,Elloree,,29047,,,,,,,,,No,,,,,,,,,,,,,,,,,,,,,,,,,,,,,
Willia Breaker,,3191,,,8433279127,,,,129 Bryant Rd,,Reevesville,SC,29471,,,,,,,,,No,,,,,,,,,,,,,,,,,,,,,,,,,,,,,
Willia Mae Brigman,,5689,,,8039749663,,,,449 Bay Street,,Elloree,SC,29047,,,,,,,,,No,,,,,,,,,,,,,,,,,,,,,,,,,,,,,
Willia Wright,,1090,Willia,Wright,(803) 974-9761,,,,5052 Five Chop Road,,Cameron,SC,,,,,,,,,,No,,,,,,,,,,,,,,,,,,,,,,,,,,,,,
William & Joyce Mccreight,,4274,,,8432709824,,,,469 Santee Dr,,Santee,SC,29142,,,,,,,"#fiberCustomer, #residential",,No,,,,,,,,,,,,,,,,,,,,,,,,,,,,,
William Abrecht,,343,William,Abrecht,8038542089,,,,2229 Tee Vee Rd.,,Elloree ,SC,29047,,,,,,,,,No,,,,,,,,,,,,,,,,,,,,,,,,,,,,,
William Bookhart III,,611,,,8033081543,,,,336 Catfish Road,,Elloree,SC,29047,,,,,,,,,No,,,,,,,,,,,,,,,,,,,,,,,,,,,,,
William Brandenburg,,981,William,Brandenburg,(803) 360-7705,,,,402 East Barkley Street,,Elloree,SC,29047,,,,,,,,,No,,,,,,,,,,,,,,,,,,,,,,,,,,,,,
William Bull,,667,,,8038542417,,,,240 Planters Trace Rd,,Santee,SC,29142,,,,,,,,,No,,,,,,,,,,,,,,,,,,,,,,,,,,,,,
William Carter,,2980,,,8034963492,,,,165 Four Horse Ln,,Vance,SC,29163,,,,,,,,,No,,,,,,,,,,,,,,,,,,,,,,,,,,,,,
William Clark,,2610,,,8033475497,,,,114 Manisha Ct,,Orangeburg,SC,29118,,,,,,,,,No,,,,,,,,,,,,,,,,,,,,,,,,,,,,,
William Collins,,1453,,,8436184994,,,,1103 Nates Store Rd.,,Elloree,,29047,,,,,,,,,No,,,,,,,,,,,,,,,,,,,,,,,,,,,,,
William Comer,,1086,,,8436932352,,,,P O Box 944,24 Andre Michaux,Santee,SC,29142,,,,,,,,,No,,,,,,,,,,,,,,,,,,,,,,,,,,,,,
William Cooper,,2367,,,8037473311,,,,501 Tradewinds St,,Orangeburg,SC,29115,,,,,,,,,No,,,,,,,,,,,,,,,,,,,,,,,,,,,,,
William Cornelius,,5977,William,Cornelius,(803) 974-1209,williamcornelius@yahoo.com,,,415 4th Street,,Santee,SC,29142,,,,,,,"#fiberCustomer, #residential",,Yes,,,,,,,,,,,,,,,,,,,,,,,,,,,,,
William D. Bryant & Assoc.,,254,William,D. Bryant & Assoc.,(803) 533-1671,,,,776 John C. Calhoun Dr.,,Orangeburg,SC,29115,,,,,,,,,No,,,,,,,,,,,,,,,,,,,,,,,,,,,,,
William David Zorn,,5717,William,David Zorn,(803) 536-6387,,,,325 Banning St,,Cope,SC,29038,,,,,,,,,No,,,,,,,,,,,,,,,,,,,,,,,,,,,,,
William Davis ,,4681,William,Davis ,(803) 854-3121,,,,142 Shuler St ,,Santee ,SC,29142,,,,,,,"#residential, #fiberCustomer",,No,,,,,,,,,,,,,,,,,,,,,,,,,,,,,
William Davis (121 oak hollow),,8308,William,Davis,(803) 759-5926,no1raiderfan001@gmail.com,,,121 Oak Hollow Dr,,Santee,South Carolina,29142-9409,,,,,,,,,Yes,,,,,,,,,,,,,,,,,,,,,,,,,,,,,
William Delk,,8371,William,Delk,(404) 213-3008,,,,5326 Charleston Hwy,,Bowman,South Carolina,29018-8732,,,,,,,,,Yes,,,,,,,,,,,,,,,,,,,,,,,,,,,,,
William Demers,,5975,William,Demers,(203) 510-4524,,,,30 Thunder Circle,,Santee,SC,29142,,,,,,,"#fiberCustomer, #residential",,Yes,,,,,,,,,,,,,,,,,,,,,,,,,,,,,
William Dunn,,5201,,,8032905504,,,,406 Sweet Tea Hollow Rd,,Cameron,SC,29030,,,,,,,,,No,,,,,,,,,,,,,,,,,,,,,,,,,,,,,
William Fricky,,5761,,,8035966406,,,,5807 Charleston Hwy,,Bowman,SC,29018,,,,,,,,,No,,,,,,,,,,,,,,,,,,,,,,,,,,,,,
William Harrison,,7823,William,Harrison,(678) 842-8425,,,,201 Harley Road,,Reevesville,SC,29471,,,,,,,,,Yes,,,,,,,,,,,,,,,,,,,,,,,,,,,,,
William Haynie,,1935,William,Haynie,8032255764,,,,Number 1 Thomas Walter Circle,PO Box 483,Santee,SC,SC,,,,,,,,,No,,,,,,,,,,,,,,,,,,,,,,,,,,,,,
WIlliam Herndon,,5541,WIlliam,Herndon,8436149987,,,,436 Dibble Street,,Bowman,SC,29018,,,,,,,,,No,,,,,,,,,,,,,,,,,,,,,,,,,,,,,
William Hilliard,,2464,,,8033788004,,,,1485 Country Colony Drive,,Orangeburg,SC,29115,,,,,,,,,No,,,,,,,,,,,,,,,,,,,,,,,,,,,,,
William Jacques,,4162,,,8037471240,,,,154 Shadey Breeze Lane,,Neeses,SC,29107,,,,,,,,,No,,,,,,,,,,,,,,,,,,,,,,,,,,,,,
William Jacques,,3336,,,9802979307,,,,154 Shadey Breeze Lane,,Neeses,SC,29107,,,,,,,,,No,,,,,,,,,,,,,,,,,,,,,,,,,,,,,
William James,,5349,William,James,8432701575,,,,420 Santee dr,,Santee,SC,,,,,,,,"#fiberCustomer, #residential",,No,,,,,,,,,,,,,,,,,,,,,,,,,,,,,
William Jameson,,1807,William,Jameson,(803) 707-0209,,,,398 Barkley St,,Elloree,SC,,,,,,,,,,No,,,,,,,,,,,,,,,,,,,,,,,,,,,,,
William Ketcherside,,2618,,,8036824009,,,,6946 Old Number Six Hwy,,Elloree,SC,29047,,,,,,,,,No,,,,,,,,,,,,,,,,,,,,,,,,,,,,,
William Livingston,,1179,William,Livingston,8038543449,,,,1105 Moultrie Drive,,Santee,SC,29,,,,,,,"#fiberCustomer, #residential",,No,,,,,,,,,,,,,,,,,,,,,,,,,,,,,
William Lyons,,3095,William,Lyons,(803) 897-3058,,,,4609 cleveland st,,Elloree,SC,29047,,,,,,,,,No,,,,,,,,,,,,,,,,,,,,,,,,,,,,,
William Martin,,1604,,,8035399442,,,,230 old orchard way,,Orangeburg,SC,29115,,,,,,,,,No,,,,,,,,,,,,,,,,,,,,,,,,,,,,,
William Martin (Santee),,8145,William,Martin,(803) 517-8101,wgmartin1948@gmail.com,,,164 William Clark Boulevard,,Santee,SC,29142,,,,,,,,,Yes,,,,,,,,,,,,,,,,,,,,,,,,,,,,,
William McCreight,,5637,William,McCreight,(843) 259-0009,,,,469 Santee Drive,,Santee,SC,29142,,,,,,,"#fiberCustomer, #residential",,No,,,,,,,,,,,,,,,,,,,,,,,,,,,,,
William Metts Engineering,,3645,William,Metts Engineering,(803) 274-4243,,,,121 Bridge St,,Orangeburg,SC,29432,,,,,,,,,No,,,,,,,,,,,,,,,,,,,,,,,,,,,,,
William Milligan,,630,,,8038542254,,,,109 Wateree Dr,,Santee,SC,29142,,,,,,,"#fiberCustomer, #residential",,No,,,,,,,,,,,,,,,,,,,,,,,,,,,,,
William Moore,,6172,William,Moore,(803) 662-4212,,,,2407 Old State Road,,Cameron ,SC,,,,,,,,,,Yes,,,,,,,,,,,,,,,,,,,,,,,,,,,,,
William Moorer,,4912,William,Moorer,8033784169,,,,4582 McCords Ferry Road ,,Elloree,SC,,Penny,Moorer,(843) 701-2214,,,,,,No,,,,,,,,,,,,,,,,,,,,,,,,,,,,,
William Myers,,6331,William,Myers,(843) 425-3871,,,,221 Cooper Drive,,Santee,SC,29142,,,,,,,"#fiberCustomer, #residential",,Yes,,,,,,,,,,,,,,,,,,,,,,,,,,,,,
William Myers,,5089,,,8032906788,,,,670 Plantation Drive,,Santee,SC,29142,,,,,,,,,No,,,,,,,,,,,,,,,,,,,,,,,,,,,,,
William Pierce,,339,,,8036141156,,,,152 Brie St.,,Bowman,SC,29018,,,,,,,,,No,,,,,,,,,,,,,,,,,,,,,,,,,,,,,
William Rentz,,8637,William,Rentz,(803) 682-7696,rentzwj0524@gmail.com,,,6 Thomas Walter Cir,,Santee,South Carolina,29142-8305,,,,,,,,,Yes,,,,,,,,,,,,,,,,,,,,,,,,,,,,,
William Richardson,,1805,,,8033081502,,,,320 Inca Ct,,Santee,SC,29142,,,,,,,,,No,,,,,,,,,,,,,,,,,,,,,,,,,,,,,
William Sanford,,3298,William,Sanford,8035348329,,,,3034 Von Oshen Dr,,Orangeburg,South Carolina,29118-2051,,,,,,,,,No,,,,,,,,,,,,,,,,,,,,,,,,,,,,,
William Shorthill,,1914,,,8038544497,,,,401 Fairway Ln,,Santee,SC,,,,,,,,,,No,,,,,,,,,,,,,,,,,,,,,,,,,,,,,
William Smith,,2658,William,Smith,8036644491,,,home,164 Sailfish Ct.,,Santee,S.C.,29142,Lauren,Shuler,(803) 974-0417,,,,,,No,,,,,,,,,,,,,,,,,,,,,,,,,,,,,
William Stout,,3214,,,8436369162,,,,6314 Badham Dr,,Reevesville,SC,29471,,,,,,,,,No,,,,,,,,,,,,,,,,,,,,,,,,,,,,,
William Sullivan,,4395,,,8036149022,,,,120 Hunters Path Road,,Santee,SC,29142,,,,,,,,,No,,,,,,,,,,,,,,,,,,,,,,,,,,,,,
William Tessier,,5972,William,Tessier,(803) 456-0931,,,,153 Kiefer Court,,Orangeburg,SC,29115,,,,,,,,,Yes,,,,,,,,,,,,,,,,,,,,,,,,,,,,,
William Vaden,,3927,William,Vaden,8433121172,,,,1021 Myrtle Dr,,Santee,SC,29142,,,,,,,,,No,,,,,,,,,,,,,,,,,,,,,,,,,,,,,
William Walston,,3349,,,8034782182,,,,1162 Waters Edge Dr,,Summerton ,SC,29148,,,,,,,,,No,,,,,,,,,,,,,,,,,,,,,,,,,,,,,
William Wright,,1949,,,8036821406,,,,215 Second St,,Santee,SC,29142,,,,,,,,,No,,,,,,,,,,,,,,,,,,,,,,,,,,,,,
William Young,,5458,William,Young,(843) 296-3124,,,,312 Broad River Drive,,Santee,SC,29142,,,,,,,"#fiberCustomer, #residential",,No,,,,,,,,,,,,,,,,,,,,,,,,,,,,,
"Williams Accounting & Tax Services, LLC",,8446,Angie,Williams,(803) 854-9090,angiewilliamsaccting@gmail.com,,,130 Plaza Circle,,Santee,SC,29142,Angie,Williams,(803) 535-2684,angiewilliamsaccting@gmail.com,,,,,Yes,,,,,,,,,,,,,,,,,,,,,,,,,,,,,
Williams and Williams,,1802,David,Williams,8035345218,,,,PO Box 1084,1281 Russell St,Orangeburg,SC,29116,,,,,,,,,No,,,,,,,,,,,,,,,,,,,,,,,,,,,,,
Williams Buidling Supply,,5796,,,8435622511,,,,143 Supply Road,,Williams ,SC,29493,,,,,,,,,No,,,,,,,,,,,,,,,,,,,,,,,,,,,,,
Williams Chapel,,255,,,8035360600,,,,1198 Glover St.,,Orangeburg,SC,29115,,,,,,,,,No,,,,,,,,,,,,,,,,,,,,,,,,,,,,,
Williamson Printing,,993,George,Williamson,(803) 531-4999,,,,1156 Broughton St,,Orangeburg,SC,29115,,,,,,,,,No,,,,,,,,,,,,,,,,,,,,,,,,,,,,,
Willie B. Oliver,,4060,,,8035963566,,,,408 Lawton Road,,Orangeburg,SC,29115,,,,,,,,,No,,,,,,,,,,,,,,,,,,,,,,,,,,,,,
Willie Brown,,8126,Willie,Brown,(843) 345-3702,,,,3 Andre Michaux Road,,Santee,SC,29142,,,,,,,,,Yes,,,,,,,,,,,,,,,,,,,,,,,,,,,,,
Willie Brown - Browns TV,,2638,,,8034966007,,,,447 Tee Vee Rd,,Elloree,SC,29047,,,,,,,,,No,,,,,,,,,,,,,,,,,,,,,,,,,,,,,
Willie Butler,,3108,,,8038602786,,,,1535 Arista Rd,,Bowman,SC,,,,,,,,,,No,,,,,,,,,,,,,,,,,,,,,,,,,,,,,
Willie D Bradley,,3887,,,8035344398,,,,4844 Charleston Hwy,,Rowesville,SC,29133,,,,,,,,,No,,,,,,,,,,,,,,,,,,,,,,,,,,,,,
Willie Dash,,6285,Willie,Dash,(803) 347-3778,,,,104 Kurtfan Ln,,Norway,SC,,,,,,,,,,Yes,,,,,,,,,,,,,,,,,,,,,,,,,,,,,
Willie Harley,,7860,Willie,Harley,(803) 682-4312,,,,206 Martha Heights Lane,,North,SC,29112,,,,,,,,,Yes,,,,,,,,,,,,,,,,,,,,,,,,,,,,,
Willie Haygood,,5896,Willie,Haygood,(803) 682-9078,,,,514 Bowman Branch,,Bowman,SC,29118,,,,,,,,,Yes,,,,,,,,,,,,,,,,,,,,,,,,,,,,,
Willie J. Thompson,,3709,,,,,,,523 Palmetto Parkway,,Orangeburg,SC,2915,,,,,,,,,No,,,,,,,,,,,,,,,,,,,,,,,,,,,,,
Willie McDuffie Jr,,8639,Willie,McDuffie Jr,(803) 931-2877,wwll3x3@yahoo.com,,,641 Perch Ln,,Santee,South Carolina,29142-9525,,,,,,,,,Yes,,,,,,,,,,,,,,,,,,,,,,,,,,,,,
Willie Palmer,,1764,,,8034963705,,,,552 Good Farm Rd,,Vance,SC,,,,,,,,,,No,,,,,,,,,,,,,,,,,,,,,,,,,,,,,
Willie Rogers,,3699,,,,,,,750 Laura Street,,Bowman,SC,29018,,,,,,,,,No,,,,,,,,,,,,,,,,,,,,,,,,,,,,,
Willie Sheard,,3683,,,,,,,1025 TeeVee Road,,,SC,,,,,,,,,,No,,,,,,,,,,,,,,,,,,,,,,,,,,,,,
Willie Ward,,3161,,,8039740808,,,,133 Big Phils Ct,,Santee,SC,29142,,,,,,,,,No,,,,,,,,,,,,,,,,,,,,,,,,,,,,,
Williette Brown,,2568,,,8037599794,,,,141 Slim Jim Rd,,Santee,SC,29142,,,,,,,,,No,,,,,,,,,,,,,,,,,,,,,,,,,,,,,
Willington Lakes,,256,,,8035361611,,,,401 Willington Lakes Ct,,Orangeburg,SC,29115,Shanna,,(732) 627-1037,,,,,,No,,,,,,,,,,,,,,,,,,,,,,,,,,,,,
Willington Lakes ,,4381,,,,,,,401 willing lakes ct,,Orangeburg,SC,29118,,,,,,,,,No,,,,,,,,,,,,,,,,,,,,,,,,,,,,,
Willis Blume Agency,,257,Linda,Blume,(803) 536-2951,,,,1158 Moore Rd.,P.O. Box 509,Orangeburg,SC,29116,Pat,,(803) 378-3423,,,,,,No,,,,,,,,,,,,,,,,,,,,,,,,,,,,,
Willis Robinson,,7986,Willis,Robinson,(843) 801-6386,,,,162 William Clark Boulevard,,Santee,SC,29142,,,,,,,,,Yes,,,,,,,,,,,,,,,,,,,,,,,,,,,,,
Willshire Farms,,329,William,Bull,(803) 854-3323,,,,240 Planters Trace Rd,,Santee,South Carolina,29142-9274,,,,,,,,,No,,,,,,,,,,,,,,,,,,,,,,,,,,,,,
Wilma Oliver,,1926,,,8035859436,,,,211 Cecelia Street,,Santee,SC,29142,,,,,,,,,No,,,,,,,,,,,,,,,,,,,,,,,,,,,,,
Wilson Law Firm - Barnwell,,3476,,,8032457799,,,,29 Allen St,,Barnwell,SC,29812,,,,,,,,,No,,,,,,,,,,,,,,,,,,,,,,,,,,,,,
Wilson Law Group - Bamberg,,3328,Gail,.,8032457799,,,,3056 Railroad Ave,P O Box 1150,Bamberg,SC,29003,,,,,,,,,No,,,,,,,,,,,,,,,,,,,,,,,,,,,,,
Wilton Neeley,,8111,Wilton,Neeley,8437371700,,,,14 Peter Colinson Road,,Santee,SC,29142,,,,,,,,,Yes,,,,,,,,,,,,,,,,,,,,,,,,,,,,,
Windy Barnwell,,6156,Windy,Barnwell,(803) 383-4355,,,,227 Fargo Drive,,Santee,SC,29142,,,,,,,,,Yes,,,,,,,,,,,,,,,,,,,,,,,,,,,,,
Winfield Clark,,4603,Winfield,Clark,(803) 682-4621,,,,1646 Cleveland Street,,Elloree,SC,29047,,,,,,,,,No,,,,,,,,,,,,,,,,,,,,,,,,,,,,,
Winford B. Carter,,2171,Winford,B. Carter,(803) 974-0545,,,,106 Santee Cooper Annex,,Santee,SC,29142,,,,,,,"#fiberCustomer, #residential",,No,,,,,,,,,,,,,,,,,,,,,,,,,,,,,
Wingate Tax Service,,5455,Wingate,Tax Service,8039874402,,,,1530 Wingate St,,,SC,,,,,,,,,,No,,,,,,,,,,,,,,,,,,,,,,,,,,,,,
Winncom Technologies,,1130,,,,,,,30700 Carter Street  Ste A,,,SC,,,,,,,,,,No,,,,,,,,,,,,,,,,,,,,,,,,,,,,,
Winnie Singleton,,4546,,,8039740281,,,,426 Island Rd,,Santee,SC,29142,,,,,,,,,No,,,,,,,,,,,,,,,,,,,,,,,,,,,,,
Winston Rivers Trading Co.,,8243,Winston,Rivers Trading Co.,(803) 571-2668,,,Business,750 Bass Drive,,Santee,SC,29142,,,,,,,,,Yes,,,,,,,,,,,,,,,,,,,,,,,,,,,,,
Winston Walker,,8620,Winston,Walker,(912) 648-2467,,,,621 Plantation Dr,,Santee,South Carolina,29142-9472,,,,,,,,,Yes,,,,,,,,,,,,,,,,,,,,,,,,,,,,,
Wireless Behive,,270,,,4358376933,,,,2000 Sunset Rd,,Lake Point,UT,84074,,,,,,,,,No,,,,,,,,,,,,,,,,,,,,,,,,,,,,,
Wireless Sight Survey,,4819,,,8036824902,,,,494 Camden Rd,,Orangeburg,SC,,,,,,,,,,No,,,,,,,,,,,,,,,,,,,,,,,,,,,,,
Wireless Tech ,,5877,,,,,,,1660 Saint Matthews Rd,,Orangeburg,SC,29118,,,,,,,,,No,,,,,,,,,,,,,,,,,,,,,,,,,,,,,
Wirt Cain ,,3086,Wirt,Cain ,5132935846,,,,121 Birdie Court  ,,Santee   ,SC,29142,,,,,,,,,No,,,,,,,,,,,,,,,,,,,,,,,,,,,,,
Wise Staffing,,4781,,,8039375367,,,,1266 Ridgewood Drive,,Orangeburg,SC,29115,,,,,,,,,No,,,,,,,,,,,,,,,,,,,,,,,,,,,,,
WISP-Router Inc,,272,,,6202317777,,,,1123 S Broadway,,Pittsburg,KS,66762,,,,,,,,,No,,,,,,,,,,,,,,,,,,,,,,,,,,,,,
WLRE Radio,,1112,Chuck,Smith,8033788493,,,,123 Blume Rd,,Elloree,SC,29047,,,,,,,,,No,,,,,,,,,,,,,,,,,,,,,,,,,,,,,
Wolfe Blair,,2303,,,8435608661,,,,285 Ordie road,,St. George,SC,,,,,,,,,,No,,,,,,,,,,,,,,,,,,,,,,,,,,,,,
Wolfe Glass,,1706,,,8035349941,,,,347 John C. Calhoun Dr,,Orangeburg,SC,29115,,,,,,,,,No,,,,,,,,,,,,,,,,,,,,,,,,,,,,,
Wong Lin,,1251,,,9173301136,,,,8909 Old Number Six Hwy,,Santee,SC,29142,,,,,,,,,No,,,,,,,,,,,,,,,,,,,,,,,,,,,,,
WoodCreek Farms Apartments,,4521,WoodCreek,Farms Apartments,8036997100,,,,751 Jacobs Mill Pond Road,,Elgin,SC,29045,,,,,,,,,No,,,,,,,,,,,,,,,,,,,,,,,,,,,,,
Woody Dantzler,,467,Woody,Dantzler,8032068741,,,,2988 Bass Drive         ,,Santee,SC,29142,,,,,,,,,No,,,,,,,,,,,,,,,,,,,,,,,,,,,,,
Woody Duba,,5178,Woody,Duba,(304) 673-5158,,,,125 Cooper Dr ,,Santee,SC,,,,,,,,"#fiberCustomer, #residential",,No,,,,,,,,,,,,,,,,,,,,,,,,,,,,,
Woodys Pawn Shop,,7855,Chan,Holman,(803) 707-3901,,,,898 Russell Street,,Orangeburg,SC,29115,,,,,,,,,Yes,,,,,,,,,,,,,,,,,,,,,,,,,,,,,
WORG,,767,,,8035168400,,,,1675 Chestnut St               ,,Orangeburg,SC,29118,,,,,,,,,No,,,,,,,,,,,,,,,,,,,,,,,,,,,,,
World Acceptance Corp,,7992,World,Acceptance Corp,(888) 543-2000,,,,2739 Cleveland Street,,Elloree,SC,29047,,,,,,,,,Yes,,,,,,,,,,,,,,,,,,,,,,,,,,,,,
World Finance Group,,1973,,,8038972920,,,,2739  Cleveland Street,,Elloree,SC,29147,,,,,,,,,No,,,,,,,,,,,,,,,,,,,,,,,,,,,,,
Wyman,,3354,,,,,,,299 Bonnette Rd,,Orangeburg,SC,29115,,,,,,,,,No,,,,,,,,,,,,,,,,,,,,,,,,,,,,,
Wyman Brown,,286,Wyman,Brown,(803) 854-9474,,,,407 Fourth Street,,Santee,SC,29142,,,,,,,,,No,,,,,,,,,,,,,,,,,,,,,,,,,,,,,
Wyman Murray,,3355,,,8033477298,,,,299 Bonnette Rd,,Orangeburg,SC,29115,,,,,,,,,No,,,,,,,,,,,,,,,,,,,,,,,,,,,,,
Wyndham Resorts,,2992,Ashley,Roberts,(419) 491-8373,aroberts@velocitymsc.com,Velocity,,401 Bass Dr,,Santee,SC,29142,Mark,Laws,(803) 974-9920,mark.laws@wyn.com,General Manager,,,,No,,,,,,,,,,,,,,,,,,,,,,,,,,,,,
Wynn Marlow,,1323,,,,,,,108 Wateree Dr,,Santee,SC,29142,,,,,,,"#fiberCustomer, #residential",,No,,,,,,,,,,,,,,,,,,,,,,,,,,,,,
Wynona Genco,,1095,,,8038542370,,,,#7 Andre Michaux,,Santee,SC,29142,,,,,,,,,No,,,,,,,,,,,,,,,,,,,,,,,,,,,,,
Xavier Jackson,,4752,,,8033083565,,,,139 Golden Leaf  Lane,,Orangeburg,SC,29118,,,,,,,,,No,,,,,,,,,,,,,,,,,,,,,,,,,,,,,
Xavier Johnson,,4804,Xavier,Johnson,8033085301,,,,124 Big Phils Court,,Santee,SC,29142,,,,,,,,,No,,,,,,,,,,,,,,,,,,,,,,,,,,,,,
Xavier Sollier,,5919,Xavier,Sollier,(803) 971-8033,xaviercollier69@gmail.com,,,595 Resort Street,,Santee,SC,29142,,,,,,,,,Yes,,,,,,,,,,,,,,,,,,,,,,,,,,,,,
xpress travel center,,6134,J,D,(865) 809-4166,,,,1935 Old Edisto Drive,,Orangeburg,SC,29115,,,,,,,,,Yes,,,,,,,,,,,,,,,,,,,,,,,,,,,,,
YC Holdings ,,6253,YC,Holdings ,(843) 540-9800,,,,3138 Five Chop,,Orangeburg,SC,29115,,,,,,,,,Yes,,,,,,,,,,,,,,,,,,,,,,,,,,,,,
Yevette Bull,,591,,,8038542417,,,,204 Planters Trace Rd,,Santee,SC,29142,,,,,,,,,No,,,,,,,,,,,,,,,,,,,,,,,,,,,,,
Yilmaz Acikgoc,,699,,,7577537519,,,,115 Ballards Ln,,Santee,SC,29142,,,,,,,,,No,,,,,,,,,,,,,,,,,,,,,,,,,,,,,
Ying Guo,,1103,,,8038973388,,,,530 Barkley St                ,,Elloree,SC,29047,,,,,,,,,No,,,,,,,,,,,,,,,,,,,,,,,,,,,,,
Yolanda Green Hanton,,2175,Yolanda,Green Hanton,(803) 974-0967,,,,151 restwood ct,,Santee,SC,29142,,,,,,,,,No,,,,,,,,,,,,,,,,,,,,,,,,,,,,,
Yolanda Hanton,,7877,Yolanda,Hanton,(803) 974-0967,,,,151 Rexford Court,,Santee,SC,29142,,,,,,,,,Yes,,,,,,,,,,,,,,,,,,,,,,,,,,,,,
Yolanda Jones,,8430,Yolanda,Jones,(843) 534-9696,jones_yolanda11@yahoo.com,,,127 Congaree Ct,,Santee,South Carolina,29142,,,,,,,,,Yes,,,,,,,,,,,,,,,,,,,,,,,,,,,,,
Yolanda Rivers,,1338,,,8038972888,,,,112 Roosevelt,,Elloree,SC,29047,,,,,,,,,No,,,,,,,,,,,,,,,,,,,,,,,,,,,,,
Yolonda Marley,,5427,Yolonda,Marley,8033978037,,,,1649 Tee Vee rd,,Elloree,SC,,,,,,,,,,No,,,,,,,,,,,,,,,,,,,,,,,,,,,,,
Yvone Williams,,3403,,,8038603942,,,,5091 Five Chop Rd,,Cameron,SC,29030,,,,,,,,,No,,,,,,,,,,,,,,,,,,,,,,,,,,,,,
Yvonne Lawton,,893,,,,,,,914 Hampton St,,Elloree,SC,29047,,,,,,,,,No,,,,,,,,,,,,,,,,,,,,,,,,,,,,,
Yvonne Lewis,,2509,Yvonne,Lewis,8038376207,,,,587 baxley Rd,,Bowman,SC,,,,,,,,,,No,,,,,,,,,,,,,,,,,,,,,,,,,,,,,
Yvonne Mack,,371,,,8039740092,,,,671 Bonner ave,,Santee,SC,29142,,,,,,,,,No,,,,,,,,,,,,,,,,,,,,,,,,,,,,,
Yvonne McAhalany,,606,,,8038292498,,,,1215 Flatwoods Rd,,Reevesville,SC,29471,,,,,,,,,No,,,,,,,,,,,,,,,,,,,,,,,,,,,,,
Yvonne Ridenbaugh,,6299,Yvonne,Ridenbaugh,(803) 347-2096,,,,431 Rutland Road,,Neeses,SC,29107,,,,,,,,,Yes,,,,,,,,,,,,,,,,,,,,,,,,,,,,,
Yvonne Riggins,,7871,Yvonne,Riggins,(803) 974-9035,,,,197 Mall Street,,Santee,SC,29142,,,,,,,,,Yes,,,,,,,,,,,,,,,,,,,,,,,,,,,,,
Yvonne Williams,,1699,Yvonne,Williams,8035669529,,,,197 Mall Street,,Santee,SC,29142,,,,,,,,,No,,,,,,,,,,,,,,,,,,,,,,,,,,,,,
Zach Thompson,,8167,Zach,Thompson,(803) 563-3571,zachary0543@yahoo.com,,,116 Pee Dee Drive,,Santee,SC,29142,,,,,,,,,Yes,,,,,,,,,,,,,,,,,,,,,,,,,,,,,
Zachary Hodge,,6016,Zachary,Hodge,(803) 460-5121,zachhodge1990@gmail.com,,,268 Blume Road,,Elloree,SC,29047,,,,,,,,,Yes,,,,,,,,,,,,,,,,,,,,,,,,,,,,,
Zachary Thompson,,5557,,,8035633571,,,,116 Pee Dee Dr,,Santee,SC,29142,,,,,,,,,No,,,,,,,,,,,,,,,,,,,,,,,,,,,,,
Zallie Bennett,,1927,,,8034963141,,,,112 Maybell St,,Holly Hill,SC,,,,,,,,,,No,,,,,,,,,,,,,,,,,,,,,,,,,,,,,
Zaxby's Store # 6289988,,3482,,,8439925025,,,,2572 North Rd,,Orangeburg,SC,29115,,,,,,,,,No,,,,,,,,,,,,,,,,,,,,,,,,,,,,,
Zeigler Cheverolet,,258,Patricia,Zeigler,8036640430,,,,PO Box 1005,3914 Main Hwy,Bamberg,SC,29003,,,,,,,,,No,,,,,,,,,,,,,,,,,,,,,,,,,,,,,
Zenar Jenkins,,3114,,,8034104316,,,,107 Sludd Street,,Santee,SC,29142,,,,,,,,,No,,,,,,,,,,,,,,,,,,,,,,,,,,,,,
Zhen Li,,607,,,8038293939,,,,290 Oliver St,,Bowman,SC,29018,,,,,,,,,No,,,,,,,,,,,,,,,,,,,,,,,,,,,,,
Ziggy’s Motel,,,,,8032452429,,,,2448 Main Hwy,,Bamberg,SC,29003,,,,,,,#Hospitality,,No,,,,,,,,,,,,,,,,,,,,,,,,,,,,,
Zion Hill Inc,,259,,,,,,,838 ZionChurch Rd,,Orangeburg ,SC,29115,,,,,,,,,No,,,,,,,,,,,,,,,,,,,,,,,,,,,,,
Zoe Siegel,,5479,,,8439643874,,,,3r Thomas Walter Circle,,Sante,SC,29142,,,,,,,,,No,,,,,,,,,,,,,,,,,,,,,,,,,,,,,
ZTE (USA) Inc,,4497,,,7704908973,,,,2425 North Central Expressway ,,Richardson,TX,75080,,,,,,,,,No,,,,,,,,,,,,,,,,,,,,,,,,,,,,,
